,KMID,KLEN,KMID2,KUP,KUP2,KLOW,KLOW2,KSFT,KSFT2,OPEN0,HIGH0,LOW0,VWAP0,ROC5,ROC10,ROC20,ROC30,ROC60,MA5,MA10,MA20,MA30,MA60,STD5,STD10,STD20,STD30,STD60,BETA5,BETA10,BETA20,BETA30,BETA60,RSQR5,RSQR10,RSQR20,RSQR30,RSQR60,RESI5,RESI10,RESI20,RESI30,RESI60,MAX5,MAX10,MAX20,MAX30,MAX60,MIN5,MIN10,MIN20,MIN30,MIN60,QTLU5,QTLU10,QTLU20,QTLU30,QTLU60,QTLD5,QTLD10,QTLD20,QTLD30,QTLD60,RANK5,RANK10,RANK20,RANK30,RANK60,RSV5,RSV10,RSV20,RSV30,RSV60,IMAX5,IMAX10,IMAX20,IMAX30,IMAX60,IMIN5,IMIN10,IMIN20,IMIN30,IMIN60,IMXD5,IMXD10,IMXD20,IMXD30,IMXD60,CORR5,CORR10,CORR20,CORR30,CORR60,CORD5,CORD10,CORD20,CORD30,CORD60,CNTP5,CNTP10,CNTP20,CNTP30,CNTP60,CNTN5,CNTN10,CNTN20,CNTN30,CNTN60,CNTD5,CNTD10,CNTD20,CNTD30,CNTD60,SUMP5,SUMP10,SUMP20,SUMP30,SUMP60,SUMN5,SUMN10,SUMN20,SUMN30,SUMN60,SUMD5,SUMD10,SUMD20,SUMD30,SUMD60,VMA5,VMA10,VMA20,VMA30,VMA60,VSTD5,VSTD10,VSTD20,VSTD30,VSTD60,WVMA5,WVMA10,WVMA20,WVMA30,WVMA60,VSUMP5,VSUMP10,VSUMP20,VSUMP30,VSUMP60,VSUMN5,VSUMN10,VSUMN20,VSUMN30,VSUMN60,VSUMD5,VSUMD10,VSUMD20,VSUMD30,VSUMD60
KMID,1.0,0.23298284718500736,0.8968622191228841,0.20082352017366825,0.11075480102912513,-0.059400201447891564,-0.18417483281017885,0.7650902387595592,0.6402285537734329,-0.9999997616943033,-0.4362489967203348,-0.6506143024264165,-0.6709669247649109,-0.3141028877180336,-0.22329970587677822,-0.13843398862465014,-0.08887050473698052,-0.06386032855403703,-0.5459867122151391,-0.38625260011526,-0.2643616897378271,-0.20656358772056713,-0.12819123221127504,0.03527924241381136,-0.005683602331579949,-0.01930255237973402,-0.018846809826280356,-0.01999697677514155,0.27202367022636204,0.09163539883072491,0.015167662310140138,-0.014402361870323652,-0.051998318649262985,0.04709842417562878,-0.007424784502000923,0.001490436891980787,0.010956786028412312,-0.006979483121263723,0.6696748871221211,0.5399042471316444,0.4028953848754342,0.3385538367087101,0.23654593044951813,-0.44955031003073914,-0.37371957527845207,-0.2962295779499902,-0.25140460236658596,-0.1826129996837894,-0.4316667439365397,-0.3182043006416534,-0.23042178280614062,-0.18978891720398866,-0.13300792579229062,-0.5940639992166407,-0.42819278295277485,-0.2961012249872501,-0.23161368538221777,-0.144031992110672,-0.540303797212427,-0.37094412995507603,-0.26286018332264943,-0.21468540613508746,-0.1395348307932038,0.5235480314518944,0.4336033042068013,0.3507045669275446,0.31277363158661753,0.2549191697151742,0.5171040908161282,0.41158907611179807,0.3178686696346991,0.27663215422681625,0.21457563355749273,0.20103606159590667,0.11776128334635122,0.06958388120185725,0.05513012346636926,0.02681759065339818,-0.06774133160087292,-0.034813206815363755,-0.016839219024585787,0.0023229018378685766,0.008643771841576036,0.18718511720146389,0.09886375894072681,0.0560269379755686,0.0350699151284859,0.012883579039279955,0.10645488556769586,0.05374856792437346,0.01751486598534961,0.019429941861010817,0.009792822256817055,0.060015466065482546,0.04586646228371768,0.031034699610468466,0.01949386454453508,0.004865480331689297,0.2411512659213861,0.17365903174266573,0.11676858963034785,0.09065516953929464,0.06523560917801953,-0.2352834830837482,-0.1697526218647713,-0.11136410843680952,-0.08546966028447853,-0.06201212554770163,0.2475714083734362,0.18296991804017873,0.12578189956852573,0.09956544765325148,0.07658335931669909,0.2988409105553528,0.21896790321668036,0.14754366907081076,0.105352534296403,0.083401043979852,-0.2988761090205507,-0.21897055152765552,-0.1475457758090563,-0.10535167207762668,-0.08340051181045269,0.29887298253334554,0.2189689704574706,0.14754333129747357,0.10535211415250567,0.08340088593697834,-0.3081689057178805,-0.2774664414794613,-0.25809809788042665,-0.24945515922468345,-0.2274744777023293,-0.0928755032591,-0.17801743973424206,-0.22021706728093837,-0.22310932100056374,-0.21528493204407523,0.021824963045087464,0.009557034867149294,-0.007552573144044722,-0.016212528372768417,-0.022917700373508387,0.20606001836495763,0.1998232946862181,0.186730419617224,0.17874203001913413,0.15554960217644415,-0.20606001836495763,-0.1998232946862181,-0.18673017750255072,-0.1787418482729671,-0.15554956786014226,0.20606001836495763,0.19982343619225912,0.1867306148119732,0.178741765962697,0.15554978011142143
KLEN,0.23298284718500736,1.0,0.20898755137204414,0.4143551259693574,0.00671312381938567,0.28912217286304426,-0.18295848182759733,0.11048696666552765,0.10141201782392209,-0.23298640294518025,0.4981262168347544,-0.6354042030162608,-0.06465236600844163,-0.29000988273955197,-0.3152796083469723,-0.308369815555311,-0.2844075528855717,-0.26094567572379784,-0.29589613225716016,-0.33204964974091783,-0.3535812758776702,-0.3460021326870868,-0.32940505909462875,0.4906934339408751,0.4482825790274636,0.40392856179813585,0.3750654127355288,0.3194136523141873,0.2607207477595652,0.25776212978207264,0.24358580584391798,0.21131248290559373,0.14718806042858368,0.06510417257705481,0.07335359214999719,0.11323333716093376,0.11948675396772893,0.08298353371411307,0.13038576083979836,0.17283422322935665,0.20079831469268444,0.22480791921002705,0.2550807289036671,0.1307377131024952,0.04689380090177483,-0.016198221240790824,-0.024650953834581393,-0.04145999788375928,-0.5502590773374278,-0.5242246861387466,-0.5018872488893126,-0.4882854325981938,-0.46292040177015853,-0.1952595284035539,-0.2304315344790869,-0.25028207088791443,-0.24865615787112322,-0.22452599047957503,-0.3662618200256924,-0.3926758046733887,-0.4219056157090407,-0.4275315394163243,-0.4184107379756698,0.24895968691680662,0.3013593526045938,0.336888938770427,0.3519455019307886,0.373480621409852,0.24625314193230735,0.28109823933127437,0.3003092363326828,0.30066465045343116,0.2978217895753252,0.30299258751952346,0.26794765039256696,0.24011530775919962,0.21807495183537093,0.1461348976338136,-0.030224218620697473,-0.042001473027552576,-0.06107813627932697,-0.04643312600418616,0.007437474602855506,0.2357353453316897,0.22168287259765737,0.21589732607754414,0.2022904791497292,0.13509750165652767,0.11248356778086274,0.0935579642620707,0.05602045316720236,0.029366847121818165,-0.0003114021176985267,0.10482140286966456,0.11089896597764029,0.12064370086335464,0.11159243868249531,0.07943157236987171,0.19088593468852902,0.18439914922707307,0.16786364337854884,0.1525988652922858,0.11314285947603468,-0.17258304285383091,-0.1779719025774407,-0.1829557965418604,-0.17892910819971017,-0.17672199193145205,0.18912083057180243,0.1899903542898907,0.18629622779329025,0.1791076529276066,0.16141437635567896,0.2685357283429155,0.2857248298567071,0.27778415666925005,0.26221435193774123,0.2569400991217295,-0.26855648960017775,-0.28572572270826097,-0.2777841112758134,-0.26221380090059687,-0.25694019486320796,0.26855845029601005,0.28572460679184913,0.27778320568484394,0.26221439586001627,0.2569405698945035,-0.365524029027111,-0.4095847691626001,-0.4490492161234757,-0.47085866782204333,-0.5162328205095005,-0.11095429986060115,-0.22971576660160217,-0.3368838797494424,-0.39167210150851006,-0.4729824177551238,-0.014963864014544918,-0.055163747158657,-0.12311842152663327,-0.15824043691630738,-0.20512419021598086,0.3035964614093137,0.32401364565136326,0.3432819797976922,0.3537769694174592,0.37640207294674743,-0.3035964614093137,-0.32401364565136326,-0.3432820598880183,-0.3537767274927735,-0.3764016263175102,0.3035964614093137,0.32401369335265573,0.3432818634060117,0.3537765993675499,0.3764018925921961
KMID2,0.8968622191228841,0.20898755137204414,1.0,0.17879461339557787,0.10650785926463416,-0.09455279721969016,-0.20087974414918994,0.6516705324931062,0.7070067918839096,-0.8968618970986081,-0.4417067364361728,-0.6025808308334164,-0.565215589843234,-0.2868986306900404,-0.2059109719126696,-0.12720422391804528,-0.08074959013650967,-0.053138084498459554,-0.5025916703015774,-0.35473030611670986,-0.2452019547548793,-0.18956103868212457,-0.1169535512910019,0.015290141774172648,-0.016223696188903423,-0.024806141495979723,-0.026574785267443193,-0.022994819490841402,0.24674823478934005,0.08236030212962982,0.016566788233305384,-0.013824167831036066,-0.04715900071375839,0.024270736132190492,-0.015012752634569054,0.004631446604109451,0.0074906181681638016,-0.0062792611001774214,0.6243629839461606,0.49935693664719993,0.36789826464250697,0.3093845985622535,0.21663259968054557,-0.44003790530233206,-0.35887491106639774,-0.28085399330289035,-0.2389415682306739,-0.17092748017817647,-0.40031186412921393,-0.294229471562561,-0.21069408297879308,-0.17205684301706953,-0.11351703586832147,-0.5526401367736423,-0.39320305111074544,-0.27383575966779916,-0.21373069984407578,-0.1340417604052445,-0.5026375628724228,-0.3451826302898351,-0.24445791458329172,-0.19617039884865245,-0.12418991079747628,0.5248363871036772,0.4314880256129087,0.34552268932833524,0.3050895247643486,0.24410724436474548,0.5367406608726213,0.4192608774836984,0.31552097830192444,0.2728136801510429,0.2036896956294453,0.18783133945255634,0.10749162053694677,0.06362080936791033,0.04961057155542017,0.025734289387223913,-0.0788543015195856,-0.04077354729965896,-0.021108442509590274,-0.007030366260906011,0.008501980718856644,0.18389525699084552,0.09432065371816045,0.05080203109819001,0.03315999766504538,0.011568128892967022,0.08378048357499476,0.033553777304162855,0.011591580881450991,0.014560350840101953,0.01302143578486861,0.03678147264021139,0.021204709393642957,0.01472369541096691,0.0025024073348749736,-0.011546584238578466,0.24281209483177288,0.1766567984000544,0.12308498276326553,0.10158594914904763,0.0738475074001187,-0.23634348410125994,-0.16992024409199677,-0.11335309668690473,-0.0912780787044399,-0.06363539816373585,0.2490208790744309,0.18463238557473022,0.13100301401173386,0.10975834000096832,0.08337996854290414,0.2934656902939724,0.21077460090273464,0.140217192728281,0.09992980864379096,0.07251764671008909,-0.29351328868310506,-0.2107770684484657,-0.14021953205459822,-0.09992893487204069,-0.07251719625560195,0.293511733220202,0.210775498126773,0.1402178894949852,0.09992932115715411,0.07251748447885024,-0.2936692848240731,-0.264287921406104,-0.24343170400785735,-0.23430016363499898,-0.21195947481849783,-0.08709625370872692,-0.1757400439062694,-0.21197627595396235,-0.21431194813529572,-0.20372179944542051,0.022177737641883907,0.0035580507712783876,-0.014159614079560262,-0.022031707789270154,-0.022662257432440387,0.19529036424976146,0.1849146957715936,0.1764292946394181,0.1655704820699721,0.14224480395274644,-0.19529036424976146,-0.1849146957715936,-0.17642904893557323,-0.16557032523699156,-0.14224489610717891,0.19529036424976146,0.18491483729612618,0.17642948105523423,0.16557016089400037,0.14224493143538236
KUP,0.20082352017366825,0.4143551259693574,0.17879461339557787,1.0,0.8523630778693461,0.10202494866486393,-0.10565152016557222,-0.20077349247674894,-0.26793511819456184,-0.20082459982856976,0.5911341826542089,-0.1455281454058732,0.23434895340326936,-0.1695501256375878,-0.18597080242684,-0.1655447396129615,-0.13837785506381192,-0.12397508418555946,-0.18315995942013388,-0.20288779537862292,-0.2067814436143129,-0.19136409512926672,-0.16497206791845845,0.14545021499544275,0.1821431991786745,0.1688443041168164,0.1590379287165686,0.13421826090980277,0.14463803637856965,0.15368782202299905,0.1348641558800637,0.10555196046435558,0.055678526733245214,0.06551842279144318,0.046718101965296,0.052831383242980395,0.05812982982421169,0.041206709271971835,0.05129257001758667,0.07847614448479627,0.11744913496279044,0.13981782704318496,0.15371347994011283,0.151174656285167,0.06382174384247355,-0.001134190870307869,-0.0053736853456166555,-0.021184409068688122,-0.2686666584949497,-0.26925693371324944,-0.25108120234871106,-0.23583413686455595,-0.2129297383000217,-0.1265513228595935,-0.14674270361430133,-0.16263590771274167,-0.15154753638388005,-0.1251959243201112,-0.21524010168753602,-0.2314111314325529,-0.23047153075484084,-0.2259480309246823,-0.20367017605523882,0.17053434203728735,0.193685905261219,0.20847915115629628,0.2099131266880769,0.21009591667400968,0.06795511644504533,0.12051845787360986,0.1481726080875404,0.14514559854226744,0.14769373332526572,0.1928914892800271,0.16941353811442214,0.1370425338837846,0.11674298427609453,0.06990835930900058,-0.08268383179249836,-0.0600891892455972,-0.04526490145706102,-0.026656039592538497,-0.00018362477950393733,0.18539846903620222,0.15958131955377775,0.1279436802633464,0.1083115007947979,0.06365732482242804,0.07032857186201699,0.058597462179867346,0.02785821551085733,0.021321138827196703,0.01089669599721316,0.07368322055360721,0.08863232796601483,0.0843368048769279,0.07344231720528815,0.057317235835475926,0.13884784339947373,0.1317326982653675,0.11046159383132861,0.09293099897375182,0.06508780973337115,-0.12026371944831894,-0.11720596335654082,-0.10529670394927358,-0.09320671429770305,-0.08407534080207522,0.13597965561126674,0.1319639734576124,0.11537063424869848,0.10214401641122049,0.08379999364428875,0.16641187359322993,0.18462767984008138,0.15975771903087904,0.14141936483409923,0.13090300838936433,-0.16647849913048798,-0.18462709692752152,-0.15975754422104946,-0.14141897037725404,-0.1309031165409433,0.1664753225221929,0.18462588655524279,0.15975616986827393,0.1414181602057958,0.13090329836437337,-0.11608835537552148,-0.15005059435785642,-0.18475002776105254,-0.19876659960730114,-0.22120367812610417,-0.01830964256664854,-0.06036834411336729,-0.1204964081508684,-0.1503037494976121,-0.19428468009032984,0.028058192073993963,0.0072859038142079014,-0.0341859208425803,-0.05346289784342562,-0.0792361052764224,0.11159817140273809,0.13759395377702716,0.1505714304930958,0.14987576272908923,0.1615196293296775,-0.11159817140273809,-0.13759395377702716,-0.15057122994520108,-0.1498756541716074,-0.16151925808653358,0.11159817140273809,0.13759403487373015,0.1505713697684385,0.14987564948895443,0.16151967780294982
KUP2,0.11075480102912513,0.00671312381938567,0.10650785926463416,0.8523630778693461,1.0,-0.04685506999802875,-0.04986986712341027,-0.30587615823951986,-0.3786155401369146,-0.11075515452768167,0.3904132827520072,0.15621450603009057,0.31372994986145264,-0.044123240001832396,-0.053198454201030136,-0.04150424953186842,-0.02907465478643851,-0.02284889712243954,-0.05293537128964973,-0.05990180292701822,-0.05973826453696738,-0.05089909649193348,-0.03520818009453858,-0.06292029042133176,-0.007928791933652639,-0.0026461150763055032,-0.0009632345510934851,-0.0007040183322967562,0.02973964849578972,0.044877056408289914,0.03884101890432981,0.025624929961750757,0.0011255832597354813,0.046242085323495476,0.017247049506295308,0.004062767966386515,0.00042214159909573045,0.00892506240867379,-0.004864025527430346,-0.0003317376326365258,0.026267348144533582,0.03957935679742985,0.048199028415412966,0.10314412357751998,0.04982933533798484,0.006895432507589133,0.0023666824868201104,-0.008072008486476137,-0.03252839798835931,-0.04646657079972214,-0.04002336170831533,-0.03446651854430363,-0.025151237526810904,-0.03688243941833018,-0.04545232999577856,-0.06012873399870188,-0.05217106718661255,-0.038435252545867424,-0.05401863245029779,-0.06234761526291689,-0.052281707967930205,-0.04710529729345497,-0.031964197523582816,0.05728752328391663,0.06079241115309729,0.06437255944663517,0.06144998537137189,0.05576993674328075,-0.051314079339994774,-0.008262127591382139,0.018832467523488095,0.021448615001370942,0.02980469463127644,0.07020409573742645,0.05999968054061066,0.04239643676253064,0.03101402908626049,0.012442876972255146,-0.07064324918475733,-0.03972407934068574,-0.019509716489329487,-0.007123865202348843,-0.00422548798709605,0.09118122198132267,0.06830574185090756,0.04053194765965615,0.027706665171285814,0.008246113682791344,0.02959282597508201,0.026518626604634513,0.008701633927049339,0.01072806953734295,0.011390301549062329,0.037124151382112315,0.04842476811684522,0.0404285232473077,0.032838785779331796,0.02997199435618443,0.05731811077566801,0.055077986410233884,0.041994443855623835,0.03122152744168983,0.020928902117925276,-0.041004927822338284,-0.03679519382548572,-0.025158076145449487,-0.015873646166996734,-0.005840990221278961,0.053509483894416385,0.050464454661953796,0.037070660134529705,0.02743623400815485,0.01627646443246386,0.0509787930736033,0.06635824739185607,0.0506958575439079,0.041961979181983994,0.030970825519835626,-0.051053228727460424,-0.06635716491461295,-0.0506957007458579,-0.04196207990658518,-0.03097070658840719,0.05104721551656958,0.06635636392801175,0.05069490076724525,0.04196057119922865,0.030970728848570085,0.049514843173482766,0.03201869965067496,0.014083063744125622,0.009998702799772064,0.00429917087036742,0.03836152465072356,0.04783917431339485,0.033180132845588864,0.027986574061758314,0.01416926281239072,0.049607675919843955,0.04596245235818835,0.03263753977660996,0.029308839209874045,0.020107293382023238,-0.022422905818334355,-0.005498368113129601,0.0002647710681318447,-0.0023277919740524603,0.0013713196553054108,0.022422905818334355,0.005498368113129601,-0.00026446471618368783,0.0023279440620354017,-0.0013710874094921067,-0.022422905818334355,-0.005498319159264291,0.0002649471714020078,-0.0023279258343923493,0.0013714759777385226
KLOW,-0.059400201447891564,0.28912217286304426,-0.09455279721969016,0.10202494866486393,-0.04685506999802875,1.0,0.8244048022406809,0.22861825258865653,0.3233830452302352,0.05939674845010752,0.03795932348138505,-0.5002449041876442,-0.22804706382959283,-0.10861681898594337,-0.13982227693949614,-0.13874747340730179,-0.1407945218563568,-0.1376098049364,-0.0855579030203946,-0.12594237503855196,-0.15037367493207945,-0.1540546287787304,-0.16587513296452164,0.12426175735671828,0.1755347585456556,0.1852664818982826,0.17416815093634117,0.14175815660982075,0.10851260573300016,0.13909489591535784,0.13153799904117316,0.114960076736213,0.09000979400818453,0.0530437822114496,0.049615552552190495,0.0655001037366076,0.06934473071126823,0.04533977690219011,-0.044419004228351856,0.003683387579145778,0.053697158782891295,0.07655992627859028,0.09530822797146982,0.06147247226329499,0.033134119288529953,0.011459775408192038,0.005987314213851818,-0.017628029700492206,-0.2962673750327903,-0.2701724893404226,-0.24937027274106616,-0.24492199318946753,-0.22708764522708363,-0.01058207545619086,-0.05740218310276385,-0.08673379039898362,-0.09563652212829271,-0.11144495943332071,-0.1269185422322577,-0.16388511005937706,-0.19167389963861398,-0.19838982382076611,-0.20189148717730857,0.03779655464199311,0.07420139907832689,0.10385657971610873,0.11561781970227972,0.13606427805550422,0.15268322959156377,0.1386199322218787,0.13112238119360206,0.131133022433369,0.13274072120112373,0.031534604586525745,0.05854979135507757,0.06653347649768677,0.07093333881955954,0.06337829855272659,0.0028867336965850824,-0.012638562635044169,-0.03773062148516404,-0.029636505211538728,-0.0031249408194301696,0.018125525550564084,0.05614142494611967,0.07238715222253468,0.0714768172952968,0.06333237728133935,-0.00907321345723641,0.005779093084794731,0.011229372095909601,0.01668812469077091,0.026656762095329228,0.006123723800002057,0.023326318530488534,0.034214164701869894,0.04178705170820641,0.03993426670988198,0.07087220859325244,0.08120783518719381,0.07242550308280093,0.07328401699456655,0.058418203394568526,-0.059998488839187784,-0.07357522491221778,-0.07089376203305812,-0.07648344415776955,-0.08025029143294891,0.06944959518396067,0.08303291313753797,0.07894308424080154,0.08282601493198723,0.0792610744867719,0.09763927956983005,0.11792400345764964,0.10954588078862047,0.11862580790914652,0.1310137524497227,-0.09760272980590232,-0.11792464464868209,-0.10954570281007858,-0.11862517055888872,-0.1310138615136442,0.09760462981591866,0.117924111728055,0.10954509521308402,0.11862585312382302,0.1310134318403514,-0.027676257110736856,-0.0672174279062628,-0.0972923798846649,-0.11157421327679778,-0.14096883334206992,-0.0038225496905429004,-0.020842569309515658,-0.0624859851257319,-0.08294120674566328,-0.1232116766893085,0.047765501188562494,0.016926924565352934,-0.023244279753822036,-0.04333679970343798,-0.07131640144581018,0.036804050093951095,0.07318433871593454,0.08128291942510055,0.09016938698653543,0.11120738381267634,-0.036804050093951095,-0.07318433871593454,-0.08128298617816027,-0.09016913583794804,-0.11120723714830684,0.036804050093951095,0.07318417942342142,0.08128291922471426,0.09016892468960659,0.11120723737408401
KLOW2,-0.18417483281017885,-0.18295848182759733,-0.20087974414918994,-0.10565152016557222,-0.04986986712341027,0.8244048022406809,1.0,0.18216250049496982,0.31075511222673974,0.18417271125160642,-0.21601307143457832,-0.19475338422802643,-0.1961898195471801,0.04330041860921531,0.029254919434832393,0.030160939578168164,0.01898107827073681,0.004849053962069619,0.07015168013172991,0.0502251339362239,0.038571595742299715,0.03422800595743418,0.015670841427193678,-0.1367815835828583,-0.06682065701918888,-0.03350384582305819,-0.02948155242865505,-0.030960405117254074,-0.029859386577508314,-5.1585345485884714e-05,-0.0019976063723918303,-0.006012101232778795,0.005018203945122631,0.01286991302399121,0.007328587240268333,0.0036174076372411396,0.0012928080548242748,-0.0024755223450993904,-0.11410483963821325,-0.0849671305299616,-0.04989174890957734,-0.03778565801338499,-0.04047996640526598,-0.0079956906908826,0.005163697760631225,0.017328750772030457,0.019406558667118035,0.007199987840613455,-0.01885267037436652,-0.0005766620703213818,0.011285371562469672,0.011826342100722826,0.01770227263103533,0.08977259579637627,0.0634408713525379,0.04597348291242834,0.04033822747969768,0.012634329951068324,0.06624858030426956,0.04404076112904936,0.032525467932388516,0.030977199519612145,0.025744100799783426,-0.09454189478783337,-0.08363251752253995,-0.07236741216688775,-0.07016516437377758,-0.06326311427874658,0.03431356817709228,0.000567595170620901,-0.019600713554445502,-0.023332624431083283,-0.02296645855384361,-0.12384249055701306,-0.07665484878607849,-0.05961361300455034,-0.0438187544175219,-0.015289102560495918,0.02260704373989011,0.015992417238752367,0.0033781516796845424,0.0029767826187880563,-0.006415502530089395,-0.1068658266147163,-0.06039393489280454,-0.04542082941928932,-0.03907503152380268,-0.011231636558199472,-0.06540939924769791,-0.041739114956520114,-0.01493550598178292,0.005597586022493609,0.025216501755131515,-0.0390505125596166,-0.02828972448838024,-0.023287681831773602,-0.01147184922861645,0.002850296224149618,-0.02608508128015822,-0.013867975765807929,-0.016145994157251983,-0.009176438607229456,-0.0009425312318310336,0.03277848365086239,0.022947024059117485,0.029616467203323817,0.0244764741296123,0.01908183091567788,-0.028255459972808452,-0.0169418295816104,-0.020361609446572962,-0.015451367783793154,-0.008313551106778748,-0.0414292524900084,-0.031567883298847015,-0.038616205224453144,-0.025436096904182057,-0.006934856312439595,0.041473933982208666,0.03156765281044284,0.03861716138508182,0.02543631174824243,0.006935135580551657,-0.04147207585336391,-0.0315675358856081,-0.03861703783100799,-0.025436216098630032,-0.006935544391938316,0.15176211474977414,0.13183442753397098,0.12117967894599904,0.11941551270842239,0.1142780532102471,0.051557764694165675,0.08955352428884904,0.10113223213621364,0.10850778712578782,0.11027087505993961,0.07203642394477562,0.057250836305638694,0.04547430644972638,0.0433379908335584,0.04086138075023206,-0.11012453333948703,-0.08645189742797994,-0.0871665768418947,-0.08458456963146356,-0.07597422035288785,0.11012453333948703,0.08645189742797994,0.0871665150539357,0.08458447379615781,0.07597417942245249,-0.11012453333948703,-0.08645207714222491,-0.08716657704061052,-0.08458463491995309,-0.07597430283744609
KSFT,0.7650902387595592,0.11048696666552765,0.6516705324931062,-0.20077349247674894,-0.30587615823951986,0.22861825258865653,0.18216250049496982,1.0,0.8233781037695923,-0.765091171968785,-0.6729852015946803,-0.7231067855699651,-0.9065236501062881,-0.23017235013893508,-0.14940641465746352,-0.08625867824569271,-0.053080644909224504,-0.037648484264296705,-0.42557977260493585,-0.28529172166447286,-0.18079025381175656,-0.13673961881259977,-0.08101640279099204,0.013737681500306591,-0.03243161815590948,-0.038398710057182116,-0.03526912424492465,-0.03512857115854479,0.20282227485691723,0.04509310420967535,-0.014041046135432578,-0.029547302339954843,-0.049601648541653436,0.036364178078223314,-0.014427824842539079,-0.006466901258684817,0.004866662003203097,-0.014621076078963053,0.5642451260540822,0.4464085740899768,0.3185396555312756,0.2588933345072948,0.1661173354146919,-0.46235015532019236,-0.36144427522380546,-0.26530024761880544,-0.22436782121719478,-0.15704614104571907,-0.3639880557866176,-0.24483080361559786,-0.16296145635243295,-0.12774316667116223,-0.0819804726673233,-0.4729537177631655,-0.33021192340713257,-0.21270897370467778,-0.16309693253331645,-0.09765737569463914,-0.4159023193137156,-0.26831970356132334,-0.17814872135459456,-0.13941601233435363,-0.08435544816504077,0.39517789526355424,0.315532721374624,0.24361171321739206,0.21203192578274774,0.16723369834299637,0.4818776660302032,0.3582452303118036,0.2569734453426068,0.2177120388909874,0.1590905471373574,0.09543503448736718,0.046311214930306946,0.01991306354452857,0.017728173015263974,0.009577254763537716,-0.007739588983921921,0.007135943919856196,0.004163343350822415,0.01629864882953527,0.007046021382879276,0.0733916020387079,0.02519501573383238,0.010372455783596236,0.000223969264206229,0.0017189149905845404,0.07032082943627495,0.03168299049379865,0.007933431509790504,0.018367584982995303,0.009069199826384022,0.032124484470570557,0.015428368082008714,0.0008723689298606003,-0.00038299837735855446,-0.009312903739611755,0.17399742185060052,0.12112000696971931,0.07810784039864437,0.062385457641689956,0.047370605629881324,-0.17227352156102152,-0.12112475488046076,-0.07333268907522336,-0.05664986720109475,-0.04325834448909733,0.17976337281879545,0.12972930748677716,0.0850138979798717,0.06809144441295904,0.05592950990957563,0.21378999928056377,0.14251346210062807,0.08905839666361981,0.06057619330293937,0.04958910312393897,-0.21373558434933781,-0.1425161968090266,-0.0890601680434961,-0.06057503382631079,-0.04958851751143357,0.21373855158798505,0.14251548464396685,0.08905826449369986,0.060575845554980204,0.04958872522016698,-0.2246156273580904,-0.1940284568726916,-0.17016711448135788,-0.1619875348511002,-0.14269622726106873,-0.07802335606927617,-0.13729269394210225,-0.15922567526871184,-0.15517918427066418,-0.14158836067955421,0.022647072842412127,0.00696603259153465,-0.0020591261694768003,-0.007141759781039541,-0.015799580555358225,0.14037026979151987,0.1300536582551208,0.11773003389144047,0.11347005504327025,0.0981555264988575,-0.14037026979151987,-0.1300536582551208,-0.11772996210853223,-0.11347006220668567,-0.09815565415122682,0.14037026979151987,0.13005365903184524,0.11773015261090986,0.1134699672024437,0.09815567143703068
KSFT2,0.6402285537734329,0.10141201782392209,0.7070067918839096,-0.26793511819456184,-0.3786155401369146,0.3233830452302352,0.31075511222673974,0.8233781037695923,1.0,-0.6402292457875227,-0.6852044183667574,-0.720686061673668,-0.7440052555104247,-0.21026864707257376,-0.1389282032933661,-0.07435188088876851,-0.04214554469926666,-0.03023367241683248,-0.38710122476245173,-0.25992467374979755,-0.16695614255108543,-0.12274987623160566,-0.07454394411909714,-0.012356919587837101,-0.03715810238832179,-0.034429400645809134,-0.037362612530953944,-0.037066245515718285,0.18860433782118333,0.04763917160203292,-0.0110988639056674,-0.033776729263641336,-0.04188581582159281,0.016336126847228846,-0.011843308245391208,0.005352701844730997,0.0032541420205868636,-0.01632812312183505,0.5049842874320604,0.404290621202226,0.29229258828706994,0.23788763142552805,0.1459060477080396,-0.43926502151716773,-0.33886664786301945,-0.2447488299962344,-0.20443222123147398,-0.14619811364314234,-0.35104532879557393,-0.23676108789244601,-0.15602589081406393,-0.12062687370455116,-0.06894065331780866,-0.4334251294443079,-0.29767115544183614,-0.19279063187690318,-0.1442419425845612,-0.09321000826003621,-0.3861377451455209,-0.2506589755210756,-0.16844086473443923,-0.12711004264843995,-0.07389776213702197,0.40363127749286976,0.3170346450957438,0.24228465418943895,0.20708032533113913,0.15844151705897896,0.5169314542287192,0.3739687964651425,0.25815393569126077,0.2152891263295947,0.15008450731763226,0.07680784570187052,0.03586447615685112,0.012808756069529503,0.012996496649855742,0.012030067616210113,-0.02111328302461226,-0.0024256068183202183,-0.003979341445678064,0.004320248551559341,0.006915910967719219,0.06740064237500391,0.02186357668921684,0.005594198153427812,-0.0005960552453114353,0.0019457603303052263,0.028466301111408618,-0.0015749918825957163,0.0019097932311037695,0.013354010709569469,0.019788311442476607,-0.004473115107124641,-0.019470704182326073,-0.019366258873674037,-0.020557330166968094,-0.02246816595626224,0.18755420715083207,0.1317935722311887,0.08819775871030171,0.07524235571259133,0.06047578975840317,-0.18776615737233607,-0.1314275971962078,-0.08358619735592829,-0.0688325961883556,-0.050704484680518074,0.19403320486239076,0.14057852786040648,0.09683693278545345,0.08307617310773997,0.06894124043356425,0.21420807958369265,0.13656441857141546,0.07871435314962502,0.05189829085451746,0.04309714337857635,-0.21415816764450804,-0.13656687008175955,-0.078715704538004,-0.05189718431740189,-0.0430967433112892,0.21416164391274686,0.13656648317508646,0.07871465862901766,0.051898508930616725,0.04309707488909549,-0.22087668525893484,-0.1954186659876909,-0.17291307439416864,-0.163150237831979,-0.14160918339101802,-0.07358476739003857,-0.14418015577184218,-0.16096718618565362,-0.1570788181385663,-0.1397315844392819,0.03643508983762187,0.010328033371153372,-0.004457038923992485,-0.011354761017515782,-0.01100169595300293,0.1380156120667213,0.1312307229650729,0.12106614067200151,0.10957678966796909,0.09332254927072284,-0.1380156120667213,-0.1312307229650729,-0.1210661343082973,-0.10957676301804188,-0.09332278456096492,0.1380156120667213,0.131230703239647,0.12106614046374292,0.10957655750924622,0.09332264536217143
OPEN0,-0.9999997616943033,-0.23298640294518025,-0.8968618970986081,-0.20082459982856976,-0.11075515452768167,0.05939674845010752,0.18417271125160642,-0.765091171968785,-0.6402292457875227,1.0,0.43624771063405554,0.6506176782791618,0.6709677335232547,0.3141064158537374,0.22330523624616247,0.13843912066242878,0.0888722105703045,0.06386019725944911,0.5459888572377507,0.3862573815311615,0.2643672406212183,0.20656929385234368,0.12819519919896694,-0.035277594624755236,0.0056842860128384215,0.019303203516654464,0.018847469510950014,0.019996140675489216,-0.2720248876769586,-0.09164153493241896,-0.015174029098742428,0.014398647209429344,0.051998336332322655,-0.047096962760352475,0.007425471034847506,-0.0014918936650786768,-0.010960035015716768,0.006972742782394103,-0.669672171732122,-0.5398978398408926,-0.40289692861897025,-0.33855778431180117,-0.23655153058761644,0.44955024062711124,0.37372055085983363,0.29623158915404557,0.2514067834562812,0.18261532271107184,0.4316689790065805,0.31820910335104974,0.23042645088302943,0.1897926199559421,0.1330109024700584,0.5940646253613786,0.4281965905506094,0.29610604549084757,0.2316190370769443,0.1440365656840072,0.5403040656399197,0.3709476523373522,0.26286531796003076,0.21469108015726024,0.13953857130674652,-0.5235480191165949,-0.43360469519803124,-0.3507070737089548,-0.31277622702346186,-0.2549215329510365,-0.5171055417141932,-0.4115926671371411,-0.31787306952943545,-0.2766356444855792,-0.21457894128213248,-0.20103722428429882,-0.11776626892987264,-0.06958639748764464,-0.05513046823769422,-0.026819845972467685,0.06773979597176052,0.0348145112034205,0.016839530651572048,-0.002325877364739916,-0.008647410380782795,-0.1871854272538609,-0.09886709137148485,-0.056030726753175615,-0.035069885436341944,-0.012882375122261112,-0.10645465173734737,-0.053750154006749325,-0.017511304377937534,-0.019430018284648017,-0.009793150288229415,-0.060013944366476474,-0.04586539552576937,-0.031033667636741237,-0.01949371482802603,-0.004865076287331992,-0.24115369829662398,-0.17366594732470034,-0.11677257300215987,-0.09065751237583278,-0.06523747813385668,0.2352867041956929,0.16975846004808318,0.11136749029528083,0.0854715117098534,0.0620134408952788,-0.24757407342152307,-0.18297652352366944,-0.12578653026615438,-0.09956859892640717,-0.07658489757849142,-0.2988423519122952,-0.21897369612199205,-0.14754848469815668,-0.10535390608903818,-0.08340069518262215,0.2988775492962375,0.21897634443383324,0.14755059143697546,0.105353043870017,0.08340016301329381,-0.2988744243884362,-0.2189747633630529,-0.14754814749693043,-0.10535348594490057,-0.08340053711830436,0.3081695027139136,0.277466754834875,0.2581009448132609,0.24945858850528152,0.22747649474795534,0.09287725974735851,0.17801675717496557,0.22021806908118507,0.22311078583585722,0.21528658143793508,-0.02182733654172832,-0.009563462497570525,0.007547789175608371,0.016210997225687706,0.02291604419508298,-0.20605947229033236,-0.19982770342395148,-0.18673180100585077,-0.17874115722666245,-0.15554796925397912,0.20605947229033236,0.19982770342395148,0.18673155889104306,0.17874097548043497,0.1555479349376616,-0.20605947229033236,-0.1998278449299925,-0.18673199620059996,-0.17874089317015474,-0.15554814718896448
HIGH0,-0.4362489967203348,0.4981262168347544,-0.4417067364361728,0.5911341826542089,0.3904132827520072,0.03795932348138505,-0.21601307143457832,-0.6729852015946803,-0.6852044183667574,0.43624771063405554,1.0,0.1563089833228627,0.6477339890471775,0.009674373174237187,-0.0727969845133617,-0.11761701007467694,-0.1264896534248783,-0.12636333801061467,0.15643864437262675,0.02288784518057908,-0.07082509401517063,-0.09946307259052084,-0.1295968339352944,0.27643078018308453,0.2943887201570648,0.2728441867363719,0.26035005999581606,0.22746776057552318,-0.00865988859641343,0.12028069521383626,0.1602740866322571,0.15488942592117202,0.12763234036465196,0.016065937249070752,0.0530371812419464,0.06456039994100295,0.07416844016579756,0.06455364655909585,-0.37638572265907233,-0.25918483572985607,-0.13757750248743705,-0.07151998654454145,0.02043960395772862,0.4966308404197393,0.3451029124226328,0.22007665805234614,0.1847201304370336,0.12005361164309333,-0.053399680715755786,-0.1268880643586435,-0.17470532731587934,-0.19314621764140874,-0.21585305744782718,0.2595403046376575,0.12343629404456244,0.01897922708412671,-0.01709680093381216,-0.047343476080368714,0.10517222666725559,-0.027717548979464563,-0.11466673205179329,-0.15198550718977955,-0.19064065538776223,-0.1738149780604452,-0.07666956325870464,0.0026510933769007647,0.03670356340921317,0.08411192795566144,-0.26567224540578677,-0.13604117826983692,-0.03843131697517165,-0.009716217255524264,0.03650896709357884,0.10713065005496551,0.1280646875038417,0.12541787290849218,0.11395762646803426,0.07483130349563302,-0.005067949961442064,-0.02783297714112322,-0.03898370489817508,-0.036343523890314554,0.0020330508186179163,0.08040501733293698,0.11505866241320598,0.12079129306178238,0.1182771227883887,0.07499447259343085,0.018056713032098326,0.03813257763499132,0.023185150632127425,0.004163066094531698,-0.0034960622186872405,0.04633190313785532,0.06831195116358246,0.0796262584555186,0.07505889350258955,0.06517543834139858,-0.024875714936952533,0.015478304897317295,0.04172917359266486,0.043175647441683576,0.029146482012611805,0.0414788595521938,-0.0057520017021349045,-0.048019310081078535,-0.05641402613841029,-0.06836249181081831,-0.03285193116314338,0.010061633494139756,0.04491293699423666,0.051598499176442804,0.05006981155607177,-0.016107066925877708,0.05588637533428698,0.09330960310759774,0.10322216593102751,0.11261536399498996,0.016067113021182553,-0.05588440338566732,-0.09330855811354295,-0.10322238614153548,-0.11261598092813563,-0.016068710854453622,0.05588405314836255,0.0933089742410879,0.10322203155757571,0.11261585812406838,-0.019814458137722077,-0.07199465058465243,-0.11899458458559191,-0.14104418079295422,-0.1869102599957293,-0.006875433270420661,-0.017965850221241555,-0.0617772821586231,-0.09880617410597622,-0.15926887105839357,-0.032194196921535995,-0.044741163099355094,-0.07697956962947408,-0.0941178894906065,-0.11857395161114732,0.053667661585214244,0.07870202165833354,0.10154518688264902,0.11137756014015004,0.14209370590628573,-0.053667661585214244,-0.07870202165833354,-0.10154523532034809,-0.11137760088493834,-0.1420933196336151,0.053667661585214244,0.07870207058313068,0.10154505449200998,0.11137766805662734,0.14209353198340519
LOW0,-0.6506143024264165,-0.6354042030162608,-0.6025808308334164,-0.1455281454058732,0.15621450603009057,-0.5002449041876442,-0.19475338422802643,-0.7231067855699651,-0.720686061673668,0.6506176782791618,0.1563089833228627,1.0,0.6327034233555457,0.33342560599008475,0.3004164696783399,0.2512654248351599,0.21153422869065597,0.18737990322875245,0.47546998077820174,0.4011349343223919,0.34663471026788806,0.31051656077103895,0.2625457030021361,-0.25885347690533705,-0.22132610583928042,-0.1979627584039967,-0.18476734678402273,-0.1523831513967043,-0.29735758196257406,-0.19322163876190385,-0.14588098024141033,-0.11222986568664331,-0.060936846066168435,-0.05838964448890809,-0.0276126420433521,-0.06146307470151172,-0.07507129400108119,-0.041609128103539464,-0.4607545874162274,-0.4052951540441364,-0.3352917476962005,-0.3136225565846204,-0.26945905528845104,0.23178423851692362,0.21703724918545123,0.19454729375875884,0.17008559512754534,0.14135785535977705,0.6190648518941031,0.5073981411548614,0.4258534414464565,0.39006466916902355,0.333840698298808,0.4419282866395186,0.3659943266053373,0.3033214056477282,0.2672305442776881,0.212557005476765,0.5165214947259396,0.42903081555878825,0.38403275409126864,0.3594269493131889,0.31435616853064813,-0.4335126494859947,-0.40628238571559055,-0.37711490519414975,-0.36208600056551243,-0.3397518457612774,-0.5187977304876686,-0.44029003965080027,-0.3741585264971399,-0.34308909886465866,-0.2944036378345388,-0.2327891472096284,-0.1836305709588662,-0.14775907781808245,-0.13364344538894093,-0.08992047917447407,0.027605817376639693,0.023713843641853673,0.04361617292518377,0.02370291317000314,-0.011902387760730904,-0.18469253108715847,-0.14728844097290578,-0.1322201174004632,-0.11596168937731578,-0.07601057262501268,-0.09453616321276684,-0.058440152568542146,-0.027009342707008298,-0.02454701379988565,-0.019662350356362726,-0.0690157940295384,-0.06413550913962528,-0.06502222605964438,-0.058711120550464485,-0.03855678763657144,-0.24605289055126836,-0.20592648412050493,-0.16637826517256082,-0.14425754694244636,-0.10814388936422586,0.22565600113535977,0.1921173700351249,0.16234503182112953,0.14661694637472783,0.133596119397372,-0.24552344455366223,-0.21131933121548332,-0.17924957690319987,-0.16129946659643685,-0.14003569076652148,-0.31454700079472214,-0.276120069895415,-0.2297081753643399,-0.19937880119085563,-0.19074476127393203,0.31450412754258894,0.2761221246886208,0.22970941514436063,0.19937758145443787,0.1907444602418596,-0.31450656621267664,-0.2761208790322423,-0.22970764849152792,-0.19937882776594312,-0.19074478839500802,0.35691132686046373,0.36637524255185827,0.37593358678285005,0.38356005359978906,0.3976406457045715,0.11534575833982559,0.22678582130119437,0.30236846310168436,0.3299793796239553,0.3677094825564621,-0.025125695288038905,0.013530664554695452,0.06259170929450099,0.0850859668819674,0.11923898548564472,-0.2626856262530479,-0.27810016152768474,-0.28283083266065084,-0.2805506686532629,-0.28558742581595914,0.2626856262530479,0.27810016152768474,0.2828308009226712,0.2805503765020165,0.2855872655564624,-0.2626856262530479,-0.2781001740095467,-0.28283083243276014,-0.28055013880696833,-0.2855874414333084
VWAP0,-0.6709669247649109,-0.06465236600844163,-0.565215589843234,0.23434895340326936,0.31372994986145264,-0.22804706382959283,-0.1961898195471801,-0.9065236501062881,-0.7440052555104247,0.6709677335232547,0.6477339890471775,0.6327034233555457,1.0,0.18636107301754756,0.1217551664880669,0.07110839550974431,0.04924717827681832,0.03838877180834673,0.34735905341694273,0.232155764417808,0.14642117671690666,0.11316353600831118,0.07178930818026404,-0.014999299684376141,0.025310760870171384,0.028028272379107235,0.022608591757337506,0.021934711001415207,-0.15915029904076095,-0.03219504436202302,0.016080721197080722,0.021800608940479613,0.03422838932236086,-0.03253687878601215,0.01190497088743161,0.002185560026303588,-0.012226143580943266,0.0013692024651491943,-0.47961279382950717,-0.3700766495251706,-0.2622667709215813,-0.20936986248974593,-0.13454000654998516,0.3960582462657158,0.3060479731186333,0.22142982692862487,0.19001210423219028,0.13402476534423102,0.2969870008624705,0.19680879116946948,0.130038587512566,0.10588118308357633,0.07145431191935811,0.38566137356694713,0.26847134612950907,0.17158243097030812,0.13278760903051412,0.0822363256437532,0.3419362471541768,0.2184209635613304,0.14444740523653316,0.11694573712762305,0.0759483922307331,-0.3199148026556899,-0.2561396710493684,-0.19705428710838188,-0.17432024890273962,-0.14211629708473705,-0.4026690492166543,-0.2959539929141799,-0.21053089404595152,-0.1829109468264607,-0.13757883646050162,-0.059251624480835104,-0.0293088020191868,-0.011210558255416989,-0.015181436626948272,-0.013792816126121097,-0.0034363372953276987,-0.005813096863060718,-0.002033737353577148,-0.004721566456809131,-0.0013953250827115709,-0.040470254072265496,-0.01500078113389564,-0.005447309060128993,-0.0041175606711238025,-0.008415847529546747,-0.05048108971520909,-0.018381351145413897,0.0002861385810065289,-0.007960428002677345,-0.0033408970673005313,-0.02090798861568951,-0.0083007965331985,0.00473057974249627,0.004942021495468858,0.016383802899833332,-0.1327154838229523,-0.09219971083952261,-0.059326099688335944,-0.048462775057004435,-0.03764172533577336,0.1304841486152711,0.0925776953054578,0.055684948547408734,0.044426438318444623,0.03670125899037977,-0.13754430200253312,-0.09933994058793713,-0.06460489362827468,-0.052889177195434574,-0.045306255825290805,-0.1702812238706958,-0.11548103363354781,-0.07399056908693592,-0.05615653616555915,-0.05137957326576755,0.17026512441370106,0.11548229498339269,0.0739915098487642,0.056155548058475606,0.051378920611229416,-0.17026629554312378,-0.11548179036693307,-0.07399035161494537,-0.0561560924764175,-0.05137863974190721,0.18183780727782847,0.15926628298486312,0.14141834190957409,0.13625563459763582,0.12185281514219488,0.06184045607703366,0.11198106980556648,0.13248049127708225,0.1303786529668043,0.11925708152375893,-0.02251047305342573,-0.008601041997816698,0.0030604844249427277,0.007351472296352366,0.01333942020937156,-0.11103328709724189,-0.10657147418314321,-0.09912235141365429,-0.09566287787179906,-0.08462057872024958,0.11103328709724189,0.10657147418314321,0.09912234328327302,0.0956627421981485,0.08462069428479493,-0.11103328709724189,-0.10657150233601038,-0.09912244298355717,-0.09566250604151186,-0.0846207386096851
ROC5,-0.3141028877180336,-0.29000988273955197,-0.2868986306900404,-0.1695501256375878,-0.044123240001832396,-0.10861681898594337,0.04330041860921531,-0.23017235013893508,-0.21026864707257376,0.3141064158537374,0.009674373174237187,0.33342560599008475,0.18636107301754756,1.0,0.6036233831883667,0.37486230098511486,0.2712538117144975,0.1813764876227334,0.7498618599002846,0.8831440887635938,0.668130480642231,0.5413729822707656,0.36063271733140717,-0.1484085711981504,-0.08709846014372044,0.005370733176361743,0.04789262986288527,0.0979039025349152,-0.8213069708294911,-0.6513952809192612,-0.24066573268435512,-0.09506610432589234,0.06187368353274511,-0.055753095287542014,-0.1319378088390228,-0.06930626582648654,-0.03410656063068719,0.030988202037302175,0.04125995700243271,-0.39826532814273935,-0.7122973983512806,-0.7027855523576796,-0.5530333307815425,0.45829513786739573,0.5793111209644274,0.5309282228195332,0.47950629394563055,0.3992405476436073,0.6856989621325303,0.643076217956381,0.50170839466194,0.41565631877910253,0.27488406574754953,0.6368792404344115,0.8118134896815933,0.7155073848390984,0.6167502697425836,0.42738510298031734,0.7077571338428948,0.8119180181031767,0.6260411549199209,0.5200435284609205,0.33445215255449384,-0.5595920620409944,-0.7203894631991518,-0.6656670822278904,-0.6154988522965997,-0.5233339882624902,-0.6767388684442145,-0.710803974892152,-0.6001449732641988,-0.5331370989921265,-0.4370814738118472,-0.5504848128995357,-0.4101900139184196,-0.2780740642827021,-0.21404432062280693,-0.11706614223802435,0.5119335709959688,0.2493575895102871,0.09054989707056599,0.04131596624536816,-0.02264550597625262,-0.6482736108549758,-0.439561711647807,-0.2501021888926476,-0.17604579193200062,-0.059964076858780274,-0.18634967277717832,-0.13561634572911627,-0.07745865893398447,-0.06052403700051055,-0.037523010939847015,-0.3327070479063089,-0.17969679324931984,-0.11420131953114888,-0.0731982277582355,-0.020056578995768442,-0.5933057185887755,-0.3775742574581728,-0.2399091154097135,-0.18144176585390315,-0.10651164146186029,0.589158698673774,0.3779415118480236,0.23598499127853842,0.1801991788942833,0.10792362948298147,-0.600751662406403,-0.38963826042907146,-0.2599384026660486,-0.20478845282943395,-0.1308938515814116,-0.8866879925489055,-0.5695252068256299,-0.38272957286458414,-0.29662179259905436,-0.22148339612377682,0.886711583607384,0.5695270556463006,0.38273032141857355,0.296621396625284,0.2214834136047994,-0.8867154496429981,-0.5695264036759472,-0.3827294580742807,-0.2966221351636731,-0.22148387258763905,0.19976405508521947,0.39569861344234175,0.43661963544671534,0.43690463072021946,0.39616096080504787,-0.09813739223785999,0.15250095410842568,0.3076808472025693,0.3583043629768699,0.3647119406145416,-0.1260758629550624,-0.08317911172679664,-0.0493547252233839,-0.020600226481050306,-0.002002308432686221,-0.4420387604948738,-0.3669973583305227,-0.3321681753738033,-0.30977802544395877,-0.2577027248294372,0.4420387604948738,0.3669973583305227,0.33216824728979855,0.30977780916631,0.25770297158981387,-0.4420387604948738,-0.36699745491042757,-0.33216818708170204,-0.30977761822290445,-0.2577025313065711
ROC10,-0.22329970587677822,-0.3152796083469723,-0.2059109719126696,-0.18597080242684,-0.053198454201030136,-0.13982227693949614,0.029254919434832393,-0.14940641465746352,-0.1389282032933661,0.22330523624616247,-0.0727969845133617,0.3004164696783399,0.1217551664880669,0.6036233831883667,1.0,0.595343226207483,0.44099980075656675,0.2824999658990274,0.48045328318559155,0.7785833802187638,0.871849934706903,0.7520922599012331,0.5303007348258173,-0.1595353493947944,-0.19794032465539654,-0.09802768522748026,-0.018615790025409605,0.08166524941900999,-0.5158402157232236,-0.8481329197510593,-0.6039043406416108,-0.3258314202947805,-0.0077486566046130155,-0.03019131970775293,-0.11553875177804299,-0.16263200762779662,-0.09916947088590976,0.0004645166926363288,-0.0012034998821712775,0.027757197260319444,-0.4091364107366466,-0.6404390568856827,-0.6928818887845709,0.20033698039440825,0.45403088670534275,0.5596963854984723,0.5261312492471132,0.466841868483881,0.5006367336596377,0.7126510174058946,0.6630121251345866,0.5602710158756892,0.38109332712109034,0.389723157286309,0.6512549182081318,0.7957355550888064,0.7518550920015703,0.6075516130001675,0.4719672031853671,0.7475777028090665,0.7995827514982352,0.6991685023968551,0.4861463390064684,-0.3541057525725939,-0.5987747717739442,-0.7328690360790998,-0.7084282334528241,-0.6327551707398437,-0.41182916039865586,-0.6857022734884347,-0.719600102536919,-0.6486716010196627,-0.5490233402392377,-0.3204096078656756,-0.520028458801933,-0.40057583810637964,-0.3043250050512083,-0.18361059660181678,0.3167636383446524,0.5219495114571377,0.21795810252805367,0.1190459969799859,-0.025066931401381366,-0.38783319621915646,-0.6497862067466863,-0.41573295497699403,-0.2971979165014033,-0.11782099196888912,-0.1334046280685315,-0.10975367830775293,-0.04788655280908853,-0.04117785164909772,-0.05455402277954366,-0.2028660738317391,-0.32827969281998454,-0.18020712029858402,-0.12167525265343761,-0.03880503486407666,-0.36077283565198576,-0.5534147802454116,-0.34602300583961804,-0.26104806535960917,-0.147438447672251,0.3565135420450853,0.5545971681819,0.3508279694440494,0.26405976504852857,0.150955373405635,-0.3651332047784837,-0.5701207737944831,-0.3691203305988498,-0.2888028074515436,-0.17840586449523574,-0.5338736729062064,-0.9213988394694003,-0.5821918543406639,-0.4513715196530558,-0.33068418170700986,0.5339089020648004,0.9213984914368515,0.5821919599745567,0.4513708704633955,0.3306850157912079,-0.5339105466746689,-0.9213988583811868,-0.582191575996314,-0.45137169711617636,-0.3306852835017457,0.060057228280881815,0.16749880004774492,0.3663867236575003,0.409245645563388,0.3955842253186718,-0.12336918326399843,-0.06644462023109615,0.21022826402070677,0.3100341101290193,0.35194597636605923,-0.08401590098957892,-0.13785162356752526,-0.08045961234474487,-0.03594540541336329,-0.004492516893218378,-0.1300773701927188,-0.41915483687970057,-0.3472383167413089,-0.32785402785944134,-0.26609561078337085,0.1300773701927188,0.41915483687970057,0.347238394118262,0.32785367336709115,0.26609556357354164,-0.1300773701927188,-0.4191548123652662,-0.3472382473264272,-0.327853562199326,-0.26609539561857337
ROC20,-0.13843398862465014,-0.308369815555311,-0.12720422391804528,-0.1655447396129615,-0.04150424953186842,-0.13874747340730179,0.030160939578168164,-0.08625867824569271,-0.07435188088876851,0.13843912066242878,-0.11761701007467694,0.2512654248351599,0.07110839550974431,0.37486230098511486,0.595343226207483,1.0,0.7151056251905229,0.42389249270216295,0.2935082268975687,0.4707251571429023,0.7888427773620084,0.9065374586366575,0.739348783140522,-0.18190292624184498,-0.20412723066997504,-0.21380377579112306,-0.1469462879265879,0.016787965796824875,-0.3186180235884856,-0.5141829833511825,-0.8665742054883346,-0.7864138195475258,-0.22080104330626318,0.011612687246988045,-0.06599951281740608,-0.16070122446795096,-0.1925282408048457,-0.09877500089886448,-0.004860398721987996,0.003014237912247383,0.05972891131582853,-0.17402766212983742,-0.6685626422197264,0.03769571652534349,0.17699166613649278,0.45773474691129745,0.5263743065928111,0.5063416229737553,0.36657389210670316,0.4834360059293441,0.723160995764637,0.703545723596999,0.49814010191542907,0.21516726741896444,0.37101641953866143,0.6498869610794994,0.7790926500971685,0.7243014210594724,0.310644414921987,0.4703666621949264,0.7472464206007833,0.8315700230207215,0.6531935953810897,-0.2137321761312453,-0.34564022524499355,-0.5854945724488314,-0.6770510705922546,-0.6796699931770758,-0.23286368235684213,-0.38139244377638787,-0.6920179914280106,-0.7294873147998993,-0.6364856145346881,-0.19638459486297,-0.2872319695562823,-0.4905303663543169,-0.4024943021575572,-0.26355868403242155,0.1988856451327501,0.309946556216611,0.5065943205952887,0.28240189777117103,-0.015487394651688255,-0.2421090937455207,-0.3710155977567299,-0.621046587454269,-0.4717508123248491,-0.19000072365983073,-0.08626508499169172,-0.08716553442813385,0.043806632106651616,0.05453983771525743,-0.054863347049152834,-0.11339412030307687,-0.185142590726922,-0.29050751542078246,-0.18253485072123649,-0.060507241109499434,-0.21640638322739977,-0.30675913376679154,-0.47913143039307865,-0.34989105348416977,-0.18958125270198609,0.20891011697913267,0.3068740909369594,0.49773337351132424,0.36695077912265117,0.19419575652827048,-0.21679859382570763,-0.31660202008105176,-0.5142727211660677,-0.3813715816551896,-0.22470124970743224,-0.32563105848400264,-0.5432957147857735,-0.9301000379400259,-0.683219578966061,-0.47240456689405663,0.32558105743922877,0.5432962896102997,0.9300998039729413,0.6832197982103062,0.4724039961238426,-0.3255889108495729,-0.5432961967546627,-0.93009966108656,-0.683220632438725,-0.47240408705239145,0.014296122583745153,0.03878951835248631,0.1456296943546003,0.2839618806026806,0.3429961288391239,-0.0789610535243993,-0.09361552689772332,-0.008626135746739618,0.1775314980997305,0.2845621979484381,-0.04684858313266003,-0.06768901073735155,-0.10677554641360536,-0.05643050261682895,-0.007510808692059655,-0.04537027869164187,-0.10242348425111462,-0.3885565127048757,-0.3385587970365725,-0.24661659806109631,0.04537027869164187,0.10242348425111462,0.3885564559947319,0.3385585679843271,0.2466165745291512,-0.04537027869164187,-0.10242343428899058,-0.3885565657071317,-0.3385583998405243,-0.24661633216882603
ROC30,-0.08887050473698052,-0.2844075528855717,-0.08074959013650967,-0.13837785506381192,-0.02907465478643851,-0.1407945218563568,0.01898107827073681,-0.053080644909224504,-0.04214554469926666,0.0888722105703045,-0.1264896534248783,0.21153422869065597,0.04924717827681832,0.2712538117144975,0.44099980075656675,0.7151056251905229,1.0,0.5265780594313723,0.20062453196981278,0.3389076295696673,0.5674394651333566,0.7811937428668235,0.8505218034008561,-0.17517938878939243,-0.2074545472267002,-0.2241672261162896,-0.20538624134206998,-0.06405873650997716,-0.22711613083114832,-0.3841455054077074,-0.6274488849835966,-0.8644454754543817,-0.47724591942204714,0.013331250986679597,-0.041228240852901187,-0.12704631333199626,-0.16512086117636654,-0.18457896701492899,0.0070388547913547974,0.016574111382825742,0.03340693635684137,0.08003005078326399,-0.4527042992568386,-0.014891426213135585,0.08505194880725112,0.2548957485324043,0.4393363418712123,0.4977614558119248,0.2944876539424237,0.3827435265708027,0.5494770086443775,0.701948492256411,0.5671068089104743,0.1294393143720479,0.2495866977840866,0.4477574330137912,0.6304298605231725,0.7367859213154646,0.22673704472241374,0.35418002425838535,0.5503717573448104,0.7214827262295869,0.7381361083684269,-0.1449787344651452,-0.2453268081381979,-0.4016229425333098,-0.5369282983838343,-0.6444456943499816,-0.1604083950686071,-0.26755269948518456,-0.4704146035718398,-0.6697851808642226,-0.6541065839951954,-0.140818340152872,-0.2034356654153058,-0.3158411846381384,-0.43976452751073547,-0.29763769050801975,0.1464638279591268,0.22629128669330664,0.3500407133360111,0.47456497557247207,0.021303888549099603,-0.1758403002123235,-0.27069776994925276,-0.41868102176257527,-0.5789449603447898,-0.24142509533146866,-0.07162015335356489,-0.06120327179896462,0.011858019375096642,0.11315656569242896,-0.035865873714123024,-0.09186398434540827,-0.1277871948317376,-0.21217982139585784,-0.2477240730260864,-0.08335779539510446,-0.15769151574903087,-0.22714384260966117,-0.31955106456560384,-0.4312802432196915,-0.22574731541499177,0.15322946850337532,0.2267889544446307,0.33350121461217413,0.45428789235921135,0.2267547668404084,-0.15828093908716964,-0.2338375247234362,-0.3475095992876704,-0.4746770691297868,-0.26081699115618134,-0.2342848223556632,-0.39281527636314695,-0.6578419452269016,-0.9227352116748204,-0.5622516736187901,0.23419501407753926,0.39281596624875403,0.6578423236910848,0.922735761092173,0.5622513417725286,-0.2342049483619585,-0.3928145384268331,-0.6578419025112747,-0.9227357908312386,-0.5622509717026353,-0.00277677428218002,0.008253065910730668,0.04295556213315733,0.12354308064926839,0.266033995429985,-0.06256446966093852,-0.06920871318105133,-0.058337083507795824,0.02442948268349737,0.21031611780867995,-0.048748429996307574,-0.05887692207816464,-0.06257893988307121,-0.07241582344545873,-0.015772137522897127,-0.012516054516911455,-0.042814127372536065,-0.12738771124653298,-0.3619029250926052,-0.2124719236542532,0.012516054516911455,0.042814127372536065,0.12738769842276554,0.3619026535694512,0.2124720620742683,-0.012516054516911455,-0.04281408334903467,-0.12738762654848146,-0.361902585569766,-0.21247189203780442
ROC60,-0.06386032855403703,-0.26094567572379784,-0.053138084498459554,-0.12397508418555946,-0.02284889712243954,-0.1376098049364,0.004849053962069619,-0.037648484264296705,-0.03023367241683248,0.06386019725944911,-0.12636333801061467,0.18737990322875245,0.03838877180834673,0.1813764876227334,0.2824999658990274,0.42389249270216295,0.5265780594313723,1.0,0.14037171580816749,0.21686793667205143,0.3515290492635211,0.44896425574451526,0.7572027515372994,-0.1730608920907481,-0.20279573561218583,-0.21487552095027532,-0.22062254172105206,-0.2282103314525822,-0.15572029691272474,-0.23647664810452257,-0.3700308013862902,-0.4587028013833649,-0.8106488154281738,0.0029604042618380563,-0.013198660794586042,-0.0488722924886448,-0.08098459227252836,-0.2008938713043784,-0.0033427501726478017,-0.009834651115517,-0.002950798207254948,-0.01309401728275316,0.046550460646587875,-0.052342708740048816,0.0020254607081674077,0.08928442641303926,0.14135939541724574,0.36117058594631224,0.2505351171745125,0.30578401381983406,0.40451323105864495,0.4725301559315279,0.6964444457751006,0.07862746656278793,0.14134466370394358,0.2585520106847384,0.33206087871081774,0.5533443135217443,0.16986550058588598,0.24270165433089724,0.3593860200190941,0.44398456424515786,0.7163316956965792,-0.09354069608853713,-0.14952340447275797,-0.24112750872475583,-0.2975677184783619,-0.4669629317244402,-0.10665310707891379,-0.16599476704426647,-0.2850604600192377,-0.35831084271872865,-0.6115161714087042,-0.09104986512302324,-0.10096879574070343,-0.13741801857195396,-0.15024824451881524,-0.29857513935579194,0.08842398759681676,0.14193794260924344,0.21047842586552062,0.2510089831360985,0.27578457904495385,-0.11246961599518511,-0.15325605116308774,-0.21331958035238766,-0.24711301999535895,-0.38247366560167245,-0.031991639027610534,-0.0062952390626543194,0.07645407402781461,0.12043937206395022,0.09622546516154826,-0.05485444623896853,-0.06405174615206569,-0.0809763438900126,-0.10030846345678904,-0.15372778642094917,-0.09184234129755227,-0.11785768304377409,-0.1466458510068206,-0.17607403997118262,-0.3167094190444417,0.09143057737643531,0.1258843949632059,0.16971863115662933,0.2035761083618248,0.3575573567990656,-0.09326562268614473,-0.1265134836858057,-0.17280988384002965,-0.21062759097882094,-0.3851525516886715,-0.1445585751763461,-0.23724312073514256,-0.3613808029768248,-0.4545622887546851,-0.9115090298559019,0.1444874179028949,0.23724380406422008,0.3613808527542776,0.45456168528278085,0.9115085501009761,-0.14449432737487508,-0.23724340221522353,-0.3613810587609021,-0.4545622687455046,-0.9115087046720192,0.0017090394568699263,0.004232660855215194,0.022013722638940803,0.04588879711241379,0.08705861458588968,-0.056382687822476595,-0.06834507971475946,-0.04001238502134798,-0.008638144408904418,0.018262296040969205,-0.03162082321937254,-0.0423511657101857,-0.05075200485232581,-0.024811766283617205,-0.004642087897468494,-0.008053443227669639,-0.017375111251596305,-0.061814119006305804,-0.07597374109795266,-0.2556225353220846,0.008053443227669639,0.017375111251596305,0.06181407903334674,0.07597380376058567,0.255622191890255,-0.008053443227669639,-0.017375171714330766,-0.06181405435944585,-0.07597358661558146,-0.25562234174521986
MA5,-0.5459867122151391,-0.29589613225716016,-0.5025916703015774,-0.18315995942013388,-0.05293537128964973,-0.0855579030203946,0.07015168013172991,-0.42557977260493585,-0.38710122476245173,0.5459888572377507,0.15643864437262675,0.47546998077820174,0.34735905341694273,0.7498618599002846,0.48045328318559155,0.2935082268975687,0.20062453196981278,0.14037171580816749,1.0,0.7982616722229194,0.5567606945842253,0.44050687216533746,0.2837270149298587,-0.09209687858091932,-0.011778659508020038,0.04216506691040003,0.06448014535753516,0.09107778078198353,-0.8737729281124018,-0.38704507729172827,-0.11500791227417652,-0.023532441224849564,0.0787951136457859,-0.0896505230043048,-0.06387925289273794,-0.027560428090536514,-0.012138670533614506,0.036251234243780586,-0.2705027090177998,-0.7301093066717377,-0.7491557148066273,-0.6597762793842807,-0.4702468286778238,0.6456623209170129,0.6137073232578456,0.5198873281511933,0.458108724709351,0.3635642444134114,0.7232421641894446,0.5719327115053217,0.4229302455392156,0.34581829720950674,0.22589139138039765,0.9024721429451759,0.8212503888146829,0.631335247717864,0.5098177614745818,0.33826621893864445,0.9168487077428057,0.7388816873497888,0.5325254821386578,0.42895892897793403,0.2680383771961821,-0.7758322611410124,-0.7353294410777422,-0.6270535485987391,-0.566638014551986,-0.4651912494778068,-0.8116602156050191,-0.693953104468671,-0.5546832556305273,-0.4871625676102691,-0.3892342508606207,-0.5186680024359489,-0.30330612465718526,-0.19890593264033962,-0.1543329575859372,-0.07941375674794057,0.36020039850716407,0.14640073132175482,0.05107780456504296,0.012588597212177683,-0.019162707815686734,-0.5704243109959558,-0.3012245645891095,-0.16341841403926896,-0.1095638592927627,-0.03184376434839446,-0.15674974378582981,-0.1175693810835656,-0.05929794271393547,-0.046164985179834694,-0.019617715152132585,-0.1964993262347104,-0.1086372272506752,-0.06728516612509605,-0.03826954818860012,-0.0030045992748883254,-0.4759215810736076,-0.31161007273198515,-0.20153295363410814,-0.1479597891553502,-0.09215327835709651,0.4764599528864046,0.3122820928082431,0.19774162645449117,0.1447278459148606,0.0913459578079556,-0.49342805697777176,-0.3325382215765062,-0.22281908191682537,-0.17003360645266727,-0.11426520427309222,-0.675448061094884,-0.46062434834683663,-0.31151412032126286,-0.23277733543644602,-0.17741799054552265,0.6754727344730945,0.46062641825420275,0.31151529131588346,0.23277672593465693,0.17741756286260205,-0.6754748499774652,-0.46062509986599165,-0.3115143783172714,-0.23277736255640574,-0.17741810280555748,0.42062534090194686,0.470560242391483,0.455985728125581,0.44090311900985885,0.3912735875217955,0.06583855250339525,0.24482766240396292,0.35419732583966945,0.38061510707519464,0.36861819900565473,-0.09028012750134684,-0.06297998995343933,-0.03200133613069795,-0.00898119244702074,0.004407973650617718,-0.40421679317574544,-0.361389418239365,-0.32139464098946746,-0.29984211335253314,-0.25342999755532325,0.40421679317574544,0.361389418239365,0.3213946297120469,0.29984176371682014,0.25343010761695334,-0.40421679317574544,-0.3613896077659261,-0.32139465812561735,-0.2998416346248266,-0.2534299981684601
MA10,-0.38625260011526,-0.33204964974091783,-0.35473030611670986,-0.20288779537862292,-0.05990180292701822,-0.12594237503855196,0.0502251339362239,-0.28529172166447286,-0.25992467374979755,0.3862573815311615,0.02288784518057908,0.4011349343223919,0.232155764417808,0.8831440887635938,0.7785833802187638,0.4707251571429023,0.3389076295696673,0.21686793667205143,0.7982616722229194,1.0,0.805728678300027,0.6564646469010089,0.4368091054887349,-0.1477970081290457,-0.11918391385285466,-0.012431376999793521,0.04028221192746715,0.1044028722211236,-0.8053589999170369,-0.8058030194493069,-0.35638815967591836,-0.1607157630787185,0.05635430849624228,-0.05770056134561146,-0.1306867223437291,-0.09775742091235998,-0.051667035053486736,0.030081381935587494,-0.06675682868411908,-0.3112361739899968,-0.7210276355669007,-0.7812430054825887,-0.6560856599557578,0.45967958899776096,0.6459099757444917,0.6146592003613286,0.5562757789246308,0.4646837716972187,0.7030391126922805,0.7568434553406781,0.6031845056627471,0.5000424323814038,0.3304567437199053,0.6884395022740641,0.8990894168307128,0.8249181505723753,0.7248726788587087,0.5157274794250892,0.7561851643097239,0.9264019056245183,0.7512097413987394,0.628946549981103,0.4064157633814152,-0.6078738097124462,-0.8133878467533893,-0.782575506670585,-0.7267656681301763,-0.6186990755512015,-0.688043262281807,-0.8302359804563925,-0.7165640827806163,-0.6350195895935127,-0.520200712597592,-0.5045160676500122,-0.4870527181515991,-0.3297350133665235,-0.250547161449713,-0.14066930992202573,0.44311427639663864,0.34877672920932734,0.12239125967684741,0.05858712931472013,-0.027875093669131403,-0.5911832073147903,-0.5565418487991737,-0.30838511834341975,-0.21529323906440706,-0.07358842237599138,-0.18342077412484126,-0.12569046050296592,-0.06908698077447521,-0.056139554851876085,-0.04109750518495312,-0.29315671384891895,-0.23228019600394031,-0.13670779807871256,-0.08789518441493856,-0.023389023652585564,-0.5262906281615473,-0.46129460208098555,-0.29010904301375845,-0.21864782248207093,-0.12871749230129687,0.5229884910563766,0.4602396107861169,0.28397548573434067,0.21376262228757004,0.1256548670891793,-0.5423061948887216,-0.4884527009167663,-0.3194594922073664,-0.2502887899828801,-0.15853084105253143,-0.7841926589326483,-0.7284441663402311,-0.47917411724897857,-0.3688864827506938,-0.2704044852933732,0.7842199317162726,0.7284459972835213,0.47917502006244456,0.3688859787082756,0.27040477221203074,-0.7842230641963719,-0.7284454221897642,-0.47917409834252284,-0.36888659881669056,-0.2704051050339118,0.2197724993741154,0.3875883013896222,0.4708376172869017,0.4808004281331068,0.4412354825126283,-0.085615708665244,0.1332339960148611,0.32742784436483785,0.39430079831951215,0.4077412836725774,-0.11341229281039462,-0.10081032690154382,-0.06107753745496935,-0.022767436569619413,0.0010256616370662747,-0.33164804875153164,-0.4222931975091729,-0.3707125642262029,-0.3491529446893073,-0.28649369953861287,0.33164804875153164,0.4222931975091729,0.37071273935636384,0.3491525625957029,0.2864938758287528,-0.33164804875153164,-0.4222932461385534,-0.3707125603031142,-0.3491523941345113,-0.28649358447086576
MA20,-0.2643616897378271,-0.3535812758776702,-0.2452019547548793,-0.2067814436143129,-0.05973826453696738,-0.15037367493207945,0.038571595742299715,-0.18079025381175656,-0.16695614255108543,0.2643672406212183,-0.07082509401517063,0.34663471026788806,0.14642117671690666,0.668130480642231,0.871849934706903,0.7888427773620084,0.5674394651333566,0.3515290492635211,0.5567606945842253,0.805728678300027,1.0,0.9123310977500637,0.6544002967430187,-0.1733032472362092,-0.18647313972314086,-0.11658249450103667,-0.037205261930993896,0.08527915893205919,-0.5836244843731581,-0.7887367133689971,-0.7758743351011315,-0.4913819199408668,-0.06605356263302678,-0.016525811662660282,-0.106103089641272,-0.16145005450771638,-0.12826812848577493,-0.020573667489972004,-0.02191187016652307,-0.0866111684766576,-0.30260334606994693,-0.5834936625772612,-0.7885209194447286,0.23684505671851352,0.45125058082293307,0.6486039030522281,0.6205003013579637,0.5518131144411516,0.5646825081613187,0.710992587388013,0.7780521632633633,0.6757185507087192,0.4594482274810025,0.4570706913658884,0.686904499017061,0.8975123821431449,0.8731150530308316,0.7181857808199348,0.5462073805417733,0.7705929654096292,0.9163048904777658,0.8350414734218446,0.5945932277843011,-0.41622050937049115,-0.6284027022912004,-0.8211341383723905,-0.8176504686402599,-0.7407170759042602,-0.47167572035928695,-0.6824356569280565,-0.8491534035590823,-0.7820663380841574,-0.6582879914777493,-0.36402119232775193,-0.4636996854803428,-0.46850136117590807,-0.35249079837565356,-0.2183853008537108,0.3488956134694249,0.4289372897592954,0.3173513728949469,0.16184371691602908,-0.03110886745285075,-0.4389262867881381,-0.5736599555410455,-0.5317837001173783,-0.3670533401167479,-0.13419744590770077,-0.15104451579425412,-0.12449556399293554,-0.013608900803700379,-0.014317283709541736,-0.061504515146961584,-0.2230012902621363,-0.27732604671744554,-0.22269653507700118,-0.14451952153332567,-0.04401950881120514,-0.3928996164445546,-0.4738646787159318,-0.41678932333889945,-0.30833606707350664,-0.17699850451395632,0.3860290035914093,0.47132570106729726,0.4160086359658296,0.30185381405509093,0.1653301715662807,-0.40058912805789026,-0.498760144282334,-0.4608027480350158,-0.35077124360624057,-0.2139466058141494,-0.5888231295305544,-0.799191381332738,-0.7502798823356315,-0.5682054592968261,-0.4060375930093545,0.5888391666388852,0.7991919512042408,0.7502799696132116,0.5682055982282881,0.4060377803014535,-0.5888425769735885,-0.7991916153631349,-0.7502796259732973,-0.5682063243669032,-0.4060379982314541,0.0963669162141739,0.1930431960987972,0.35949143809703,0.42890307500227576,0.43076140122012446,-0.11039026512787306,-0.030868630592877144,0.20280136286785788,0.3288188971087754,0.3864920166155814,-0.08995890720976325,-0.11441973806269527,-0.08978538305262537,-0.04453451912245837,-0.004086458082115948,-0.17137554157690962,-0.2992054616310745,-0.40244148874274766,-0.3721928063779485,-0.2916273400603186,0.17137554157690962,0.2992054616310745,0.4024416740468549,0.3721923293794268,0.2916274027824978,-0.17137554157690962,-0.2992054428403995,-0.40244155403209475,-0.37219217145136463,-0.2916270803958814
MA30,-0.20656358772056713,-0.3460021326870868,-0.18956103868212457,-0.19136409512926672,-0.05089909649193348,-0.1540546287787304,0.03422800595743418,-0.13673961881259977,-0.12274987623160566,0.20656929385234368,-0.09946307259052084,0.31051656077103895,0.11316353600831118,0.5413729822707656,0.7520922599012331,0.9065374586366575,0.7811937428668235,0.44896425574451526,0.44050687216533746,0.6564646469010089,0.9123310977500637,1.0,0.8004746222106612,-0.18297486782134798,-0.20128042301005497,-0.1668291896346822,-0.09350465209492821,0.05439743879986887,-0.46842260690673426,-0.6663565774390612,-0.8263788336410949,-0.7493744839185323,-0.22309680255734302,-0.00469172886568181,-0.08648386743435012,-0.16364218057964047,-0.15824881962069803,-0.08474783046856632,-0.013482048043759269,-0.0487838076340736,-0.13504174333873387,-0.3045733942549129,-0.7466373790950818,0.13993075295590002,0.31967339013366197,0.5583701224051235,0.6366087198842663,0.5918946455240082,0.48253756619650523,0.6159191775242733,0.767365948504299,0.7599563416060126,0.5345560401353668,0.34642893102125005,0.5438930524336913,0.7906296164268408,0.8951146259035729,0.804945994403096,0.44445379012776737,0.6401044203736465,0.8496170850821442,0.8999510673099751,0.7050703425451657,-0.3257916711645326,-0.5005473686236569,-0.7165650158485017,-0.7959870357116468,-0.7748130457058648,-0.3618683201847715,-0.5420029533738931,-0.781295658301474,-0.8377279263227853,-0.7221653712781442,-0.2870995787917191,-0.3822025451777907,-0.47374513767355364,-0.4185986243130416,-0.2689280163022663,0.2829847253169381,0.3751252421808952,0.3982818273730821,0.27885729714256846,-0.02406090851061455,-0.3505666506270525,-0.48262403657608133,-0.5762715706710331,-0.4935745487637218,-0.17951992724381183,-0.12392680044527096,-0.10899818419331066,0.004670547698520575,0.04175321141759691,-0.06289960680788301,-0.17578007713246643,-0.23189056215547357,-0.25638291894482235,-0.18976665237790108,-0.06118061030941568,-0.3155860873428192,-0.3972312239783946,-0.43867541066359805,-0.37351495641630683,-0.20421628784275894,0.3097883419273171,0.3942016416813424,0.44042428501920994,0.3712660683183219,0.18680094508102998,-0.3206465730416881,-0.41524665067960814,-0.48441565851113993,-0.4256094968942022,-0.2463833380713037,-0.47101640507723674,-0.6802792336477814,-0.8411258282211376,-0.7425003698022522,-0.5001691131177011,0.4709683743610567,0.6802792607929302,0.8411259694788162,0.7425005210360592,0.5001688735897409,-0.4709762677608463,-0.6802787697989003,-0.8411255387957199,-0.7425011804189485,-0.5001690416997673,0.06027407947657116,0.121769732512233,0.2422378118028868,0.3436183399330943,0.3936602328321222,-0.09552243630489267,-0.05866944421476744,0.08910696166581536,0.24238948690712853,0.3465716936080793,-0.07587217250472598,-0.09721513767338653,-0.09536153481962842,-0.055670235863904766,-0.008215265485951079,-0.11464258372213244,-0.202365059305563,-0.33596976366718834,-0.3850175888383772,-0.2750722636244969,0.11464258372213244,0.202365059305563,0.33596988982048537,0.3850173288144153,0.2750723512491066,-0.11464258372213244,-0.20236501717394834,-0.33596977586245885,-0.3850171940821881,-0.27507205397795087
MA60,-0.12819123221127504,-0.32940505909462875,-0.1169535512910019,-0.16497206791845845,-0.03520818009453858,-0.16587513296452164,0.015670841427193678,-0.08101640279099204,-0.07454394411909714,0.12819519919896694,-0.1295968339352944,0.2625457030021361,0.07178930818026404,0.36063271733140717,0.5303007348258173,0.739348783140522,0.8505218034008561,0.7572027515372994,0.2837270149298587,0.4368091054887349,0.6544002967430187,0.8004746222106612,1.0,-0.18851846057509403,-0.2162606164985127,-0.21713264217762332,-0.18759723695418995,-0.056984137726306304,-0.3088891731682898,-0.4615293606013397,-0.6545169767974318,-0.754829910343803,-0.6736976279016099,0.013186782676079072,-0.045818941689738005,-0.13214531811114,-0.16383653946684126,-0.1789787996769372,-0.005168440809752784,-0.018615329165787443,-0.038217435423568445,-0.07665475209106638,-0.3355364509409925,0.026367587773235935,0.14675990915955597,0.3198598940646597,0.4353479061168998,0.6037571510744386,0.37461833892757973,0.47203213365108143,0.6179605364112404,0.7034695328159036,0.6946348201820783,0.20228290046304,0.3376784120952809,0.5371321775273108,0.6672062751291008,0.8586501798359005,0.3057520981423562,0.4461235312032238,0.6299314450370781,0.7453848994062329,0.8594447134834623,-0.20645849872500174,-0.3243917671785723,-0.4889506974397009,-0.5899348961334445,-0.7446555735551665,-0.22655679115351474,-0.3504284407091874,-0.5464556781606779,-0.6723142854581109,-0.798883508709691,-0.18897774209323653,-0.24403636324114852,-0.32668682254778847,-0.36037578248739216,-0.32985631644090413,0.186896116764303,0.27053316249851067,0.34678299265872525,0.3608785905816281,0.08057085784573809,-0.23105072480801223,-0.3271932068079357,-0.4303034030321773,-0.47611502493188507,-0.31911210612935575,-0.069867573647371,-0.0394034821117377,0.04746674090738729,0.10148192953912616,0.0071662731552976765,-0.1119804574990297,-0.14502386900624423,-0.1949877305882832,-0.19695233201340054,-0.10391381424483727,-0.20619056657606774,-0.2666617769669117,-0.325111342136434,-0.3517594689579677,-0.27985930011385457,0.2009795653506781,0.26847324093878155,0.33780724980873944,0.3662256062209755,0.27469916272292866,-0.20805610434140337,-0.2793307851690987,-0.3619305534441498,-0.40382335829187943,-0.3446279192609701,-0.3089284132961732,-0.47336813203251676,-0.6723889532831673,-0.7776005347930685,-0.7442888602167177,0.30885488935901173,0.47336830395611496,0.6723896510339187,0.7776002472244556,0.7442885685456988,-0.30886467580227034,-0.47336778907784116,-0.6723891592440857,-0.7776008053718405,-0.7442882062566969,0.02591465129762779,0.056418711538594034,0.11643186842401,0.17857274372778703,0.27854978234207656,-0.08895494797759865,-0.07475913259617359,-0.001100698720593472,0.08634642042553811,0.2281761782803419,-0.06272630235340061,-0.08374312851649322,-0.08313190555863335,-0.05306454734784952,-0.009647741256582774,-0.055936439419340095,-0.10143889866968472,-0.18292737958613875,-0.24464531508842607,-0.2657140207875474,0.055936439419340095,0.10143889866968472,0.18292723560316032,0.24464504873050544,0.26571388164298754,-0.055936439419340095,-0.10143892123715982,-0.1829274374959351,-0.24464473202775558,-0.2657138207052194
STD5,0.03527924241381136,0.4906934339408751,0.015290141774172648,0.14545021499544275,-0.06292029042133176,0.12426175735671828,-0.1367815835828583,0.013737681500306591,-0.012356919587837101,-0.035277594624755236,0.27643078018308453,-0.25885347690533705,-0.014999299684376141,-0.1484085711981504,-0.1595353493947944,-0.18190292624184498,-0.17517938878939243,-0.1730608920907481,-0.09209687858091932,-0.1477970081290457,-0.1733032472362092,-0.18297486782134798,-0.18851846057509403,1.0,0.6338436238970411,0.4447239407040764,0.39466346465735686,0.34506837010693847,0.13238088735598919,0.14919441073549092,0.14061055017647464,0.13901213304707502,0.11280239973573467,0.4286034831539257,0.10431410311088342,0.05381416201200497,0.07252869910382162,0.06597203063106107,-0.013945932498838663,0.03825254032720027,0.08624112401028404,0.10461712497950415,0.12866244075493075,0.34434251149534917,0.20762987730686933,0.12793517744389035,0.10698682730191951,0.08610922723519618,-0.42345097088201983,-0.35377817398307343,-0.3246014902146025,-0.3322892904324824,-0.34031829190889035,0.14296726160666393,-0.015756101841184936,-0.09424689160029236,-0.11105839694447123,-0.08399961000148123,-0.29407299661455416,-0.24074859128855597,-0.239950137358665,-0.2617601511880767,-0.2888982970433464,0.050696617341678164,0.11484806737126846,0.15627595550961737,0.18369381008884703,0.21607839029091158,0.04713391669706105,0.08584319361814198,0.11016942966373892,0.12411583271750667,0.13510134897234455,0.13766382621339782,0.22583568100549606,0.2035711618933897,0.18615849638501458,0.13455432436950213,0.01134817658696206,0.06124773317725446,-0.006536568051570171,-0.017554523644289027,-0.00018067195608650205,0.09810213222707927,0.1351741874209717,0.15989812282445817,0.16729228668779672,0.12931672836999797,0.1831045666491179,0.16672790096894333,0.09520933165163609,0.04412451809983838,0.007344247515216091,0.08602712676490563,0.0828456320214931,0.09324135383445091,0.09079597017432654,0.06628960172814012,0.08744148326781678,0.07562117920819154,0.08454857701774024,0.09329927975047381,0.07517168373759461,-0.07316962618798367,-0.08489030273494942,-0.11918500865533087,-0.14044802785438798,-0.1604090299357115,0.08446090234857992,0.08226934707782489,0.10156711503065549,0.11922541599971498,0.12578748229815312,0.1356628739513454,0.1480483960111741,0.16159047309267066,0.15919565875070193,0.16722797419797383,-0.13568270201296184,-0.1480484584468248,-0.16159080300259832,-0.15919569938021275,-0.1672282057515785,0.1356808407050257,0.14804742146655575,0.16159013162455876,0.15919518760769383,0.16722777616392073,-0.06416978317513591,-0.17610917782991792,-0.22828316227715997,-0.25434192582383036,-0.3093414992801443,0.11502845197013334,-0.041095880746203156,-0.1527032569191449,-0.20465377131556764,-0.28002145872032214,0.04721203461648197,-0.05814121960785322,-0.1264292803450534,-0.15915676480223348,-0.19025136139291332,0.17831912804101596,0.17783292698411485,0.19831638018129788,0.2233672278809919,0.2535907553987527,-0.17831912804101596,-0.17783292698411485,-0.1983162550962959,-0.22336708200653682,-0.25359048491510006,0.17831912804101596,0.17783305395999108,0.19831634943342089,0.2233669339558871,0.25359066376330286
STD10,-0.005683602331579949,0.4482825790274636,-0.016223696188903423,0.1821431991786745,-0.007928791933652639,0.1755347585456556,-0.06682065701918888,-0.03243161815590948,-0.03715810238832179,0.0056842860128384215,0.2943887201570648,-0.22132610583928042,0.025310760870171384,-0.08709846014372044,-0.19794032465539654,-0.20412723066997504,-0.2074545472267002,-0.20279573561218583,-0.011778659508020038,-0.11918391385285466,-0.18647313972314086,-0.20128042301005497,-0.2162606164985127,0.6338436238970411,1.0,0.6651212902356377,0.5376280855421889,0.43126145747891464,0.04573559206982825,0.19768712037868483,0.19173051104849229,0.1834937082069569,0.1422131332463598,0.19680131103286286,0.4860776628381901,0.16404550119410477,0.09956205340613432,0.06344101497375075,-0.031495952225834595,-0.057577658085194494,0.02647450774939353,0.07576377038069965,0.1357157582013947,0.3817152927059281,0.3909588276235978,0.24069483759033614,0.1878655420184906,0.14983160054978592,-0.36151182877570925,-0.4837932818736564,-0.39809543570165185,-0.3939969511696027,-0.3994619347468646,0.14529798783191986,0.14067380544505761,-0.016847191983990692,-0.09274345634109098,-0.10260162891262449,-0.14881940956289538,-0.3218588139547362,-0.29729371691709705,-0.2972311502398937,-0.32715150423450917,-0.013029251786387497,0.04966334576260447,0.11708417640607055,0.1519948527146198,0.19782141116275634,-0.01510127905513223,0.0412943197343305,0.07595429834613973,0.09909670589247699,0.11482717418714905,0.0028594433028716706,0.10935284734681722,0.20361797576230778,0.20710134149033005,0.14322290488554176,-0.03726435944809787,-0.0147246618212051,0.02851459762302398,-0.006478443434874766,0.011446168303591226,0.023245430118222245,0.10268773944575016,0.15021124893217222,0.18063164026191972,0.13844881244931168,-0.0340900835908394,0.13594071244798475,0.1474176677951135,0.07766192870369061,0.0264854908475851,-0.016010305890137154,0.05349335791486929,0.08099561941274322,0.08755569417752408,0.06431597127966328,0.03812651117484509,0.08318644486521706,0.0869146351124121,0.10123995406370845,0.0827797024719245,-0.026645744550748317,-0.0799275379529685,-0.12003898605998536,-0.14913529270927664,-0.17564177673878822,0.03596184567454309,0.08459980248112467,0.10288069700634296,0.12647807362271762,0.13742171184265217,0.061164843158592296,0.1779628490042144,0.18656139081850173,0.1978968051764744,0.19871413630489337,-0.061113496292124495,-0.17796250989132695,-0.18656056757161246,-0.19789781217607222,-0.1987140747407598,0.06111736652994236,0.17796211842241233,0.18656168672363665,0.19789641537053956,0.19871314126947537,0.06866834653945525,0.005420236377906531,-0.10770596500740921,-0.15331000520731589,-0.23021458065960523,0.06434922656179179,0.1112348174983947,-0.015496989709609044,-0.08653297890457222,-0.1908503941586527,0.018172519437261746,0.01029398971009069,-0.09192403536860597,-0.14377983693321642,-0.19266333187213042,-0.04036548945461415,0.1013221598392497,0.1414367389741413,0.16548062301665067,0.21407190020168726,0.04036548945461415,-0.1013221598392497,-0.14143682485301454,-0.16548052769515934,-0.21407165927231162,-0.04036548945461415,0.10132211587987408,0.14143675151871077,0.16548052987661646,0.2140718451396041
STD20,-0.01930255237973402,0.40392856179813585,-0.024806141495979723,0.1688443041168164,-0.0026461150763055032,0.1852664818982826,-0.03350384582305819,-0.038398710057182116,-0.034429400645809134,0.019303203516654464,0.2728441867363719,-0.1979627584039967,0.028028272379107235,0.005370733176361743,-0.09802768522748026,-0.21380377579112306,-0.2241672261162896,-0.21487552095027532,0.04216506691040003,-0.012431376999793521,-0.11658249450103667,-0.1668291896346822,-0.21713264217762332,0.4447239407040764,0.6651212902356377,1.0,0.8071075429180063,0.5518440431622297,-0.022994420276387526,0.0760745370811612,0.22488055527149578,0.23569913732840997,0.18348910039332247,0.06304058469997038,0.22250805465244938,0.5321061801157493,0.3403783046479332,0.07626309748439404,-0.02524085756382284,-0.060203249303530035,-0.06775484567854186,-0.02827526456603018,0.08190873980776173,0.34424670965307047,0.39166601468765094,0.4285210449095179,0.33016567138422204,0.24519764161490595,-0.2600654281986525,-0.3568632911342183,-0.48698174888194984,-0.44667732764058343,-0.4382891380427346,0.1530318996158876,0.16681105491509243,0.16365062874302677,0.06576572129189134,-0.058533835258646666,-0.0677361098098691,-0.15765608079515941,-0.34705669695786334,-0.35394526566335915,-0.3471828860456087,-0.04358830193616205,-0.028680246782985315,0.023160570403825107,0.066571967438317,0.1354625533574264,-0.04845703113658543,-0.030182966964168324,0.004989368870682177,0.035718062437514846,0.06066647984172355,-0.0326601038579635,-0.014160416086500633,0.076594104958563,0.1729716573954331,0.12447276743149986,0.02755466198874182,-0.03578723789977257,-0.03294039625325093,0.022278348989681198,0.02314227491069795,-0.033648826921075965,0.014237354220148895,0.1003626098777286,0.13891447277475227,0.12885830382537872,-0.07593223371120288,-0.07811785453928659,0.09498051269678312,0.11920492640816194,0.03869940327850926,-0.05171925735075655,-0.04377115482297019,0.027855842374816468,0.0480065151891972,0.03020346233648069,-0.01445142868373028,0.027765566825680845,0.08816062808281555,0.1071372492110899,0.08621379913364303,0.013759845562813098,-0.036238368679768755,-0.11331602119918276,-0.15108086239336907,-0.17759816167821485,-0.012303623536170857,0.03291500953328594,0.10035028358703763,0.1290711568921929,0.14183058656709846,-0.010428704740668045,0.06329649454515812,0.18118487832285743,0.2099309879851903,0.20957092814918107,0.010463606591399856,-0.06329796864508094,-0.18118437050656314,-0.20993181328013769,-0.20957092261031782,-0.010458496496346626,0.06329618976139864,0.1811849157176438,0.20993187607565233,0.20957041214806912,0.05298866280146631,0.0674624008991579,0.01910990448893406,-0.05044389507427619,-0.15617378515624902,-0.03349256906945072,0.03173686234175463,0.08553758194591808,0.021030342235121006,-0.11437688406730669,-0.06353811508667573,-0.07128514906031283,-0.08074866803927998,-0.1342483658400474,-0.19382108055151212,-0.07635857610099828,-0.0694651587972465,0.0709530072060651,0.10580845181342749,0.16281223241007303,0.07635857610099828,0.0694651587972465,-0.07095290495514629,-0.10580821510007649,-0.1628120957544627,-0.07635857610099828,-0.06946533864047226,0.07095301601074815,0.10580818905172928,0.1628121066858807
STD30,-0.018846809826280356,0.3750654127355288,-0.026574785267443193,0.1590379287165686,-0.0009632345510934851,0.17416815093634117,-0.02948155242865505,-0.03526912424492465,-0.037362612530953944,0.018847469510950014,0.26035005999581606,-0.18476734678402273,0.022608591757337506,0.04789262986288527,-0.018615790025409605,-0.1469462879265879,-0.20538624134206998,-0.22062254172105206,0.06448014535753516,0.04028221192746715,-0.037205261930993896,-0.09350465209492821,-0.18759723695418995,0.39466346465735686,0.5376280855421889,0.8071075429180063,1.0,0.6861938034156095,-0.05320011513178071,0.003552119795266465,0.14168412872235528,0.2244466469554815,0.22466056798953196,0.034521064000601336,0.10960988102341686,0.36666487623022237,0.5393733580047821,0.16362688487911542,-0.017607809245588444,-0.05040466055593556,-0.09045798007297998,-0.07458101410649332,-0.0011812149459124155,0.33194670676683785,0.37865117136408527,0.4361908452769773,0.4617440534366412,0.32549192264468996,-0.21670772344098746,-0.2787714789354701,-0.40703370835261465,-0.4890133239896577,-0.4674719134840968,0.1585999001635803,0.1859805976878732,0.19769287937193308,0.19168075572721407,0.04106985196988085,-0.03794775606533239,-0.0859753999928482,-0.2371608477446911,-0.3537064791905812,-0.3582794197628287,-0.05766855526050051,-0.06905019551774891,-0.03940912787903722,0.0003721208474832938,0.07678903122540726,-0.068114679102003,-0.06994285822511452,-0.048227434659435006,-0.019314662002377744,0.019639152076204106,-0.04048405143175726,-0.04302530123379599,-0.0214307728850124,0.058775731849929264,0.10525757566025055,0.06328311806008602,0.02081064021321317,-0.06432372246370309,-0.0260316695502705,0.034048614857375654,-0.05567534175809057,-0.037065377866290036,0.04238640248714945,0.08683349207825906,0.11133226211687011,-0.06598342449303103,-0.10620357146953628,-0.07595899256935866,0.043662821149121775,0.04633318273181661,-0.04704446495732673,-0.06317296598785,-0.02364431559165556,0.01393674636257342,0.01798565203499096,-0.03991583824511341,-0.01933775668471687,0.04650772924844112,0.09092394782687192,0.08467727496312605,0.045737933196851106,0.016720449429793827,-0.06648314820218702,-0.11888666518757444,-0.16283615284450478,-0.0414676404439029,-0.017472895833755504,0.055496515361770915,0.1055685453422893,0.13509238974095666,-0.049815777433985714,-0.01578740398349545,0.09501853941295006,0.16823268100997607,0.20455023726080926,0.04975002146131728,0.01578693957812468,-0.0950177794809537,-0.16823311237817098,-0.20454983519092088,-0.04975419066068107,-0.015788060981788966,0.09501831788214102,0.16823347162812713,0.20454952599195397,0.03744470130032149,0.05601349032830637,0.053335447810016694,0.01464144026628046,-0.10863444566275161,-0.05993743762722988,-0.028594687091001002,0.033639234719603395,0.05232957747911006,-0.06797956231882482,-0.07839972378401082,-0.12479870858715016,-0.13873858867568017,-0.14080984470482366,-0.1939606875586397,-0.0666736933179935,-0.0872365058828696,-0.0295826876310953,0.0541600783078706,0.14122272079893416,0.0666736933179935,0.0872365058828696,0.02958300109397444,-0.0541599822313641,-0.14122261780999723,-0.0666736933179935,-0.08723659376108893,-0.029582639315668516,0.05415998941051216,0.14122270390979394
STD60,-0.01999697677514155,0.3194136523141873,-0.022994819490841402,0.13421826090980277,-0.0007040183322967562,0.14175815660982075,-0.030960405117254074,-0.03512857115854479,-0.037066245515718285,0.019996140675489216,0.22746776057552318,-0.1523831513967043,0.021934711001415207,0.0979039025349152,0.08166524941900999,0.016787965796824875,-0.06405873650997716,-0.2282103314525822,0.09107778078198353,0.1044028722211236,0.08527915893205919,0.05439743879986887,-0.056984137726306304,0.34506837010693847,0.43126145747891464,0.5518440431622297,0.6861938034156095,1.0,-0.08896261570553295,-0.08065547973738421,-0.009684508288438335,0.07217221832904748,0.24850734492133872,0.030479664311226968,0.029283258419888863,0.09567639673386287,0.21185284590664086,0.47943912571646335,-0.009877788320913143,-0.03317858584325134,-0.08273275767213778,-0.11572674178032315,-0.11063194161172504,0.31056933203683,0.3615113272934111,0.41486661903250094,0.4558721585649408,0.5349354523689024,-0.16221353931054158,-0.18083921436265732,-0.23653480732624327,-0.31648477338285125,-0.5262146405033254,0.1663098519746304,0.2107192794712033,0.2510670908594684,0.25921062620545127,0.2914775625550863,-0.001121170133551751,-0.0019536531720627144,-0.07416208959012968,-0.15622981027551755,-0.39531649559911636,-0.06942688071967443,-0.10445566347196258,-0.11567281168780758,-0.10236865405170925,-0.05546366025412207,-0.08275399920973844,-0.10858024712290423,-0.12475818623001951,-0.1114261436748187,-0.08367456432454379,-0.04128270176648933,-0.05573715998284842,-0.05962544524167037,-0.045506477159922114,0.013331304948906332,0.0913798449168666,0.09336993998536712,0.0350543980181054,-0.025109420094726716,-0.01538336130853561,-0.06924453466334318,-0.08185599312794148,-0.045354016375904846,0.0038696643744646707,0.0740033395856603,-0.035937141668204046,-0.052301076736944174,-0.06492007190169007,-0.09298163070222033,-0.022449373005212034,-0.04435490718153993,-0.06334459957409311,-0.044122032439872234,-0.023708401746716155,0.03453905525520739,-0.04694780296374462,-0.044387062636865884,-0.0057289941750578435,0.041289482110381914,0.11705242268001233,0.05296267757705755,0.04985964628860625,0.001894267888936741,-0.056059913659271814,-0.1647708260952095,-0.04851052000408554,-0.04535323610711831,-0.00417972048762556,0.048674918302711756,0.15567277709955124,-0.0809382221886698,-0.09779617282515841,-0.060525804413940204,0.008358121721764639,0.1754355682367245,0.08089206765793032,0.09779625217588164,0.06052700661536136,-0.008358056813977145,-0.1754355032191241,-0.08089548353447823,-0.09779658202677385,-0.06052616301413507,0.008357711990331022,0.17543578162388296,0.02747267922989357,0.05143287649069104,0.07827797677486502,0.08179637252358715,0.012247630715062888,-0.06581673951039749,-0.055480488383373106,-0.018809324777046398,0.016835139753155672,0.01818201477950467,-0.07668372251152748,-0.13721895108335788,-0.21605009030490502,-0.24020685322454727,-0.23002793160686688,-0.06288477582773272,-0.09697118132980437,-0.10065114788600565,-0.07564575795079491,0.06246501584933501,0.06288477582773272,0.09697118132980437,0.10065137017090293,0.07564582679352486,-0.062464621288085456,-0.06288477582773272,-0.09697119775148356,-0.10065115263394714,-0.07564567717918089,0.06246491875803743
BETA5,0.27202367022636204,0.2607207477595652,0.24674823478934005,0.14463803637856965,0.02973964849578972,0.10851260573300016,-0.029859386577508314,0.20282227485691723,0.18860433782118333,-0.2720248876769586,-0.00865988859641343,-0.29735758196257406,-0.15915029904076095,-0.8213069708294911,-0.5158402157232236,-0.3186180235884856,-0.22711613083114832,-0.15572029691272474,-0.8737729281124018,-0.8053589999170369,-0.5836244843731581,-0.46842260690673426,-0.3088891731682898,0.13238088735598919,0.04573559206982825,-0.022994420276387526,-0.05320011513178071,-0.08896261570553295,1.0,0.5039494321945652,0.1707624829619324,0.05985499628732411,-0.06612265537808286,0.0716700297754687,0.0957932352163205,0.04422123264954427,0.02205773921502573,-0.03252563005322215,-0.12333371841079165,0.5368546922920889,0.7054108873160113,0.6528799243912922,0.4885710908977813,-0.538155147694883,-0.5649828104953828,-0.49691375886585004,-0.4450619984997239,-0.361887003904818,-0.6822093650571744,-0.5754890259098023,-0.43873897445239246,-0.3634384099514423,-0.2407297283582422,-0.7434019700347033,-0.781535036664758,-0.6502014003693058,-0.5377575013857364,-0.3643033279549876,-0.8056638146890919,-0.739027298959577,-0.5524889523747449,-0.4526159857549444,-0.28993487734819073,0.6398676706220106,0.68439783874147,0.6096600849083059,0.5591198451669277,0.4686626463799112,0.7188532130714933,0.6614598334568504,0.5458865008842967,0.4842720868694152,0.3940754441051414,0.5726976478667296,0.34280603829297235,0.23349428151506452,0.17987091154845983,0.09731940232620195,-0.4590317737394469,-0.18515994716462578,-0.06636746810023984,-0.02632902735815813,0.020741218516556106,0.6503915415520416,0.3552130508719247,0.1996441339743781,0.13912673851090138,0.04543811133955131,0.14880715222783417,0.1299835840199082,0.07078998848410598,0.05281460076282762,0.02756173520471349,0.256235707931481,0.14193323159437693,0.08935201189345325,0.05661062426349705,0.014147235544296028,0.5024460212686583,0.32157682011314004,0.20695889435618484,0.15393946414144927,0.09261718210869913,-0.5055961452164861,-0.3247654847998743,-0.20559912886645834,-0.1537759742225068,-0.0936842084684239,0.5192243259236838,0.34129251917941306,0.22870511115493364,0.17711247093064347,0.11550423085581994,0.738473612801278,0.49665224961741405,0.3341074866397193,0.2564311726332235,0.1929887822048692,-0.7385021032440309,-0.49665313602621125,-0.33410802001241185,-0.25643092067210316,-0.19298856388522082,0.73850396397869,0.49665214351016884,0.33410726344606145,0.2564311089548074,0.19298920553695065,-0.29918166107130983,-0.4101436715025089,-0.42148939914215916,-0.4137835970819376,-0.3693400337625783,0.008102968521184414,-0.18234853609507026,-0.312236629526884,-0.3497619525970167,-0.3452968196129257,0.09831689567323505,0.06992085772264704,0.03830542547394654,0.013993080676907455,-0.0013590581328210747,0.3945572267328712,0.344312811411722,0.30624858970208885,0.28867242912744523,0.2386073598999969,-0.3945572267328712,-0.344312811411722,-0.30624886203244883,-0.2886722115169955,-0.2386075217404558,0.3945572267328712,0.3443129902715622,0.30624862539318565,0.2886721610195124,0.23860717938940457
BETA10,0.09163539883072491,0.25776212978207264,0.08236030212962982,0.15368782202299905,0.044877056408289914,0.13909489591535784,-5.1585345485884714e-05,0.04509310420967535,0.04763917160203292,-0.09164153493241896,0.12028069521383626,-0.19322163876190385,-0.03219504436202302,-0.6513952809192612,-0.8481329197510593,-0.5141829833511825,-0.3841455054077074,-0.23647664810452257,-0.38704507729172827,-0.8058030194493069,-0.7887367133689971,-0.6663565774390612,-0.4615293606013397,0.14919441073549092,0.19768712037868483,0.0760745370811612,0.003552119795266465,-0.08065547973738421,0.5039494321945652,1.0,0.5250865263514125,0.27253514104421134,-0.009098061914989585,0.009883568054917352,0.1427461730671888,0.14641792075338192,0.08269412286188851,-0.0093511312215269,-0.18057628091288636,-0.19853002415536922,0.4331985653648122,0.6205321931051957,0.6285139775560903,-0.14145793301896317,-0.45677203788913107,-0.5115845138812528,-0.4789234187000522,-0.42093499618530933,-0.44884555741181553,-0.6872622525040897,-0.5974281309794227,-0.5028780571725214,-0.33797252873042144,-0.2874965810723928,-0.6536346308862598,-0.7353685119495809,-0.6927906272011845,-0.5349260284444526,-0.3825067037841903,-0.7721140842478319,-0.7259333445919899,-0.626081632612577,-0.4224556183808938,0.26775234085611804,0.5901144211485877,0.6682842501423661,0.6400596054935854,0.5654998872474514,0.3498581818669872,0.6703846318616619,0.6482341325496023,0.5832622156650158,0.49174865245481036,0.31741920686189,0.5157016139777777,0.36004266412339375,0.27285248531692174,0.15978747397386306,-0.3570826745568764,-0.4660808775502626,-0.17051539127785112,-0.09512630664286711,0.02650732800436549,0.4024343996296312,0.63907708180333,0.36306464521350784,0.2577777942398803,0.09777587654497608,0.1352836305846867,0.09130213935633627,0.05744179742098361,0.04670836886134626,0.04877702584070009,0.255460168629921,0.28275550670128946,0.1616723424295291,0.11204226324624425,0.034660142501235586,0.3867348380693359,0.4773595841179212,0.2967973243110898,0.22877591670391445,0.1300009628005248,-0.3810130246042654,-0.4767406207470273,-0.293894200873507,-0.22674281282839598,-0.12860261612920662,0.39507758581061625,0.5043508056373205,0.3271286161584962,0.26131232469887367,0.1598310007856247,0.5881840055395239,0.7963566437526436,0.5170036699136141,0.40644385118123794,0.291014747009581,-0.588221130408458,-0.7963568803263348,-0.5170034378068603,-0.4064436577689361,-0.2910155724400261,0.5882235476685495,0.7963573073155839,0.5170030073198139,0.40644382537865176,0.29101584170206596,0.04016821379820824,-0.16241654157107624,-0.31813926387711733,-0.35176988059208636,-0.3378005354857709,0.18245099715906976,0.03449436656686163,-0.18886156279021266,-0.27529195775311527,-0.30629095523429,0.08440969229046001,0.10856443534675289,0.06688041916451178,0.025598579454899326,-0.0002539475057568099,0.11037639186938483,0.33904961238095194,0.2940473077900681,0.28202628652833084,0.22388613481485356,-0.11037639186938483,-0.33904961238095194,-0.2940475085945167,-0.2820258352185749,-0.22388631425459746,0.11037639186938483,0.33904960823005004,0.2940472866195298,0.2820257812894552,0.2238860203551466
BETA20,0.015167662310140138,0.24358580584391798,0.016566788233305384,0.1348641558800637,0.03884101890432981,0.13153799904117316,-0.0019976063723918303,-0.014041046135432578,-0.0110988639056674,-0.015174029098742428,0.1602740866322571,-0.14588098024141033,0.016080721197080722,-0.24066573268435512,-0.6039043406416108,-0.8665742054883346,-0.6274488849835966,-0.3700308013862902,-0.11500791227417652,-0.35638815967591836,-0.7758743351011315,-0.8263788336410949,-0.6545169767974318,0.14061055017647464,0.19173051104849229,0.22488055527149578,0.14168412872235528,-0.009684508288438335,0.1707624829619324,0.5250865263514125,1.0,0.7398332126097256,0.1943113733738047,-0.04071992680752092,0.04715562984351902,0.18961093812961452,0.1900562477719148,0.08466192872043307,-0.09025930106761007,-0.2242795384013825,-0.25296330968499053,0.14303204967937136,0.6166414752367965,0.08131481620529514,-0.08969657823258113,-0.42309670191817783,-0.4542301662551055,-0.43804729136781506,-0.2301041009689699,-0.41349052801553304,-0.6898536620663259,-0.6385299980634719,-0.4534657548438246,-0.04953429406563247,-0.2425041540532755,-0.6058237617252004,-0.6928279735083925,-0.6589493904972102,-0.14018683624867478,-0.36267260589938,-0.7410709839195748,-0.7599777332437326,-0.5859311698940548,0.06947615190913556,0.2277938130287869,0.5317834123962512,0.593477263035351,0.5943784178358719,0.08902093979035189,0.29312461525000955,0.6495930862911228,0.6426600916420939,0.566471246528948,0.09627675373996153,0.26152856601144187,0.45678443282056613,0.34859915959899285,0.22839633400529594,-0.13857124763958892,-0.3442382455329372,-0.43717182410472893,-0.2206014823939516,0.029157236667556884,0.13605789086226225,0.36779297461028665,0.5901719437158075,0.4028745392268528,0.15815237466582582,0.043428416564610814,0.06437781891149398,-0.051812785705849074,-0.03718858423508158,0.06044497002174087,0.07361632685218567,0.20268237135801254,0.25327990209198215,0.16539537645389676,0.05422166532301211,0.13148409305989814,0.30882147997799586,0.4185166356942598,0.3092854475663083,0.17466312746376622,-0.12628102742271793,-0.3104098172756899,-0.4264757964419889,-0.30797022902704474,-0.1629347818937101,0.1320898827313786,0.3245951980726196,0.4645465507273646,0.35108487550876244,0.21020081029639198,0.21392850252586768,0.5574304225886819,0.8105371181565881,0.6156435300972605,0.4264640137397461,-0.21389101974762223,-0.5574294208576619,-0.8105367830573024,-0.6156441912838204,-0.4264643479316264,0.21389753617961502,0.5574298052074734,0.8105373609724735,0.6156448185802998,0.4264643123608043,0.09175612217673741,0.08657567913232336,-0.08913151410722962,-0.20250110951625808,-0.2530066434644304,0.09071857887504252,0.17865035532934087,0.025734196279042547,-0.12807821434555522,-0.21633849633534355,0.016544499886674068,0.0626379114922877,0.07814206655453824,0.037795175257789596,-0.0021124081312639408,-0.06784937883004015,0.033672638496987484,0.2801414709440164,0.2541939789465242,0.18104270819933277,0.06784937883004015,-0.033672638496987484,-0.2801416492233139,-0.25419380903449046,-0.1810427313936839,-0.06784937883004015,0.033672514261530735,0.2801415734770532,0.2541937079016891,0.18104242095314593
BETA30,-0.014402361870323652,0.21131248290559373,-0.013824167831036066,0.10555196046435558,0.025624929961750757,0.114960076736213,-0.006012101232778795,-0.029547302339954843,-0.033776729263641336,0.014398647209429344,0.15488942592117202,-0.11222986568664331,0.021800608940479613,-0.09506610432589234,-0.3258314202947805,-0.7864138195475258,-0.8644454754543817,-0.4587028013833649,-0.023532441224849564,-0.1607157630787185,-0.4913819199408668,-0.7493744839185323,-0.754829910343803,0.13901213304707502,0.1834937082069569,0.23569913732840997,0.2244466469554815,0.07217221832904748,0.05985499628732411,0.27253514104421134,0.7398332126097256,1.0,0.43879089697062207,-0.039823888688008555,0.015857144566851805,0.11873182590100917,0.1930103008281536,0.18421062498406765,-0.05948899839614274,-0.15443613383082821,-0.3167728209372248,-0.28747925687727666,0.4071507510432549,0.13560212478390749,0.051242570937144766,-0.19581010377403169,-0.3876365944844035,-0.41629818381172023,-0.1396159741063742,-0.24864389510339596,-0.514148125190966,-0.6559357728267489,-0.5079792635309243,0.028933100123912526,-0.07565070749595597,-0.343662819000547,-0.5676391209554835,-0.6460935985518341,-0.057522774393098434,-0.18418818019106353,-0.4832950081012574,-0.6997983914924402,-0.6638239244334808,0.0030065806313823917,0.08047982198726526,0.29329545674233876,0.4536054292335264,0.543467599432429,0.001597616155045881,0.11097801171746978,0.4081100017634745,0.603099953291351,0.565098815184449,0.025047401913188487,0.11214516465063964,0.31953785534818074,0.39154740724656195,0.2627694083360832,-0.0537836770969733,-0.18289445210347258,-0.41308140994569115,-0.3857116940948825,0.009994096390594672,0.04596657676765112,0.17543136078947677,0.45976972626632917,0.5264586990259875,0.2003134241369259,0.010764923686588084,0.018076017209591556,-0.05553067588383745,-0.12494697188899997,0.052102759072120905,0.02052309337819989,0.08783735664394263,0.2287554789569141,0.2069130905457937,0.07421720122731952,0.04788064626159923,0.1514735774164219,0.34500162644674015,0.36948330013509123,0.20081658346787398,-0.04233442246488265,-0.14979673427590873,-0.3525354467274231,-0.37449698350020344,-0.17929582396394944,0.046141104065681865,0.15737094090494128,0.3824559093777699,0.4217215120816805,0.23947009883090062,0.07858065564745878,0.29168043152403544,0.7186269781022546,0.7964050601630515,0.5094557261570767,-0.07850661787040975,-0.29167995438417244,-0.7186273585811611,-0.7964054714618426,-0.509454931994231,0.07851388283183966,0.291679277167742,0.7186271226418794,0.7964057577222377,0.5094545714153258,0.08201670696498797,0.11353635105478278,0.07494885859669154,-0.04854530935518885,-0.1676429831017725,0.04384140440967484,0.12182373229553997,0.15687248863670034,0.01429746807807725,-0.13536015256679873,0.010521970386767953,0.017935462616050866,0.052403309389787524,0.0420173549954656,-0.0026375746733807008,-0.0850870682604457,-0.0772683581586109,0.09154400679765545,0.2418270682545992,0.13655841680312078,0.0850870682604457,0.0772683581586109,-0.09154400034664073,-0.24182695306294544,-0.13655855220302307,-0.0850870682604457,-0.07726843039560959,0.09154397101813187,0.2418269103578043,0.1365583448487839
BETA60,-0.051998318649262985,0.14718806042858368,-0.04715900071375839,0.055678526733245214,0.0011255832597354813,0.09000979400818453,0.005018203945122631,-0.049601648541653436,-0.04188581582159281,0.051998336332322655,0.12763234036465196,-0.060936846066168435,0.03422838932236086,0.06187368353274511,-0.0077486566046130155,-0.22080104330626318,-0.47724591942204714,-0.8106488154281738,0.0787951136457859,0.05635430849624228,-0.06605356263302678,-0.22309680255734302,-0.6736976279016099,0.11280239973573467,0.1422131332463598,0.18348910039332247,0.22466056798953196,0.24850734492133872,-0.06612265537808286,-0.009098061914989585,0.1943113733738047,0.43879089697062207,1.0,-0.022050276940250503,-0.03176594332229757,0.020418276130240116,0.06886317783906878,0.23434073400516225,-0.023060824301118898,-0.07518830685573209,-0.19008371815617167,-0.29694517989708463,-0.35602311859948776,0.16777376443592137,0.17062751182279617,0.1164352711615381,0.02534627628421174,-0.27151771268266983,-0.04460183575708643,-0.07363961090952585,-0.17985751622130075,-0.31621128248398,-0.5888314915462957,0.10804918380434518,0.10350161933832429,0.016596950740979423,-0.09167691909342514,-0.4361121578554992,0.04257846601141703,0.017472523915294726,-0.09446625615244947,-0.23502947356882115,-0.6337942043827369,-0.07106514541788186,-0.0680628300280671,-0.007816233671638789,0.07080037554021712,0.30750296999533516,-0.07921193985122252,-0.06274893024524941,0.03767710746947534,0.16888122862526916,0.48099526086261357,-0.049157032625568906,-0.0475949979289022,0.016938441359500483,0.09732376686495468,0.2482175882962091,0.04212304470302607,-0.010235838983214002,-0.14182266202132826,-0.2722257317471337,-0.19215829945299834,-0.05448754175765698,-0.02607133352740744,0.08378113793892242,0.21492619609170738,0.3270986132137688,-0.049907422877252514,-0.08224031291609862,-0.1160895615324175,-0.15249194358611165,-0.08407536750449675,-0.0356979866511134,-0.03698554061101359,0.018708492031235677,0.0848914614157239,0.11289229112134415,-0.05184884003226469,-0.030633369892962215,0.056457763571246766,0.16034105592401451,0.27117886269032193,0.05475682014642112,0.03174447672756493,-0.060287033164577605,-0.17100907579589436,-0.2644387030319295,-0.05550080618387361,-0.0318991331572786,0.06889915702064058,0.19316576232339838,0.33921973216562473,-0.06393237272718875,-0.005349654059674026,0.1833660710545821,0.4146421267596851,0.7360485394104865,0.06400544465879283,0.005349790582154722,-0.18336697722894968,-0.4146415253267954,-0.7360481297401689,-0.06399963487169932,-0.00534999555125248,0.18336655582947983,0.41464169292829245,0.7360477776580182,0.05333149437160579,0.08870799778355593,0.12844869602646675,0.13430997272108258,0.03464804999422874,0.023418723328103342,0.06349330163278231,0.11907220689090312,0.14414847226640046,0.06489057039042,-0.00038319187783115413,0.0027323384591921513,-0.0026125261958444275,-0.009741388528601944,-0.015806804077193235,-0.07294727938025478,-0.10859739437033623,-0.10705429032204102,-0.07012638792909541,0.11172839962704098,0.07294727938025478,0.10859739437033623,0.10705455751030883,0.07012644822649543,-0.11172800509154102,-0.07294727938025478,-0.10859734039695307,-0.10705426945202222,-0.07012663936943439,0.11172831902529247
RSQR5,0.04709842417562878,0.06510417257705481,0.024270736132190492,0.06551842279144318,0.046242085323495476,0.0530437822114496,0.01286991302399121,0.036364178078223314,0.016336126847228846,-0.047096962760352475,0.016065937249070752,-0.05838964448890809,-0.03253687878601215,-0.055753095287542014,-0.03019131970775293,0.011612687246988045,0.013331250986679597,0.0029604042618380563,-0.0896505230043048,-0.05770056134561146,-0.016525811662660282,-0.00469172886568181,0.013186782676079072,0.4286034831539257,0.19680131103286286,0.06304058469997038,0.034521064000601336,0.030479664311226968,0.0716700297754687,0.009883568054917352,-0.04071992680752092,-0.039823888688008555,-0.022050276940250503,1.0,0.10774525798943632,-0.021445293048254193,-0.03527720862513244,-0.012877830373677866,0.06572723157567151,0.09796390975909461,0.10850826287957561,0.08080476701160658,0.028310387047204993,0.02279291644240806,-0.01643085291873271,-0.013999271373405333,-0.010647023151176636,0.009796585307314453,-0.11211412888115362,-0.04666429380058734,-0.0031997910376360865,-0.00496904604511828,-0.006469084400138254,-0.04684430573608599,-0.08024330455241438,-0.043203523911193906,-0.029827705287699156,0.008520931515746321,-0.11376988119751055,-0.04104383630467791,-0.011417132916872188,-0.005480264442102298,-0.001823680058457222,0.08599780211726706,0.08788579385183336,0.06499183843279119,0.06355500348654408,0.042203531953621615,0.06054702512551978,0.04707770872168168,0.016025275287419365,0.01449908988697458,3.047020933667868e-05,0.09913994521160678,0.12439845331353952,0.08693722469203227,0.06755770951451655,0.040132129686189344,0.01431021716482599,0.06598300748369676,0.05469509759228572,0.0376198374213451,0.01125984009426473,0.07241464911400364,0.05453034859685319,0.03151398830129872,0.030084525818349323,0.014308530091421402,0.09831776468588646,0.10023422191124068,0.059718848832294516,0.02462322864591537,0.0037241386205912165,-0.08094513599454056,-0.032774013615643714,-0.018778137431516885,-0.0114102354046691,-0.0021816136630902943,0.05642521556978778,0.01819771532828631,-0.0010854545902489353,-0.002170286376662243,0.00197897520736248,-0.09843808604837828,-0.06752149522076421,-0.04673489930950355,-0.038032918943319484,-0.042795014035302927,0.0768235431052824,0.041415363315006955,0.019006406714670392,0.015996099738748704,0.020416598671926647,0.0856755164266703,0.05346530668787331,0.013198811196554359,0.008509972715522163,0.009420587413506145,-0.08576711071140677,-0.0534646843985148,-0.01319891697578105,-0.008509666531462899,-0.009421903821858032,0.08575517337418201,0.05346472027815704,0.013199139152928464,0.008510112126199685,0.009420818123883276,-0.1127139843160797,-0.12512359556119948,-0.1091799297188131,-0.09549234893920852,-0.08325246928254625,0.030461133278372413,-0.02363734416221938,-0.06523596297302657,-0.07557749360772388,-0.06855130195986409,0.03896547083504727,0.031169350257948213,0.008153336949761525,-0.008715788937082632,0.0019194074067628443,0.11620343292947115,0.10753386599943347,0.07264493257482624,0.07747162349024561,0.07356224236735272,-0.11620343292947115,-0.10753386599943347,-0.07264467312624638,-0.07747142957993823,-0.07356218552033615,0.11620343292947115,0.10753412314230516,0.07264485975787142,0.0774711984516823,0.07356247518865684
RSQR10,-0.007424784502000923,0.07335359214999719,-0.015012752634569054,0.046718101965296,0.017247049506295308,0.049615552552190495,0.007328587240268333,-0.014427824842539079,-0.011843308245391208,0.007425471034847506,0.0530371812419464,-0.0276126420433521,0.01190497088743161,-0.1319378088390228,-0.11553875177804299,-0.06599951281740608,-0.041228240852901187,-0.013198660794586042,-0.06387925289273794,-0.1306867223437291,-0.106103089641272,-0.08648386743435012,-0.045818941689738005,0.10431410311088342,0.4860776628381901,0.22250805465244938,0.10960988102341686,0.029283258419888863,0.0957932352163205,0.1427461730671888,0.04715562984351902,0.015857144566851805,-0.03176594332229757,0.10774525798943632,1.0,0.135952668671537,0.008641496752001833,-0.049796738828345004,-0.04554886493025733,0.024266336576297346,0.11176721748300338,0.13970292719747965,0.11891512368212642,0.04569872942949592,0.051756551280358096,-0.023523106986345722,-0.052890915778849,-0.03237096006650273,-0.1293401690213592,-0.18510180877720311,-0.09467895936649047,-0.06822947460244892,-0.04286912056682717,-0.030851300889409877,-0.02528986450974122,-0.10786381912264621,-0.12782749009185992,-0.07349007994068384,-0.06784008134341696,-0.19356605236977867,-0.09580259222090551,-0.05703093591574476,-0.031525249289996726,0.03652206128861337,0.08459237831316493,0.10048034537962929,0.10221812677293758,0.08707885042883154,0.04045238043336791,0.07417339149456423,0.06847680622663312,0.0717491685677144,0.04637248941149888,-0.003809045664326384,0.09318668007794403,0.1673397194109213,0.1419270184802187,0.06653718496782247,-0.12336204159400718,-0.04540450286753992,0.049105581238614054,0.045737850231935606,0.037003671047461606,0.05765782998088806,0.10694313494075962,0.10463424781271101,0.09048520031545976,0.02977280841584823,-0.15314454112124684,0.09994844380607235,0.12379722250087843,0.0731998750383719,0.011111405068337658,-0.031243990155400334,-0.037264741044162795,-0.010338596884584085,-0.01953397662089029,-0.027232316417540047,0.03629123606206136,0.03620287174584029,0.02164515823492299,0.013305218771425839,-0.006362881272656774,-0.06524876776726818,-0.08627481584150509,-0.0755069762972142,-0.05974539129999567,-0.046048196950020326,0.0507342007664262,0.060170679513088396,0.04368752720451107,0.035478278217931494,0.018586034774415176,0.09265879048110916,0.12855533517353315,0.09488602046639388,0.07404865526639798,0.03424476219083968,-0.09260347264489538,-0.12855454115074247,-0.09488554529879006,-0.0740496850934011,-0.034244028535417886,0.09260890034726738,0.12855485990713136,0.09488578695723902,0.07404872381511308,0.03424394911857974,0.034038453678071574,-0.046882690419369676,-0.07457127044863737,-0.0756599261929604,-0.06599106941323082,0.025641813465855458,0.0651782092239701,0.01367312636683898,-0.02707543743419127,-0.045740667495585176,0.008184157043867376,0.009521701339988389,0.02761259620865681,0.0016491719327483513,-0.00033307514958016185,0.02563079974028469,0.06849576896899486,0.07833535762598899,0.058386674579574326,0.05565575048175589,-0.02563079974028469,-0.06849576896899486,-0.0783357164838383,-0.05838679935434869,-0.05565580772269241,0.02563079974028469,0.0684958169139204,0.07833541450895844,0.05838660495393824,0.05565565133624457
RSQR20,0.001490436891980787,0.11323333716093376,0.004631446604109451,0.052831383242980395,0.004062767966386515,0.0655001037366076,0.0036174076372411396,-0.006466901258684817,0.005352701844730997,-0.0014918936650786768,0.06456039994100295,-0.06146307470151172,0.002185560026303588,-0.06930626582648654,-0.16263200762779662,-0.16070122446795096,-0.12704631333199626,-0.0488722924886448,-0.027560428090536514,-0.09775742091235998,-0.16145005450771638,-0.16364218057964047,-0.13214531811114,0.05381416201200497,0.16404550119410477,0.5321061801157493,0.36666487623022237,0.09567639673386287,0.04422123264954427,0.14641792075338192,0.18961093812961452,0.11873182590100917,0.020418276130240116,-0.021445293048254193,0.135952668671537,1.0,0.4561214103711054,-0.027841906498217404,-0.020923073350783035,-0.04654687360360806,0.041913388727064016,0.0944424776512102,0.1590377081461628,0.0355479301618922,0.03548665856394011,0.06397590671142746,-0.012010301446427755,-0.06276208700815725,-0.0936174169225386,-0.18228182412467245,-0.25659770680881555,-0.18654515548258027,-0.1045589264791336,-0.010149428195417596,-0.03925070776500737,-0.026882869977947862,-0.10265453159837362,-0.16709175094541434,-0.043362831482864676,-0.12670389537770246,-0.25704329454858543,-0.1899910116871278,-0.09527832916109931,0.029979859366209432,0.07408558271592837,0.10909560607046048,0.1278826585928787,0.1395371385680154,0.032879927478263765,0.08361307494881277,0.10772538871251548,0.11729724249465079,0.09212614486803329,-0.0010432044453470815,0.012239235354033163,0.10489320029892267,0.1734203610292562,0.10826113347570306,-0.037450204385259235,-0.16593763864620403,-0.05759055952990252,0.03586832408764438,0.061501629242589874,0.017531322709091388,0.09629209670550065,0.1319951721083757,0.1215590010884452,0.060157542568909254,-0.09488268370099842,-0.1968605344274054,0.05752198628549103,0.10844757912573602,0.02837642633556046,-0.025186245112567375,-0.029073193970771762,-0.00932844383806968,-0.012875077382751794,-0.05257200417605364,0.014085703961950049,0.04845760536896027,0.0648388158866299,0.0572996706741423,0.0031629390154308784,-0.0335693967810086,-0.08427056864875739,-0.11260490748440705,-0.1027169638318204,-0.05789064630563328,0.0243038718685074,0.06452967229101057,0.08647083500518554,0.07984446296529923,0.031248845106183837,0.057759850356707346,0.12496245485108429,0.17072188575709452,0.1630572638514551,0.082355367950174,-0.05769111814876951,-0.12496360405519616,-0.17072216854268257,-0.16305705674308507,-0.08235503564691397,0.05769921396144624,0.12496324770110709,0.17072304290553356,0.16305707118138474,0.08235557249873535,0.015765103685281164,0.005882282839754579,-0.05774825993330938,-0.08225527734888456,-0.10702201312858697,-0.019718057147686555,-0.009293969067665072,0.00520609403880963,-0.015145245425787959,-0.08486773373000077,-0.02936117947564108,-0.015400791475645218,0.006487769350118549,0.0033706856640662555,-0.01602817135834245,-0.02312643349616921,0.016498268451110576,0.07670504147087519,0.08127986956293752,0.07633773437359259,0.02312643349616921,-0.016498268451110576,-0.07670499154124114,-0.08127952457700136,-0.0763379066191989,-0.02312643349616921,0.01649804451025484,0.07670492032910768,0.08127939510006331,0.07633782604407435
RSQR30,0.010956786028412312,0.11948675396772893,0.0074906181681638016,0.05812982982421169,0.00042214159909573045,0.06934473071126823,0.0012928080548242748,0.004866662003203097,0.0032541420205868636,-0.010960035015716768,0.07416844016579756,-0.07507129400108119,-0.012226143580943266,-0.03410656063068719,-0.09916947088590976,-0.1925282408048457,-0.16512086117636654,-0.08098459227252836,-0.012138670533614506,-0.051667035053486736,-0.12826812848577493,-0.15824881962069803,-0.16383653946684126,0.07252869910382162,0.09956205340613432,0.3403783046479332,0.5393733580047821,0.21185284590664086,0.02205773921502573,0.08269412286188851,0.1900562477719148,0.1930103008281536,0.06886317783906878,-0.03527720862513244,0.008641496752001833,0.4561214103711054,1.0,0.14146751666372362,-0.012883507898746975,-0.035986883970295876,-0.03474902908110791,0.039472484207850066,0.1130219983973049,0.05604945444734507,0.040373478172539556,0.06208530010680469,0.06301189093198661,-0.04488166291987282,-0.08637635149661513,-0.13786908268371312,-0.2518728394380107,-0.27225217996397516,-0.15592355680194145,0.0064243950241984924,-0.015218883525597476,-0.01980815860575754,-0.014971772592288346,-0.14160740521057924,-0.03610108128093614,-0.07379576559771438,-0.2066163498843438,-0.2722849409829374,-0.13709531231651154,0.01574183009250463,0.041771359673680626,0.08800229569920849,0.11756600012499736,0.1428609370164813,0.015088772798317336,0.051550084119384054,0.10059649307169169,0.118822799034464,0.10635303979582186,0.006143543040969014,0.015576993433348235,0.013985529246615131,0.10609167444736949,0.12442227349386167,-0.010926337443821005,-0.08754054753288566,-0.1920751232139417,-0.057058282678289815,0.05549999137497129,0.012343524237367513,0.059964536128196015,0.12834789393666618,0.1283687123012256,0.09163785924971476,-0.0601833028896464,-0.17767081983493058,-0.20856071058351133,0.015972854878796204,0.03468870096820432,-0.010664691597778454,-0.034188068267126316,-0.0012767941368631642,0.009137069438679077,-0.03637691795153699,0.015116779476038322,0.03481698366164859,0.06616925570201486,0.06943242582538083,0.010103429292954677,-0.020768137647947302,-0.05358700532580126,-0.10898159964961304,-0.11301495436041767,-0.058489436389871655,0.019194129203719316,0.044733725915682546,0.08432736231958751,0.08929925860636445,0.03626923809083637,0.031572617787077345,0.07438813508358207,0.1575468239830874,0.17723040388726274,0.11509216589374681,-0.0316347708237889,-0.07438827192747403,-0.1575463042954491,-0.17722957390755714,-0.11509173405488338,0.03163183310750824,0.07438783355574279,0.15754691223287082,0.17723054960934492,0.11509171208097016,0.012440781951208221,0.010434415494078954,-0.02998781721836992,-0.06911237427377205,-0.10861500497653441,-0.027451768875837286,-0.029202835198009546,-0.04389362426018575,-0.03724718353720365,-0.08125753585272136,-0.03239570177748704,-0.05819476178271481,-0.037302182474753684,-0.02493021624916223,-0.014557865010353341,-0.01742334273747919,-0.010255676349014186,0.06867304325288301,0.0649340678496963,0.08810068553623644,0.01742334273747919,0.010255676349014186,-0.06867271455193853,-0.06493377056595998,-0.08810043287731399,-0.01742334273747919,-0.01025566655803044,0.06867308764228108,0.06493399564431873,0.08810066596672601
RSQR60,-0.006979483121263723,0.08298353371411307,-0.0062792611001774214,0.041206709271971835,0.00892506240867379,0.04533977690219011,-0.0024755223450993904,-0.014621076078963053,-0.01632812312183505,0.006972742782394103,0.06455364655909585,-0.041609128103539464,0.0013692024651491943,0.030988202037302175,0.0004645166926363288,-0.09877500089886448,-0.18457896701492899,-0.2008938713043784,0.036251234243780586,0.030081381935587494,-0.020573667489972004,-0.08474783046856632,-0.1789787996769372,0.06597203063106107,0.06344101497375075,0.07626309748439404,0.16362688487911542,0.47943912571646335,-0.03252563005322215,-0.0093511312215269,0.08466192872043307,0.18421062498406765,0.23434073400516225,-0.012877830373677866,-0.049796738828345004,-0.027841906498217404,0.14146751666372362,1.0,-0.006803394751106691,-0.03189439039864138,-0.0814252426683594,-0.10798811968766725,0.018361882008355486,0.08676551142917599,0.08079990245649954,0.03807809964791124,0.008490305310790355,0.028408923379040024,-0.028524745226807577,-0.03299315409625575,-0.08477907676102929,-0.16899736698249918,-0.27320145183174227,0.051877950034517444,0.043905017427457005,0.008570761642828354,-0.026130954628524418,-0.0172831156863163,0.018489863433602767,0.014448674317211103,-0.03974703747178917,-0.12611836932904402,-0.2993373388456486,-0.03267874187161314,-0.03179857240659888,0.006289174572303772,0.06283531830203169,0.10521151405792693,-0.03597002735323404,-0.03107715531330786,0.022873879428607965,0.08891637032066166,0.13075248643184476,-0.018809221507968685,-0.0025232397562466318,0.016238537117388853,0.03260158674782211,0.11378807201515204,0.028783358551259807,0.014499148836636168,-0.09383326402669946,-0.19590558536037833,-0.06390190995701688,-0.024560030957926703,-0.005784568926271368,0.06243729151332939,0.13070661747015358,0.1804668593151144,-0.02168062299733646,-0.04602119888870501,-0.13363627401157924,-0.2395476140621308,-0.02886911843221422,-0.014422535346327443,-0.01401536100788275,0.02418946590048885,0.02965335623557129,0.0645913901525294,-0.004875604130649739,0.010969589346994463,0.05773596773808626,0.08377354224198101,0.09876559286008071,0.013885603424826361,0.0021526869603239237,-0.05152811523065458,-0.09476076733523377,-0.10660753926067962,-0.008923242568506228,0.004566669230253001,0.055729520578661026,0.0886382109671689,0.10934937945850964,-0.028686274384482912,-0.00901592581912104,0.06894055417787964,0.13701496862795082,0.21517438603771963,0.028602677836265526,0.00901469653349166,-0.0689408016689473,-0.1370151564455431,-0.21517393174655028,-0.028610315405146566,-0.009014260529119075,0.0689411061253661,0.13701519326650932,0.21517419719613348,0.023397418514396858,0.04086570684234792,0.046267139425618324,0.029753182618132593,-0.02056103790001319,-0.017110792093310106,-0.00421316150679973,-0.005105236897757618,-0.014863835907632359,-0.014883969732066014,0.0007511415502247579,0.006678964375566026,-0.010635662102366241,-0.0233844739851866,0.01179715112300644,-0.036254883151727764,-0.045797039898051985,-0.020303774150054212,0.009312010797221394,0.04565479345066063,0.036254883151727764,0.045797039898051985,0.02030406548891834,-0.009311923667702796,-0.04565433831302713,-0.036254883151727764,-0.045797048541311954,-0.02030381619219579,0.009311921421592284,0.04565462358148359
RESI5,0.6696748871221211,0.13038576083979836,0.6243629839461606,0.05129257001758667,-0.004864025527430346,-0.044419004228351856,-0.11410483963821325,0.5642451260540822,0.5049842874320604,-0.669672171732122,-0.37638572265907233,-0.4607545874162274,-0.47961279382950717,0.04125995700243271,-0.0012034998821712775,-0.004860398721987996,0.0070388547913547974,-0.0033427501726478017,-0.2705027090177998,-0.06675682868411908,-0.02191187016652307,-0.013482048043759269,-0.005168440809752784,-0.013945932498838663,-0.031495952225834595,-0.02524085756382284,-0.017607809245588444,-0.009877788320913143,-0.12333371841079165,-0.18057628091288636,-0.09025930106761007,-0.05948899839614274,-0.023060824301118898,0.06572723157567151,-0.04554886493025733,-0.020923073350783035,-0.012883507898746975,-0.006803394751106691,1.0,0.4592180972706505,0.1587947276594351,0.08879102953615227,0.029856706421079782,-0.27187530342969085,-0.16184141998832643,-0.1129126044314767,-0.09083961207498796,-0.06141467644300451,-0.17485695149095645,-0.08524105368577396,-0.04337042146805491,-0.029543970583513105,-0.016331579432085134,-0.373814186640549,-0.14921994026964033,-0.04235041178501991,-0.021461797126037213,-0.009321630133702751,-0.2889332640272597,-0.08029476757643618,-0.025685822888311168,-0.008957464790333082,-0.004767722760912898,0.32204251754605645,0.17712095478042583,0.11223638435701055,0.08918495376996252,0.06098326306492872,0.25065076104716155,0.1480949184940872,0.10061763327658958,0.08292815534090797,0.054643616418213456,-0.035589439787968594,-0.013002001251139705,-0.017100522972413698,-0.012776639950104194,-0.012417527641788714,0.1504440792350473,0.054800166271504754,0.020335685212410064,0.020730595756477538,0.004029697775063415,-0.09157433062017088,-0.051130295814519416,-0.03260835817429308,-0.02835744279540362,-0.014510384724430182,0.07017526888938443,0.00686291522631738,-0.008450772189121618,-0.00453229775373322,-0.007635106946637072,-0.07816677944847458,-0.034682999018516736,-0.021052002864986534,-0.01472271052564845,-0.009879615718804899,0.002328176629353722,0.023291602925211676,0.01714642044194766,0.011840591205386547,0.011665856039671784,-0.0021787148599895206,-0.024713350368790958,-0.020368587697501953,-0.013231185157639654,-0.014980082994347128,0.001323789885779819,0.02488162570508393,0.018748217046226135,0.011613310172397742,0.014078344369151586,-0.03814122841140922,-0.005065105438792811,0.00272323224583647,-0.006022436025468788,0.0005448358093579175,0.03815102165099942,0.005062904004047564,-0.0027246651713419188,0.006023374948732526,-0.0005452266426620074,-0.038150870706526833,-0.005063378678719809,0.002723540846834155,-0.006022252066059246,0.0005452884100633238,-0.3063516486650043,-0.18682891106054508,-0.1371975338619678,-0.12307517109766444,-0.11111806873899284,-0.1259841319979219,-0.1556468409284201,-0.13845453841473698,-0.12176330888606539,-0.10881717271709306,-0.004583074113587985,-0.0009751437445274684,-0.004321511214603495,-0.005914564945121476,-0.007204776652125512,0.0886824082980641,0.10438794574401836,0.09396920111050602,0.08619258469942324,0.08348093233834675,-0.0886824082980641,-0.10438794574401836,-0.0939688266164183,-0.08619234201511596,-0.08348088739027901,0.0886824082980641,0.1043880305895089,0.09396916148036645,0.08619206957063849,0.08348118609171967
RESI10,0.5399042471316444,0.17283422322935665,0.49935693664719993,0.07847614448479627,-0.0003317376326365258,0.003683387579145778,-0.0849671305299616,0.4464085740899768,0.404290621202226,-0.5398978398408926,-0.25918483572985607,-0.4052951540441364,-0.3700766495251706,-0.39826532814273935,0.027757197260319444,0.003014237912247383,0.016574111382825742,-0.009834651115517,-0.7301093066717377,-0.3112361739899968,-0.0866111684766576,-0.0487838076340736,-0.018615329165787443,0.03825254032720027,-0.057577658085194494,-0.060203249303530035,-0.05040466055593556,-0.03317858584325134,0.5368546922920889,-0.19853002415536922,-0.2242795384013825,-0.15443613383082821,-0.07518830685573209,0.09796390975909461,0.024266336576297346,-0.04654687360360806,-0.035986883970295876,-0.03189439039864138,0.4592180972706505,1.0,0.5169685652597076,0.29805808431685765,0.1024153220194794,-0.5550948700043176,-0.3309299341401413,-0.2101318897991721,-0.17228354938534565,-0.115188667466942,-0.4713327580633059,-0.18374381407871698,-0.08014627584447707,-0.0573833088212199,-0.03499072425620483,-0.7133430721469197,-0.42340183765444783,-0.18686702370258063,-0.1064218086931119,-0.02873370470800032,-0.6735934228820373,-0.29086970510890997,-0.09894157708570676,-0.05184854833356788,-0.022191933369800354,0.6086152683359891,0.3886058750692664,0.23449675576319054,0.1914747521775429,0.13709081511019916,0.5969065000423703,0.2928913833979584,0.1715339534025936,0.14510919547086035,0.10043380637876967,0.3320965931171479,-0.0016530188741135713,0.003924805701503625,0.008725636656040214,-0.0016592173232352235,-0.16265593195472972,0.14387508146664235,0.04852250824541124,0.039768080233547665,0.0027805153899222966,0.3351716915903913,-0.08239868092507466,-0.03804506297633807,-0.02764044386742593,-0.016576185613311246,0.1213237508444969,0.08618558920551027,0.039286045611570584,0.026008579293581222,-0.006551224092756125,0.06006877744621633,-0.06517851074280144,-0.025643389393210748,-0.021222616534225674,-0.011293686680506457,0.26563496750119275,0.005872153318753424,0.015533011176738087,0.0076368488498265805,0.01115210154401346,-0.27365672695469717,-0.015275636466454317,-0.02597497372243494,-0.017874193418086066,-0.02390471242665087,0.2769560733247269,0.008229039078267752,0.017055704066772582,0.009624267698932574,0.017762129709533475,0.35466160909096184,-0.037172260974241575,-0.001753751316603074,-0.009563398009071297,0.005666759847916951,-0.3546534561274186,0.037170036566313944,0.0017522170731574423,0.009563886428193486,-0.005666021735153243,0.35465574997627464,-0.03717130692561153,-0.0017528618428420783,-0.009563205605561828,0.005666334162465032,-0.47199436437748854,-0.4106160994585057,-0.29209607305448554,-0.25597309309145594,-0.2156851486900095,-0.15037607453212112,-0.27836770068341066,-0.25775452800033066,-0.23597036712440544,-0.20883323069823626,0.049723519159383375,0.006933216057545297,-0.0017318598570991773,-0.003732053373971135,-0.008077207830025614,0.39329204500197945,0.17393395037814902,0.1730750438005476,0.15548514900278979,0.14686695054515575,-0.39329204500197945,-0.17393395037814902,-0.1730750233247246,-0.15548497069263326,-0.1468670085539542,0.39329204500197945,0.1739340178878403,0.17307509436108395,0.15548484628658016,0.14686703563159154
RESI20,0.4028953848754342,0.20079831469268444,0.36789826464250697,0.11744913496279044,0.026267348144533582,0.053697158782891295,-0.04989174890957734,0.3185396555312756,0.29229258828706994,-0.40289692861897025,-0.13757750248743705,-0.3352917476962005,-0.2622667709215813,-0.7122973983512806,-0.4091364107366466,0.05972891131582853,0.03340693635684137,-0.002950798207254948,-0.7491557148066273,-0.7210276355669007,-0.30260334606994693,-0.13504174333873387,-0.038217435423568445,0.08624112401028404,0.02647450774939353,-0.06775484567854186,-0.09045798007297998,-0.08273275767213778,0.7054108873160113,0.4331985653648122,-0.25296330968499053,-0.3167728209372248,-0.19008371815617167,0.10850826287957561,0.11176721748300338,0.041913388727064016,-0.03474902908110791,-0.0814252426683594,0.1587947276594351,0.5169685652597076,1.0,0.7390272979522367,0.27612211101674206,-0.5243270670554374,-0.5662118153916029,-0.32729352506046344,-0.25649919532350307,-0.18376357523944112,-0.577479098864475,-0.4880575265342413,-0.1739170327525957,-0.097419939469731,-0.05067115782797528,-0.6782957942594836,-0.7180370942933062,-0.4250338631800699,-0.2739949412130889,-0.1137909080017642,-0.6931289199910111,-0.660202862817151,-0.28429687172690205,-0.14481149270666996,-0.04432281630309706,0.5852283570491527,0.6410281246588848,0.4281512516764674,0.33421102184399853,0.23828105709514924,0.6489761533926327,0.6146613112434537,0.2909254859051491,0.21445078223985384,0.15513754566489074,0.4489101435436296,0.3135429259184814,0.03859808097702324,0.04215336450676277,0.00426432356091573,-0.35336543642881185,-0.13806089630201016,0.16533533015499458,0.0849709408426179,0.004888303613140795,0.505121301757937,0.3179201732756322,-0.06955283280920886,-0.03786112418145695,-0.012033366111739363,0.16524724054888612,0.11437434490541651,0.1328148895731002,0.10848205539029702,0.008755915939961391,0.23063249812664022,0.10400347653068198,-0.03416732448386886,-0.016199734612189407,-0.008763687426292304,0.44428521213679417,0.2724321807532326,0.006966174177829018,0.013925678401211464,0.0061304737625547745,-0.453019471360148,-0.2820157617185907,-0.014615332919702255,-0.03182549768388595,-0.03462505969006104,0.4604561336466871,0.29069054270750583,0.006948786114678474,0.019901216193230493,0.017685163914525837,0.636210245476598,0.38598717021009255,-0.039621516485250176,-0.014057536487612623,0.006162790350628877,-0.6362647656196938,-0.385990049958589,0.039620594599766246,0.014058468610186323,-0.006163052014908739,0.6362651027880353,0.38598956003064694,-0.03962153875947602,-0.014058168464160685,0.006163681540016287,-0.30431220286718075,-0.45853625694335115,-0.4408403425934739,-0.37481789251687037,-0.30615186508661674,0.01998523558190798,-0.22418145795350097,-0.3481826489635076,-0.31630560878359115,-0.28503790508123367,0.09925280828652673,0.07796454790876493,0.029622260349481996,0.013871106250612962,0.007638772449634728,0.3851188429659994,0.4228621309479454,0.20446887196201388,0.2102122294227683,0.1976412473826348,-0.3851188429659994,-0.4228621309479454,-0.20446888532430976,-0.2102120596943641,-0.19764139470887374,0.3851188429659994,0.422862278340527,0.2044688260459255,0.2102119520903846,0.197641272027942
RESI30,0.3385538367087101,0.22480791921002705,0.3093845985622535,0.13981782704318496,0.03957935679742985,0.07655992627859028,-0.03778565801338499,0.2588933345072948,0.23788763142552805,-0.33855778431180117,-0.07151998654454145,-0.3136225565846204,-0.20936986248974593,-0.7027855523576796,-0.6404390568856827,-0.17402766212983742,0.08003005078326399,-0.01309401728275316,-0.6597762793842807,-0.7812430054825887,-0.5834936625772612,-0.3045733942549129,-0.07665475209106638,0.10461712497950415,0.07576377038069965,-0.02827526456603018,-0.07458101410649332,-0.11572674178032315,0.6528799243912922,0.6205321931051957,0.14303204967937136,-0.28747925687727666,-0.29694517989708463,0.08080476701160658,0.13970292719747965,0.0944424776512102,0.039472484207850066,-0.10798811968766725,0.08879102953615227,0.29805808431685765,0.7390272979522367,1.0,0.48986793864305767,-0.42119877352052576,-0.5570595611838186,-0.49110834970055944,-0.3189870950200685,-0.23261000424946146,-0.5565293719074631,-0.5850024920054566,-0.3823890397424862,-0.18362987726753213,-0.08047564544602498,-0.5853382855212644,-0.7260574116041586,-0.636848744494143,-0.43157676641939446,-0.21655341841141784,-0.618213950837115,-0.7208084476717126,-0.5346068620353576,-0.30136953645351094,-0.08147978407060952,0.5118121444526416,0.6533199520482654,0.603377032828439,0.4712006937862803,0.3286438353178924,0.5763786895476348,0.6730211284336556,0.5134594897085777,0.30706248439339345,0.21773589972042684,0.41487617508124647,0.40879749806143245,0.20445409602791714,0.05007865180966919,0.022751222300957635,-0.3586279919049528,-0.2885518499552989,0.021670926800061815,0.15296273115705877,0.021239984844757795,0.48004150571595566,0.4601262875552299,0.1474124804316999,-0.05198882353197009,-0.007477983192528555,0.15821360531356826,0.13206882682895857,0.0900856871136131,0.14222685038401586,0.03383558863540441,0.23369659428769962,0.20913648456639322,0.04064871831336043,-0.021387335219456398,-0.009166136551779999,0.4299634381982062,0.3884941324759997,0.1413177467954357,0.01590920603418472,0.0157348230804771,-0.43556241300362875,-0.4000969624217325,-0.15146570112932187,-0.028686353408209905,-0.050450472767119295,0.44481128056774943,0.4141943300250151,0.15599106789345996,0.018373445948293307,0.02951772147606075,0.627663017302858,0.6030048366763048,0.18513375133799873,-0.04503866856267016,0.019584263680556085,-0.6277462132210587,-0.6030056568893418,-0.18513400847140596,0.04503920104161904,-0.01958498287296994,0.6277449016948937,0.6030064880858239,0.18513336530800997,-0.04503850966532002,0.01958592126053183,-0.2074471958837631,-0.3529847089029003,-0.4832854552692205,-0.4479304054624155,-0.34906006152735286,0.0784874564982087,-0.09358853471746588,-0.3539531761446165,-0.36869789968692784,-0.31249405360652427,0.09525938439946562,0.10876489729731317,0.07223316509027666,0.03304373612855783,0.027602908093124687,0.29689378134950556,0.418139071139944,0.36050667265053227,0.2175025429831824,0.22410837845201745,-0.29689378134950556,-0.418139071139944,-0.360506714592057,-0.2175023782421015,-0.22410838699299296,0.29689378134950556,0.41813910409999144,0.36050675149269434,0.2175022958521754,0.22410818178535552
RESI60,0.23654593044951813,0.2550807289036671,0.21663259968054557,0.15371347994011283,0.048199028415412966,0.09530822797146982,-0.04047996640526598,0.1661173354146919,0.1459060477080396,-0.23655153058761644,0.02043960395772862,-0.26945905528845104,-0.13454000654998516,-0.5530333307815425,-0.6928818887845709,-0.6685626422197264,-0.4527042992568386,0.046550460646587875,-0.4702468286778238,-0.6560856599557578,-0.7885209194447286,-0.7466373790950818,-0.3355364509409925,0.12866244075493075,0.1357157582013947,0.08190873980776173,-0.0011812149459124155,-0.11063194161172504,0.4885710908977813,0.6285139775560903,0.6166414752367965,0.4071507510432549,-0.35602311859948776,0.028310387047204993,0.11891512368212642,0.1590377081461628,0.1130219983973049,0.018361882008355486,0.029856706421079782,0.1024153220194794,0.27612211101674206,0.48986793864305767,1.0,-0.2326719290336766,-0.3985719037427761,-0.562112435785266,-0.5691911715225476,-0.3511376280167474,-0.44969899411789055,-0.5500754773388676,-0.5933206998138167,-0.5061690230101074,-0.17216263331126258,-0.3958001911761178,-0.5749831876758557,-0.7275669305879517,-0.7397119973915653,-0.46889421043629753,-0.45475274890872047,-0.6209283090888029,-0.718209207130087,-0.6653555373254539,-0.3086437766801077,0.35881323812883326,0.5224810003274747,0.6622937810962714,0.6726065489386119,0.5277850469675256,0.4008594298328836,0.5561395013589991,0.6844686904232251,0.6465788085860393,0.3612576453900077,0.3092720135240859,0.3911296759799207,0.4158930405155106,0.3226268650329512,0.08390328635684816,-0.2968508740345888,-0.34123016618388446,-0.255921701531066,-0.09900508829377745,0.15247616441285838,0.37130461817475696,0.47159832658402895,0.4593751111593718,0.3197868098272496,-0.037116457338091983,0.14793008532122592,0.15265873604201283,0.08839951948589178,0.06117993241342245,0.10146359454385938,0.1945836056408105,0.24163132056724093,0.22048160573520678,0.13499660018329465,-0.011451961878687161,0.3332904586306164,0.3932265060647208,0.3646678518119344,0.2523804646379948,0.02150667947160621,-0.3310089067891796,-0.3955370472144741,-0.37401502355022304,-0.2590691166407856,-0.02922693067440764,0.3409412804192698,0.4134488078963026,0.40251642257012965,0.284860163686792,0.019690811666186178,0.49117111360048316,0.6403666744527297,0.6450527841350995,0.4535092748032217,0.019481870060584015,-0.4912124353792523,-0.640366208933545,-0.6450522935732331,-0.4535101866430715,-0.01948219420501972,0.491212435874947,0.6403664534490563,0.6450522869553064,0.4535107460919769,0.01948223265072669,-0.09601534211595139,-0.17736722427011217,-0.3124514562101902,-0.40015602552613094,-0.3991556133490308,0.07511536172203312,0.009851486825997655,-0.16402542721446406,-0.3016717272420265,-0.3663835149755409,0.07006557617522217,0.08202224113299414,0.07901272226434147,0.05882207685505815,0.024292524960923427,0.1555049924165371,0.2605451839478514,0.37296465611783225,0.39868901820813213,0.1895876294265598,-0.1555049924165371,-0.2605451839478514,-0.37296491640242535,-0.39868855495129096,-0.18958779596957903,0.1555049924165371,0.2605451240614859,0.37296468701382346,0.3986885185589624,0.18958747027624875
MAX5,-0.44955031003073914,0.1307377131024952,-0.44003790530233206,0.151174656285167,0.10314412357751998,0.06147247226329499,-0.0079956906908826,-0.46235015532019236,-0.43926502151716773,0.44955024062711124,0.4966308404197393,0.23178423851692362,0.3960582462657158,0.45829513786739573,0.20033698039440825,0.03769571652534349,-0.014891426213135585,-0.052342708740048816,0.6456623209170129,0.45967958899776096,0.23684505671851352,0.13993075295590002,0.026367587773235935,0.34434251149534917,0.3817152927059281,0.34424670965307047,0.33194670676683785,0.31056933203683,-0.538155147694883,-0.14145793301896317,0.08131481620529514,0.13560212478390749,0.16777376443592137,0.02279291644240806,0.04569872942949592,0.0355479301618922,0.05604945444734507,0.08676551142917599,-0.27187530342969085,-0.5550948700043176,-0.5243270670554374,-0.42119877352052576,-0.2326719290336766,1.0,0.7839523047829687,0.5675518105707217,0.4827549598655381,0.3538528884010927,0.2571053516411075,0.14253760150872616,0.03365044684026594,-0.023678826818337984,-0.11068758083994278,0.7538694107310845,0.5961824593207088,0.37165220499503804,0.2615032633036586,0.14442126148273807,0.48924741020479867,0.33942157457292416,0.1687709769829957,0.0794210047216054,-0.05266860250801863,-0.584188896767932,-0.4995994591521404,-0.3593065376442855,-0.28785852060750217,-0.17934549677869777,-0.7546006903019817,-0.5677643059025714,-0.37980383516413213,-0.3077685640735849,-0.19718694027032327,-0.37928102630993243,-0.07993641203198568,0.003178730572978236,0.027332267790837236,0.03964885178985668,0.25190850289841543,0.09712349055476262,-0.0006635714520458974,-0.019475215582609874,-0.0073526172119172725,-0.3985995046407196,-0.10397720858854045,0.019862888238537265,0.055455622066906046,0.06801718008852946,-0.02542646772522418,0.020893166562057326,0.02012399293990289,-0.0009930337719126795,0.0006613996762424654,-0.10112865829421219,-0.004347003302102119,0.05194641366614968,0.06679688850030444,0.07858549651621553,-0.31030073111779544,-0.16473111635058435,-0.07381298250310231,-0.0400473766226404,-0.014727173104865257,0.33478436243139054,0.17479227584290696,0.06206180510272858,0.020012770584021962,-0.02605248513868564,-0.3307259618213378,-0.18099414401866604,-0.08035701020975149,-0.042180482743419116,-0.0038484665318341397,-0.4510652387612949,-0.21525998705595584,-0.07428323425278785,-0.025830459624731718,0.018559881453988823,0.4511137295868171,0.21526127895849162,0.07428382477957148,0.025830142768601988,-0.018559799277617604,-0.4511118060980561,-0.2152613840778273,-0.07428343658027052,-0.02583114944383671,0.01855940728076633,0.35474528250733733,0.3022961241909514,0.22789927582951572,0.184647260224529,0.10155876627767067,0.19306145877469635,0.24191376531721984,0.2271477848240505,0.19589485823174302,0.1175891034815337,-0.04372260990652195,-0.059216835534062005,-0.08389965122138868,-0.09347981458294513,-0.11169397238938523,-0.2540045579016662,-0.18011490203249259,-0.11778701958042469,-0.08886672717347882,-0.03046009214352329,0.2540045579016662,0.18011490203249259,0.11778713923865732,0.08886665006565796,0.030460353145946188,-0.2540045579016662,-0.18011508872183254,-0.11778698112212435,-0.0888664837409261,-0.030460181742703884
MAX10,-0.37371957527845207,0.04689380090177483,-0.35887491106639774,0.06382174384247355,0.04982933533798484,0.033134119288529953,0.005163697760631225,-0.36144427522380546,-0.33886664786301945,0.37372055085983363,0.3451029124226328,0.21703724918545123,0.3060479731186333,0.5793111209644274,0.45403088670534275,0.17699166613649278,0.08505194880725112,0.0020254607081674077,0.6137073232578456,0.6459099757444917,0.45125058082293307,0.31967339013366197,0.14675990915955597,0.20762987730686933,0.3909588276235978,0.39166601468765094,0.37865117136408527,0.3615113272934111,-0.5649828104953828,-0.45677203788913107,-0.08969657823258113,0.051242570937144766,0.17062751182279617,-0.01643085291873271,0.051756551280358096,0.03548665856394011,0.040373478172539556,0.08079990245649954,-0.16184141998832643,-0.3309299341401413,-0.5662118153916029,-0.5570595611838186,-0.3985719037427761,0.7839523047829687,1.0,0.7678341972601994,0.655415048305288,0.4961590298349739,0.31698774758990017,0.2747566502302457,0.16397676843488565,0.08356407470659676,-0.04636693427767315,0.6639509368533099,0.7721098585861739,0.592777234618264,0.4552575357675334,0.28861679010247626,0.494089368566718,0.48157840300978283,0.32619086351970905,0.2297109783218343,0.05082600597729921,-0.5258241376115786,-0.6396195670432235,-0.5430902566144169,-0.4675080201172624,-0.3362401213130571,-0.6581035683263923,-0.7775323380743111,-0.5825189758509065,-0.4854589882861732,-0.34545739130502107,-0.4074401516187925,-0.37141055810854223,-0.12229197599433746,-0.05802805690590304,-0.007008991209642871,0.31370524258847465,0.2391127716708651,0.06288883489516996,0.014377640238225992,-0.017251342278224335,-0.4477219172685593,-0.39320154754026077,-0.11037620139419953,-0.03021818863118842,0.04377912512686029,-0.13434191666519674,0.006672697039046283,0.0469890970103941,0.01687808264558307,-0.0010602073985722282,-0.2184851794416766,-0.12737303219881987,-0.01146512186655776,0.02512763525919436,0.0668421317022213,-0.37644180234555574,-0.3043109355478577,-0.15682934907812843,-0.0990759869505333,-0.04531089213116463,0.3955216321458827,0.32186574427784,0.1490939604416633,0.0811082576253496,0.0041123418781494414,-0.3960139836265529,-0.33259391468091687,-0.17434975230095917,-0.11229854806572412,-0.0416394454999722,-0.5615447855310624,-0.4671234160871625,-0.21543439143078638,-0.13123642131416513,-0.053696730571386936,0.5616070481257786,0.4671249764213828,0.21543472880279,0.13123535328460667,0.05369703456045748,-0.561605715198733,-0.4671253851678403,-0.2154342147676157,-0.13123683466724534,-0.05369747627980383,0.27347403461631614,0.36124344552251747,0.3326375447914636,0.2957928455036223,0.2063430835252771,0.028952779827001365,0.2575280490483969,0.3084869898009429,0.2947681836620788,0.2183198180398192,-0.08457636306659293,-0.055085150828337315,-0.08421021878417771,-0.08821612352719774,-0.10979037108680442,-0.31281834266158426,-0.30271834828774163,-0.20911077365139444,-0.1742374830508205,-0.09363897457617641,0.31281834266158426,0.30271834828774163,0.20911089741813543,0.17423730420781341,0.09363913684113473,-0.31281834266158426,-0.302718439951586,-0.2091107771509944,-0.17423709995657025,-0.09363893818181186
MAX20,-0.2962295779499902,-0.016198221240790824,-0.28085399330289035,-0.001134190870307869,0.006895432507589133,0.011459775408192038,0.017328750772030457,-0.26530024761880544,-0.2447488299962344,0.29623158915404557,0.22007665805234614,0.19454729375875884,0.22142982692862487,0.5309282228195332,0.5596963854984723,0.45773474691129745,0.2548957485324043,0.08928442641303926,0.5198873281511933,0.6146592003613286,0.6486039030522281,0.5583701224051235,0.3198598940646597,0.12793517744389035,0.24069483759033614,0.4285210449095179,0.4361908452769773,0.41486661903250094,-0.49691375886585004,-0.5115845138812528,-0.42309670191817783,-0.19581010377403169,0.1164352711615381,-0.013999271373405333,-0.023523106986345722,0.06397590671142746,0.06208530010680469,0.03807809964791124,-0.1129126044314767,-0.2101318897991721,-0.32729352506046344,-0.49110834970055944,-0.562112435785266,0.5675518105707217,0.7678341972601994,1.0,0.8717889438094532,0.6689958714172963,0.30519986281842726,0.3261135753253951,0.29439963797808255,0.21528533170996894,0.03408977237330115,0.5390132752223236,0.6819584246243896,0.7889993815828938,0.7045945889799662,0.4800749923685757,0.42938428505659515,0.48852442462137685,0.4572751363091509,0.37876610611089445,0.18199262696066443,-0.4273399375234072,-0.5647032267709485,-0.6779669823002393,-0.639510222295543,-0.508389404922991,-0.5140350298113043,-0.6566766939144767,-0.8025647957760981,-0.6994145629056315,-0.5250170630103799,-0.33988673027942434,-0.38812067968057484,-0.3869645598044362,-0.19044617292827692,-0.0843339776808912,0.29815956301732977,0.3108722780320674,0.21941473767443873,0.1054075338955115,-0.02237667817615524,-0.3903737459277074,-0.4438527192765761,-0.3961398940375391,-0.19564082388876566,-0.008191017069237016,-0.1330891150204593,-0.09730217385593325,0.07711012150395634,0.08212461063790615,0.0006169554243493468,-0.20426313818135647,-0.2238972416444786,-0.13726362958729368,-0.05491985399187719,0.0335530069315085,-0.3308122445683934,-0.34565028274823634,-0.2823638213071039,-0.17657131031764578,-0.0856870203836916,0.34084775703918274,0.35836809784230345,0.28854488793520056,0.16338912121106275,0.041228773188444784,-0.34315131475237454,-0.368599849616867,-0.3179694290365868,-0.201492072874844,-0.08910094117934286,-0.4963486764565948,-0.5670425847728895,-0.48532350542961517,-0.3018715357923763,-0.15928060500136842,0.4963386861520884,0.5670427425348099,0.4853237302687073,0.30187079435328695,0.15928104048368158,-0.4963427477269689,-0.5670433061992468,-0.4853228072968757,-0.3018717958076933,-0.15928084760912603,0.17930531076086528,0.2565183508436646,0.3454866559850458,0.34896916541189205,0.2669763114588282,-0.04069201745207881,0.0787237526212288,0.29853349794237294,0.3458700088072919,0.28082064799467277,-0.09226996550555511,-0.11094925085937282,-0.0809439250285118,-0.07926495964730508,-0.10484286465602367,-0.22465419586109076,-0.2981924140802226,-0.3073741433652102,-0.24519884956999957,-0.13834349427767365,0.22465419586109076,0.2981924140802226,0.3073742576879564,0.24519857001064055,0.1383436197085876,-0.22465419586109076,-0.2981924774201998,-0.3073741085595472,-0.2451983392892434,-0.1383433896022923
MAX30,-0.25140460236658596,-0.024650953834581393,-0.2389415682306739,-0.0053736853456166555,0.0023666824868201104,0.005987314213851818,0.019406558667118035,-0.22436782121719478,-0.20443222123147398,0.2514067834562812,0.1847201304370336,0.17008559512754534,0.19001210423219028,0.47950629394563055,0.5261312492471132,0.5263743065928111,0.4393363418712123,0.14135939541724574,0.458108724709351,0.5562757789246308,0.6205003013579637,0.6366087198842663,0.4353479061168998,0.10698682730191951,0.1878655420184906,0.33016567138422204,0.4617440534366412,0.4558721585649408,-0.4450619984997239,-0.4789234187000522,-0.4542301662551055,-0.3876365944844035,0.02534627628421174,-0.010647023151176636,-0.052890915778849,-0.012010301446427755,0.06301189093198661,0.008490305310790355,-0.09083961207498796,-0.17228354938534565,-0.25649919532350307,-0.3189870950200685,-0.5691911715225476,0.4827549598655381,0.655415048305288,0.8717889438094532,1.0,0.7741039556324455,0.26961305569574734,0.2985885179209639,0.30347336938627967,0.26158862701713287,0.06919199212937455,0.4695257995125155,0.607307113846302,0.7330222576094982,0.7790766835372541,0.597932839699979,0.37941540357061615,0.44635365150048845,0.4520537346825926,0.41985683649085104,0.2423176186753458,-0.37332590379951786,-0.5032281935297216,-0.6267424892006782,-0.666328854005341,-0.5719473278780286,-0.4410416204970316,-0.570688955501401,-0.7289124801606253,-0.7970160609689345,-0.6121233498808845,-0.2967974928507003,-0.34944350500077365,-0.4079965496692244,-0.35360223816722824,-0.14082525386412506,0.2696242350457567,0.29437462312537815,0.2613987361944637,0.1931155686834299,-0.020388937730062374,-0.34641015368301203,-0.4062143449907912,-0.43102040135033937,-0.365355923530846,-0.054590850323073654,-0.11414698863121847,-0.0997410660995727,0.00082073768555551,0.09376942447082398,0.01203774409518032,-0.17275322093519718,-0.20391989267848604,-0.1914445676516732,-0.11830646917745347,0.01132674415800899,-0.29985155975356054,-0.31886916068053184,-0.3011779058784645,-0.23738989127549756,-0.09920090003221672,0.3092619691639637,0.3300765088585905,0.3088126343589187,0.23803837989676133,0.05679978006289044,-0.31086478987974664,-0.33842505133225986,-0.334775113980593,-0.27423062632052475,-0.10780318680213853,-0.4431191430387907,-0.526263859275653,-0.5546189767248602,-0.4716151762083841,-0.22448399707736796,0.44305043070737815,0.5262637696830883,0.5546188642758844,0.47161414407260543,0.22448417068860327,-0.44305855527803195,-0.5262641392468024,-0.5546181509315184,-0.4716147841664181,-0.22448391620551322,0.13912487757310002,0.200308917681258,0.2757851696486274,0.3234726051522819,0.273378402854155,-0.05383379459493138,0.030026148635260434,0.18424407983098814,0.3067179641059029,0.28990336258970206,-0.08961200860416833,-0.12019642444087796,-0.11818204239930102,-0.08659786585686936,-0.10787488674837672,-0.18237905416139338,-0.24433939822897002,-0.2949016109722943,-0.29584357842943904,-0.13673988272751636,0.18237905416139338,0.24433939822897002,0.29490185680448994,0.29584327687735795,0.13674001864830665,-0.18237905416139338,-0.2443394029473333,-0.2949015799083417,-0.29584309783720397,-0.1367397834332622
MAX60,-0.1826129996837894,-0.04145999788375928,-0.17092748017817647,-0.021184409068688122,-0.008072008486476137,-0.017628029700492206,0.007199987840613455,-0.15704614104571907,-0.14619811364314234,0.18261532271107184,0.12005361164309333,0.14135785535977705,0.13402476534423102,0.3992405476436073,0.466841868483881,0.5063416229737553,0.4977614558119248,0.36117058594631224,0.3635642444134114,0.4646837716972187,0.5518131144411516,0.5918946455240082,0.6037571510744386,0.08610922723519618,0.14983160054978592,0.24519764161490595,0.32549192264468996,0.5349354523689024,-0.361887003904818,-0.42093499618530933,-0.43804729136781506,-0.41629818381172023,-0.27151771268266983,0.009796585307314453,-0.03237096006650273,-0.06276208700815725,-0.04488166291987282,0.028408923379040024,-0.06141467644300451,-0.115188667466942,-0.18376357523944112,-0.23261000424946146,-0.3511376280167474,0.3538528884010927,0.4961590298349739,0.6689958714172963,0.7741039556324455,1.0,0.22238279367289862,0.2585608498829318,0.28697662376460864,0.2763048220902162,0.14974993831900865,0.3629313152587604,0.4918357918781543,0.6251878867962123,0.6835355570890365,0.7780054017021203,0.3031014649612594,0.3792580374054132,0.41041647499045386,0.4095723318092315,0.31279437079607014,-0.2812951856726318,-0.400346427595816,-0.5107844188585472,-0.5615789311170365,-0.63613741315981,-0.32742561689899174,-0.4397506156092755,-0.5793429617733606,-0.6523418092803147,-0.7841844226645714,-0.22657713155279047,-0.27405833498098003,-0.3206729607427417,-0.31734142039260654,-0.29021520777961846,0.22232132061079807,0.2665947900724918,0.2647720775154505,0.23686207881543786,0.058313809085406565,-0.2707251472314056,-0.33633204764060703,-0.3670407269786358,-0.35157769059714733,-0.2334127263705539,-0.0812890775774927,-0.0449409578150533,0.03745974551253644,0.06645801315816578,0.05106295001078304,-0.14282452054105185,-0.17020775286547873,-0.17352865436098583,-0.15795938900842452,-0.04425531161243026,-0.22827495151559135,-0.2529782107431937,-0.24394180228118723,-0.21827406436390162,-0.12527476091828654,0.22999443721912877,0.2586088599276702,0.2545101837515674,0.22842380838797086,0.10520221663138506,-0.2336246207599808,-0.2656935015357211,-0.2701772246689695,-0.2506912774385485,-0.14968758141945332,-0.34982038004839106,-0.4491395333054345,-0.5154329925778779,-0.5256438043541614,-0.43162190077417306,0.3497732978778539,0.4491400886447435,0.5154336877821418,0.5256433424807754,0.43162190505268383,-0.3497789443032993,-0.44913955885327017,-0.5154332759463622,-0.5256445706099754,-0.4316214486744359,0.09711028244706918,0.1452502044244638,0.2121156694453679,0.2522768810986244,0.2730586633699268,-0.07929881237827621,-0.021392612415895452,0.09370239624164428,0.1770519730856447,0.27453443484609835,-0.09413538410391949,-0.13466500417501953,-0.16887863614707976,-0.15954811164039684,-0.11655637995468696,-0.13642946018783333,-0.19095490350417374,-0.24055313694145508,-0.2521976606650976,-0.2054288313495499,0.13642946018783333,0.19095490350417374,0.240553176764435,0.2521974716628507,0.20542889689301277,-0.13642946018783333,-0.1909549385370878,-0.24055313548747018,-0.25219727231238703,-0.2054287309810463
MIN5,-0.4316667439365397,-0.5502590773374278,-0.40031186412921393,-0.2686666584949497,-0.03252839798835931,-0.2962673750327903,-0.01885267037436652,-0.3639880557866176,-0.35104532879557393,0.4316689790065805,-0.053399680715755786,0.6190648518941031,0.2969870008624705,0.6856989621325303,0.5006367336596377,0.36657389210670316,0.2944876539424237,0.2505351171745125,0.7232421641894446,0.7030391126922805,0.5646825081613187,0.48253756619650523,0.37461833892757973,-0.42345097088201983,-0.36151182877570925,-0.2600654281986525,-0.21670772344098746,-0.16221353931054158,-0.6822093650571744,-0.44884555741181553,-0.2301041009689699,-0.1396159741063742,-0.04460183575708643,-0.11211412888115362,-0.1293401690213592,-0.0936174169225386,-0.08637635149661513,-0.028524745226807577,-0.17485695149095645,-0.4713327580633059,-0.577479098864475,-0.5565293719074631,-0.44969899411789055,0.2571053516411075,0.31698774758990017,0.30519986281842726,0.26961305569574734,0.22238279367289862,1.0,0.8073860652315972,0.6334296896545288,0.557607800289134,0.45686566206920387,0.5465247946321679,0.5881904813953158,0.5340393780707122,0.4706880865765401,0.33956677666705565,0.7967552645851763,0.7405741419592446,0.5985309132863327,0.5291178090920927,0.4294641841782429,-0.5756728389785585,-0.6208698478025471,-0.5829738742076211,-0.5516805895148035,-0.5047867332408378,-0.7384776104363379,-0.6561758758302911,-0.5493611411658965,-0.4934322346254545,-0.42224675643682447,-0.43433001203554183,-0.3388767724044762,-0.2570417617768325,-0.21213117750019886,-0.13133776901252756,0.34630599140569956,0.0982711612457543,0.04742282624085219,0.022411070946026592,-0.015812447070955447,-0.4919137029515003,-0.3084907173681668,-0.21389030409180296,-0.17147313797852787,-0.09859482069176463,-0.11805961189790642,-0.12170162966522882,-0.06842412167486453,-0.0531317593686139,-0.022020398874248028,-0.21310058361363773,-0.1329200791508184,-0.10519659906168911,-0.08067472974216851,-0.04594535907255252,-0.4423311889176608,-0.3243017731115541,-0.23549752251307865,-0.19237326275028085,-0.13566508287984466,0.41039600929660086,0.3031092728623326,0.22495621514873343,0.1916235324374122,0.16719365431014438,-0.4439555007671837,-0.33343884234984383,-0.25302872015516314,-0.2160013069067487,-0.17755940471019063,-0.6269863271303063,-0.4785830407691317,-0.36142874076177745,-0.30253591024881016,-0.27054900983677516,0.6269041600429373,0.4785846613795134,0.36142962036595383,0.3025356638492593,0.2705489308742621,-0.6269132579687224,-0.4785829107988945,-0.36142879440395453,-0.30253572977698917,-0.2705489816400459,0.2659608850542826,0.3945458245269272,0.4428836985419902,0.4543229206279404,0.4624346251448274,-0.008529875934129759,0.18060543759591136,0.3291816464518511,0.38157594164406183,0.4275279708145234,-0.09180596180143638,-0.025663801492544394,0.04712328090468404,0.08357611263472944,0.12568621628149398,-0.35186767646140127,-0.34879087745358184,-0.3361690206180073,-0.3347143718687791,-0.3333619042226536,0.35186767646140127,0.34879087745358184,0.3361688610804274,0.33471396088256733,0.3333617839158806,-0.35186767646140127,-0.3487910727927048,-0.3361690203840321,-0.33471387481226145,-0.3333617840986652
MIN10,-0.3182043006416534,-0.5242246861387466,-0.294229471562561,-0.26925693371324944,-0.04646657079972214,-0.2701724893404226,-0.0005766620703213818,-0.24483080361559786,-0.23676108789244601,0.31820910335104974,-0.1268880643586435,0.5073981411548614,0.19680879116946948,0.643076217956381,0.7126510174058946,0.4834360059293441,0.3827435265708027,0.30578401381983406,0.5719327115053217,0.7568434553406781,0.710992587388013,0.6159191775242733,0.47203213365108143,-0.35377817398307343,-0.4837932818736564,-0.3568632911342183,-0.2787714789354701,-0.18083921436265732,-0.5754890259098023,-0.6872622525040897,-0.41349052801553304,-0.24864389510339596,-0.07363961090952585,-0.04666429380058734,-0.18510180877720311,-0.18228182412467245,-0.13786908268371312,-0.03299315409625575,-0.08524105368577396,-0.18374381407871698,-0.4880575265342413,-0.5850024920054566,-0.5500754773388676,0.14253760150872616,0.2747566502302457,0.3261135753253951,0.2985885179209639,0.2585608498829318,0.8073860652315972,1.0,0.7928837302151185,0.689357227175336,0.5476104229625826,0.4218193951437767,0.5570901178033931,0.5913904526458799,0.5627739881974066,0.451120736890664,0.6325227419987565,0.8361941348824646,0.7518040223564403,0.6600742104913443,0.5169716401987657,-0.43894159994811993,-0.6206003882816542,-0.6488935303048587,-0.6243382629001564,-0.575648824902326,-0.5505665119417781,-0.7350183176759831,-0.6451265675541958,-0.5796773840628312,-0.4970175735784053,-0.37893686329558485,-0.4007312730424554,-0.3168998669502901,-0.2585995436297841,-0.16143138249015268,0.3199582906867931,0.3280681522953758,0.07833818423360636,0.03770681869429234,-0.025167543574224183,-0.4335014735540442,-0.48350978408323103,-0.28476131334409144,-0.2212048204083314,-0.11705458553319993,-0.11510773806640426,-0.06148356803502916,-0.06655414896439629,-0.05998622564105776,-0.04612670053315371,-0.21021161667104582,-0.20995319552295236,-0.14556080288067347,-0.11204215367526092,-0.06326073457625223,-0.41611129274290787,-0.4369607716663255,-0.3019798849664911,-0.24954593083233872,-0.17168831533832937,0.3789189190074607,0.3939481404940505,0.2728597304271914,0.23087052913852865,0.18360463140371233,-0.4135041234256902,-0.44206796522112657,-0.3191727285195575,-0.27306001002990987,-0.21262127358543514,-0.5810538778110329,-0.6657788699966694,-0.47762304754007956,-0.39606336648119267,-0.33821574759528733,0.5809784320682515,0.6657801155376429,0.47762333694968134,0.39606314631090506,0.3382159015889343,-0.5809881398633576,-0.665779142781185,-0.4776228039013537,-0.39606316343082393,-0.3382157844126633,0.13293367620479365,0.24745675506321177,0.3806756316270302,0.41673910938573566,0.4359640729806488,-0.056677935825798303,0.06592296310621536,0.26142565376267546,0.33850151565872383,0.39815308495488083,-0.06451539635391584,-0.0626282100049939,0.01992044469022066,0.06646619819385433,0.11507586642031628,-0.19422813265594843,-0.3435324841640785,-0.3305149961060292,-0.3227989534032363,-0.3201530130345947,0.19422813265594843,0.3435324841640785,0.3305149842979753,0.3227983631325276,0.3201529076922589,-0.19422813265594843,-0.3435324702375878,-0.3305149958720541,-0.32279835989060673,-0.3201529477042859
MIN20,-0.23042178280614062,-0.5018872488893126,-0.21069408297879308,-0.25108120234871106,-0.04002336170831533,-0.24937027274106616,0.011285371562469672,-0.16296145635243295,-0.15602589081406393,0.23042645088302943,-0.17470532731587934,0.4258534414464565,0.130038587512566,0.50170839466194,0.6630121251345866,0.723160995764637,0.5494770086443775,0.40451323105864495,0.4229302455392156,0.6031845056627471,0.7780521632633633,0.767365948504299,0.6179605364112404,-0.3246014902146025,-0.39809543570165185,-0.48698174888194984,-0.40703370835261465,-0.23653480732624327,-0.43873897445239246,-0.5974281309794227,-0.6898536620663259,-0.514148125190966,-0.17985751622130075,-0.0031997910376360865,-0.09467895936649047,-0.25659770680881555,-0.2518728394380107,-0.08477907676102929,-0.04337042146805491,-0.08014627584447707,-0.1739170327525957,-0.3823890397424862,-0.5933206998138167,0.03365044684026594,0.16397676843488565,0.29439963797808255,0.30347336938627967,0.28697662376460864,0.6334296896545288,0.7928837302151185,1.0,0.8860414102093016,0.6845584645424502,0.29430591514146837,0.43855515003428,0.5686593027438102,0.5909095488230227,0.5415542212045774,0.4790529454583575,0.6628508811196507,0.8651875459277907,0.8455039369893821,0.6517807110190824,-0.3155490889228425,-0.4682872408958134,-0.643309792473298,-0.6654921219898321,-0.6383951171678737,-0.3833713062502842,-0.5431958081315452,-0.7328312505392058,-0.6850331408113602,-0.5899050879735257,-0.2948960587754653,-0.3485529958164152,-0.3756880196489252,-0.3041551741568621,-0.20256900958136564,0.22990505036376632,0.3038765656141654,0.30572108149326127,0.11150254195881923,-0.043290091551160516,-0.3290376429167931,-0.42145425176798107,-0.4622597843776266,-0.3119407794470238,-0.13893098877267349,-0.10282631833097775,-0.055376905311210436,0.053010664863676456,0.0013521961220181,-0.05281244980215686,-0.1614622765190767,-0.19913845527698196,-0.19983811157848325,-0.1433914828281748,-0.07371123223352076,-0.3216344329372452,-0.3889025239391227,-0.4066985502352386,-0.3238873809324944,-0.21780130634672842,0.28900239029263014,0.349588404743377,0.3620927387850431,0.2858632768164983,0.20461222835668907,-0.31830776596580945,-0.3927546056464498,-0.4263954340030117,-0.34811287484511494,-0.2575253288135738,-0.4496692459329819,-0.6057640666965108,-0.6775985234162798,-0.5423812643893399,-0.444052187968437,0.4496321272363514,0.6057644848141527,0.6775976452340855,0.5423814389315491,0.4440523127953288,-0.4496394057258407,-0.6057635957852647,-0.6775976819200045,-0.542382532467876,-0.4440522928232085,0.07235354240930734,0.12392678354499076,0.24024489226080836,0.33077962890676127,0.38616696991599897,-0.04733266576725133,0.002480646184594294,0.1514715011548586,0.2656845205034712,0.3470937149847753,-0.027811120456673673,-0.021753991271621437,0.015272036219506499,0.062075259288349616,0.11106970824817336,-0.1109373984383354,-0.18361507391548487,-0.32920811679659007,-0.3182173788770993,-0.294743883493131,0.1109373984383354,0.18361507391548487,0.3292080516708092,0.31821702647861677,0.2947439055153977,-0.1109373984383354,-0.18361503666347373,-0.32920811658236776,-0.31821697332437404,-0.2947436295501291
MIN30,-0.18978891720398866,-0.4882854325981938,-0.17205684301706953,-0.23583413686455595,-0.03446651854430363,-0.24492199318946753,0.011826342100722826,-0.12774316667116223,-0.12062687370455116,0.1897926199559421,-0.19314621764140874,0.39006466916902355,0.10588118308357633,0.41565631877910253,0.5602710158756892,0.703545723596999,0.701948492256411,0.4725301559315279,0.34581829720950674,0.5000424323814038,0.6757185507087192,0.7599563416060126,0.7034695328159036,-0.3322892904324824,-0.3939969511696027,-0.44667732764058343,-0.4890133239896577,-0.31648477338285125,-0.3634384099514423,-0.5028780571725214,-0.6385299980634719,-0.6559357728267489,-0.31621128248398,-0.00496904604511828,-0.06822947460244892,-0.18654515548258027,-0.27225217996397516,-0.16899736698249918,-0.029543970583513105,-0.0573833088212199,-0.097419939469731,-0.18362987726753213,-0.5061690230101074,-0.023678826818337984,0.08356407470659676,0.21528533170996894,0.26158862701713287,0.2763048220902162,0.557607800289134,0.689357227175336,0.8860414102093016,1.0,0.7852963798878069,0.22455543876176456,0.3462728637810889,0.4809588047721126,0.5418308052326934,0.5418378294320656,0.40734900615253883,0.5645459637042226,0.7603392823859655,0.8637742609805735,0.7427876777629898,-0.2577743657134952,-0.38191847445131827,-0.546572011822275,-0.6308616255451864,-0.6436409573957792,-0.3056236877124081,-0.43403777190049675,-0.6166888543528656,-0.7175554862946615,-0.6344252082355316,-0.2487802887371935,-0.2875164314145529,-0.3344680506711895,-0.3175378962089598,-0.22646791435238522,0.18096938796169146,0.241280777294367,0.3117732102420155,0.269482043661219,-0.0464081508337108,-0.2735709855742176,-0.34531794727252235,-0.4291549586668473,-0.41278869759591297,-0.15600573069457205,-0.09149813127113698,-0.05424570130309031,0.07494056684431909,0.11315543196350104,-0.03795939662518086,-0.13162418916749855,-0.16260925930416117,-0.1975777373975649,-0.16976930036787286,-0.08441240408992859,-0.26259537406248484,-0.3177883033208203,-0.369179812960537,-0.36716914382299154,-0.23965586495477492,0.2312421829692882,0.2802720807302585,0.3267178351356855,0.32058778185745057,0.21283172404657857,-0.25811445571617525,-0.31878573013329103,-0.3871830443560506,-0.394246770766287,-0.27923584677894575,-0.3711311373159606,-0.5057022881469494,-0.6475234727653575,-0.6559316972155573,-0.5085406271684788,0.3710846599110841,0.505702119072482,0.6475230763340328,0.6559318066304066,0.5085402872817185,-0.3710916460029835,-0.5057009629307497,-0.6475228240979831,-0.6559326147032788,-0.5085398589591101,0.05435804136137183,0.09412305009046143,0.1662701926606856,0.2444517654391096,0.3417867599577267,-0.035294608718087706,0.009514798693524064,0.10831495421255312,0.20458980666800713,0.3070538775790116,-0.021977695499144276,0.008854165615880875,0.04778584656203086,0.0808402075740057,0.12336834643792725,-0.08319697372322482,-0.1336239793126079,-0.22346767987330635,-0.31505540648735814,-0.27379950147022963,0.08319697372322482,0.1336239793126079,0.22346766039857233,0.3150550303748655,0.27379957703521907,-0.08319697372322482,-0.13362393146267995,-0.22346767971199322,-0.31505499647075047,-0.27379941414836545
MIN60,-0.13300792579229062,-0.46292040177015853,-0.11351703586832147,-0.2129297383000217,-0.025151237526810904,-0.22708764522708363,0.01770227263103533,-0.0819804726673233,-0.06894065331780866,0.1330109024700584,-0.21585305744782718,0.333840698298808,0.07145431191935811,0.27488406574754953,0.38109332712109034,0.49814010191542907,0.5671068089104743,0.6964444457751006,0.22589139138039765,0.3304567437199053,0.4594482274810025,0.5345560401353668,0.6946348201820783,-0.34031829190889035,-0.3994619347468646,-0.4382891380427346,-0.4674719134840968,-0.5262146405033254,-0.2407297283582422,-0.33797252873042144,-0.4534657548438246,-0.5079792635309243,-0.5888314915462957,-0.006469084400138254,-0.04286912056682717,-0.1045589264791336,-0.15592355680194145,-0.27320145183174227,-0.016331579432085134,-0.03499072425620483,-0.05067115782797528,-0.08047564544602498,-0.17216263331126258,-0.11068758083994278,-0.04636693427767315,0.03408977237330115,0.06919199212937455,0.14974993831900865,0.45686566206920387,0.5476104229625826,0.6845584645424502,0.7852963798878069,1.0,0.11773268052654123,0.19312731442220368,0.28632180559663156,0.33976010832906156,0.4064510474093562,0.29349201973558176,0.4021376312645631,0.5521704352049706,0.6455699588709299,0.8362673672251971,-0.16625621153396616,-0.24471229738098585,-0.354305553976582,-0.42166415751283987,-0.5463665512626201,-0.19448330052057333,-0.2755026418818704,-0.3943870595188666,-0.47798803809406176,-0.6494842809990324,-0.17312034823297168,-0.1796205829091016,-0.20121148148742984,-0.20670672433071588,-0.21218989789921955,0.10482539351145777,0.14371362388688647,0.19072621556618133,0.20898191939859395,0.09914056634269658,-0.18197168864624624,-0.21997010901432845,-0.26679017206647443,-0.28959929059450734,-0.251661673047395,-0.05907290652144487,-0.02943588808008981,0.06750583251191933,0.1277317330753599,0.10236460841779482,-0.0829617066797988,-0.10309532678038942,-0.14077842944810137,-0.14533131760949433,-0.13221407066475724,-0.16839339991611285,-0.19960452298106374,-0.2351076197316675,-0.2638383108185595,-0.28906412913289775,0.1434910579320902,0.17225655820102187,0.2040995933102064,0.22946758550030472,0.2537773817658941,-0.1644662723281238,-0.2002648825313305,-0.2480695579874455,-0.2854735944139569,-0.33748785698420175,-0.2459671538884874,-0.34053051575293697,-0.4534484628995417,-0.5202235554462569,-0.6609632604846327,0.24590745395024782,0.34053043715429654,0.453447460032835,0.5202227959921165,0.660963187653346,-0.2459152354153384,-0.34052962893426114,-0.45344778520319534,-0.5202231340914455,-0.6609632031629138,0.03052732343213198,0.04904532091559763,0.08298107402334959,0.11777618841409211,0.1944762480412923,-0.02328209302912168,-0.0009428766302219685,0.06546531694483813,0.1151369971941532,0.19272795868913853,0.0033269401024256452,0.04314466427411056,0.10088608636668502,0.14668215425046127,0.19503975519591596,-0.03735096446315251,-0.05908640540616003,-0.10465378161870528,-0.1419117232880229,-0.22875074933127218,0.03735096446315251,0.05908640540616003,0.10465370846522287,0.141911345413839,0.22875041391570555,-0.03735096446315251,-0.05908641336978068,-0.10465378155024267,-0.1419112110458953,-0.22875052437127935
QTLU5,-0.5940639992166407,-0.1952595284035539,-0.5526401367736423,-0.1265513228595935,-0.03688243941833018,-0.01058207545619086,0.08977259579637627,-0.4729537177631655,-0.4334251294443079,0.5940646253613786,0.2595403046376575,0.4419282866395186,0.38566137356694713,0.6368792404344115,0.389723157286309,0.21516726741896444,0.1294393143720479,0.07862746656278793,0.9024721429451759,0.6884395022740641,0.4570706913658884,0.34642893102125005,0.20228290046304,0.14296726160666393,0.14529798783191986,0.1530318996158876,0.1585999001635803,0.1663098519746304,-0.7434019700347033,-0.2874965810723928,-0.04953429406563247,0.028933100123912526,0.10804918380434518,-0.04684430573608599,-0.030851300889409877,-0.010149428195417596,0.0064243950241984924,0.051877950034517444,-0.373814186640549,-0.7133430721469197,-0.6782957942594836,-0.5853382855212644,-0.3958001911761178,0.7538694107310845,0.6639509368533099,0.5390132752223236,0.4695257995125155,0.3629313152587604,0.5465247946321679,0.4218193951437767,0.29430591514146837,0.22455543876176456,0.11773268052654123,1.0,0.7800365744435306,0.5518933708433876,0.4325943230212374,0.2784764102026777,0.7447953569302351,0.5965857483788751,0.41711053178701823,0.3172364726062712,0.1662057128266809,-0.8036000710263966,-0.7119964213378471,-0.5780459136779943,-0.5081614959227417,-0.3940129922581338,-0.7815601508138794,-0.6480967264665518,-0.5016988893884032,-0.4323099748355331,-0.3321168347943379,-0.49394901792027796,-0.24486271068445406,-0.14586740598472409,-0.10461844895783243,-0.044007801657235855,0.32126986146049474,0.13977302774081032,0.036913384285747114,-0.0028345180506988785,-0.019028296552002385,-0.5280064895626472,-0.2505925679466168,-0.11255515435498566,-0.05848880193671285,0.003044162461358067,-0.10888321915063373,-0.06785807801721487,-0.031210356012160496,-0.029843880287720292,-0.013438408360348823,-0.1513602064472097,-0.07281991006776774,-0.03323097369129874,-0.007636716706672869,0.016681013605547853,-0.442367479393302,-0.28383286753544773,-0.1748513738788486,-0.12063934412247199,-0.07430879054686954,0.46334753705084836,0.2983765135537048,0.17770813088670784,0.11844180470670251,0.06252036798304228,-0.4666358863267257,-0.3090744524012008,-0.19712697737197207,-0.14104359208743908,-0.08835699182232401,-0.6066680602677414,-0.38821463696172653,-0.24328102960914194,-0.1681469952175103,-0.11448486636622476,0.6067061857954791,0.38821669583274426,0.24328215851567056,0.16814634310228443,0.11448482714639562,-0.6067071142828632,-0.38821635455839565,-0.24328137298464594,-0.16814720269614625,-0.11448543258421015,0.45350500199270266,0.44613005939121997,0.40669221077490375,0.38067669133431603,0.3156012217552897,0.12711505521526942,0.2659173461912114,0.3326322029583264,0.339218803594547,0.3017211213315977,-0.06458031636928738,-0.0571120833908708,-0.045667773571389514,-0.032196350339836706,-0.03383231889164138,-0.3718050774070784,-0.32340601004545944,-0.2769033740470551,-0.24564380183966766,-0.19517440518572965,0.3718050774070784,0.32340601004545944,0.27690346193431126,0.24564360917276382,0.19517458553798114,-0.3718050774070784,-0.32340619953001054,-0.27690337760782346,-0.24564342910370698,-0.19517444464887274
QTLU10,-0.42819278295277485,-0.2304315344790869,-0.39320305111074544,-0.14674270361430133,-0.04545232999577856,-0.05740218310276385,0.0634408713525379,-0.33021192340713257,-0.29767115544183614,0.4281965905506094,0.12343629404456244,0.3659943266053373,0.26847134612950907,0.8118134896815933,0.6512549182081318,0.37101641953866143,0.2495866977840866,0.14134466370394358,0.8212503888146829,0.8990894168307128,0.686904499017061,0.5438930524336913,0.3376784120952809,-0.015756101841184936,0.14067380544505761,0.16681105491509243,0.1859805976878732,0.2107192794712033,-0.781535036664758,-0.6536346308862598,-0.2425041540532755,-0.07565070749595597,0.10350161933832429,-0.08024330455241438,-0.02528986450974122,-0.03925070776500737,-0.015218883525597476,0.043905017427457005,-0.14921994026964033,-0.42340183765444783,-0.7180370942933062,-0.7260574116041586,-0.5749831876758557,0.5961824593207088,0.7721098585861739,0.6819584246243896,0.607307113846302,0.4918357918781543,0.5881904813953158,0.5570901178033931,0.43855515003428,0.3462728637810889,0.19312731442220368,0.7800365744435306,1.0,0.7853257211666463,0.6458850472379957,0.44027761736853555,0.725679146687376,0.7445458260539937,0.5945573907478785,0.48785812749508367,0.2819513769403604,-0.6590188505452804,-0.8164177410004722,-0.7444132593218402,-0.6773276883627231,-0.5522638146390461,-0.704248199028504,-0.7969795859917385,-0.6732072270128755,-0.5890578562103173,-0.46922863395886116,-0.5329623326582724,-0.4826211517784722,-0.2884694683825194,-0.2025130158142456,-0.10596021849411612,0.4003425249996934,0.2993991389388891,0.11033143768960736,0.044228782583151126,-0.025278148811812094,-0.5901150643265439,-0.5171589611152033,-0.26357887455299406,-0.16443402678063196,-0.037520051404856196,-0.2155511854667668,-0.10385708598328021,-0.03693645590130765,-0.03370677620598729,-0.02669373000099004,-0.2890365927846057,-0.20822096955983038,-0.11019381623483587,-0.06326034352562208,-0.004924255997217422,-0.5054850209618738,-0.4090382337225958,-0.25253615831413917,-0.17921389984349476,-0.1004492532310886,0.5176566290012767,0.42341411042415067,0.251162480203502,0.17460716303572862,0.08694857032973644,-0.5265002900404103,-0.44018005097145346,-0.28056250550327116,-0.20701245065094137,-0.1201367347835304,-0.746573075748923,-0.6300301342456822,-0.3935974608974664,-0.2870477735185321,-0.19221097580901084,0.7466041346087229,0.6300324961102314,0.393598593708897,0.2870467081066608,0.19221123699570863,-0.7466067813072803,-0.6300319755575235,-0.3935974091273065,-0.28704825655545235,-0.19221188955421636,0.3195794148583829,0.4428373323007431,0.4675286356505237,0.45725271068054185,0.39536273170425795,-0.033329734982607884,0.20649938400403364,0.358235860395195,0.39660136309617156,0.37417219904497667,-0.09318633832305451,-0.08511957216231139,-0.06550359595804277,-0.04499799100839887,-0.04369689334828289,-0.39466024612644196,-0.40959185501886713,-0.34775065183129167,-0.32001164292242457,-0.24420668686474933,0.39466024612644196,0.40959185501886713,0.3477507254999387,0.3200113907611107,0.24420690108531828,-0.39466024612644196,-0.40959192710173625,-0.3477506454452791,-0.32001119437015485,-0.24420659589274152
QTLU20,-0.2961012249872501,-0.25028207088791443,-0.27383575966779916,-0.16263590771274167,-0.06012873399870188,-0.08673379039898362,0.04597348291242834,-0.21270897370467778,-0.19279063187690318,0.29610604549084757,0.01897922708412671,0.3033214056477282,0.17158243097030812,0.7155073848390984,0.7957355550888064,0.6498869610794994,0.4477574330137912,0.2585520106847384,0.631335247717864,0.8249181505723753,0.8975123821431449,0.7906296164268408,0.5371321775273108,-0.09424689160029236,-0.016847191983990692,0.16365062874302677,0.19769287937193308,0.2510670908594684,-0.6502014003693058,-0.7353685119495809,-0.6058237617252004,-0.343662819000547,0.016596950740979423,-0.043203523911193906,-0.10786381912264621,-0.026882869977947862,-0.01980815860575754,0.008570761642828354,-0.04235041178501991,-0.18686702370258063,-0.4250338631800699,-0.636848744494143,-0.7275669305879517,0.37165220499503804,0.592777234618264,0.7889993815828938,0.7330222576094982,0.6251878867962123,0.5340393780707122,0.5913904526458799,0.5686593027438102,0.4809588047721126,0.28632180559663156,0.5518933708433876,0.7853257211666463,1.0,0.8898929518487956,0.6535805639581725,0.5889261948360006,0.7270739072763567,0.7241748971826872,0.6447395742563277,0.4355350968390569,-0.48271065207684805,-0.6785004367294889,-0.8277039555079283,-0.8028030620872628,-0.6982411219722796,-0.5326890434936593,-0.6992983936192272,-0.8216627796469953,-0.748699942453657,-0.6211724654098482,-0.4092029562409549,-0.4961120770091458,-0.4745182741885034,-0.3269227568970196,-0.1911472331140113,0.37990249445607766,0.38298384842928707,0.2624298548584272,0.13963500503219828,-0.022637041290679876,-0.4850353101025712,-0.571940577316003,-0.4975126378351591,-0.3263500764330435,-0.10369137046633586,-0.1864718327990457,-0.17815071522674797,-0.01855600836459482,0.0014775619474259722,-0.041297623528748474,-0.2682339031146033,-0.29699967538066707,-0.2203767871276097,-0.13873026066320449,-0.03916201954360116,-0.4191727576958349,-0.4508599373930529,-0.36483608226362024,-0.2576195421314171,-0.14009749541527602,0.4217177479597348,0.45763967639273445,0.3688549402303494,0.2529885841107735,0.12017515947126907,-0.43057450010442333,-0.47682215978743525,-0.405731398179746,-0.29500734068135304,-0.16522446030187538,-0.6321610526059637,-0.751261924010951,-0.6446250673711398,-0.4678721352413481,-0.3130336220813515,0.6321894870108666,0.7512619952297888,0.6446254409905766,0.4678719801274175,0.31303406075007917,-0.6321921980192934,-0.7512621674769009,-0.6446248549222309,-0.46787249992723573,-0.3130344874764944,0.1543169291962833,0.2774646134995548,0.4083187390714064,0.4440405552542141,0.40744257558331,-0.11947976134158202,0.01551924791752313,0.2664186995774063,0.36648918870723163,0.3789141422147354,-0.10746408692070572,-0.12642806180779234,-0.10238769383993508,-0.06889510678290266,-0.055891345661727904,-0.2524281974819821,-0.3582594386422659,-0.39516165503516965,-0.35630112316446805,-0.26074609699309026,0.2524281974819821,0.3582594386422659,0.3951618352925925,0.35630081626042226,0.2607461682130087,-0.2524281974819821,-0.35825948043201566,-0.39516166225006233,-0.35630061811536046,-0.2607458943962624
QTLU30,-0.23161368538221777,-0.24865615787112322,-0.21373069984407578,-0.15154753638388005,-0.05217106718661255,-0.09563652212829271,0.04033822747969768,-0.16309693253331645,-0.1442419425845612,0.2316190370769443,-0.01709680093381216,0.2672305442776881,0.13278760903051412,0.6167502697425836,0.7518550920015703,0.7790926500971685,0.6304298605231725,0.33206087871081774,0.5098177614745818,0.7248726788587087,0.8731150530308316,0.8951146259035729,0.6672062751291008,-0.11105839694447123,-0.09274345634109098,0.06576572129189134,0.19168075572721407,0.25921062620545127,-0.5377575013857364,-0.6927906272011845,-0.6928279735083925,-0.5676391209554835,-0.09167691909342514,-0.029827705287699156,-0.12782749009185992,-0.10265453159837362,-0.014971772592288346,-0.026130954628524418,-0.021461797126037213,-0.1064218086931119,-0.2739949412130889,-0.43157676641939446,-0.7397119973915653,0.2615032633036586,0.4552575357675334,0.7045945889799662,0.7790766835372541,0.6835355570890365,0.4706880865765401,0.5627739881974066,0.5909095488230227,0.5418308052326934,0.33976010832906156,0.4325943230212374,0.6458850472379957,0.8898929518487956,1.0,0.7787223378236153,0.48434559928880694,0.6686949421731881,0.7265329867637952,0.6984596390092116,0.5168217465749113,-0.38483082670535507,-0.5727411509873206,-0.7521098500659724,-0.8040246621377439,-0.7467974103977547,-0.4264366623635736,-0.5957349976605879,-0.7774149442865794,-0.8052548197354823,-0.6848639862102868,-0.3261222929037275,-0.426407075461665,-0.5167317841660211,-0.429244161991559,-0.24745855203291517,0.3378047221229703,0.37396420028941596,0.3211449466924058,0.22452024543171267,-0.016837478021744463,-0.40304913000096787,-0.5151540574227664,-0.5589196227992799,-0.45992569408382267,-0.15431255192551485,-0.14671365545956397,-0.16435903141771221,-0.05885199259357423,0.024977719992526175,-0.0405803533883333,-0.21828853973871187,-0.2728283898176694,-0.27198100794986707,-0.19417491330884507,-0.06169486632983599,-0.3549056584022162,-0.40709816819974154,-0.3963702571177353,-0.31450438939820163,-0.15987007285443078,0.35890319951892435,0.41361065535749053,0.4026474203598603,0.3150142711660176,0.1358747982964104,-0.3647018095451686,-0.42780632802279833,-0.4384853033193094,-0.36028344531414563,-0.1884509104523303,-0.5363359399295353,-0.6978220657541768,-0.759009481043121,-0.6272803511871389,-0.38989042349340597,0.5362836562139338,0.6978217152365505,0.7590098907910042,0.627280191749292,0.38989045547423873,-0.5362912513761992,-0.6978215387848075,-0.7590093237673157,-0.6272805344214832,-0.38989052975339794,0.09095589302346554,0.18899535441108015,0.3138102454219482,0.3860831793717168,0.3843182669020319,-0.12987526681976697,-0.04874900908656749,0.14577887819210464,0.2956528528573344,0.356823872790588,-0.10244081565202955,-0.13315249772786197,-0.12778231509453902,-0.08721594248168447,-0.0588113142463812,-0.17264078499161764,-0.2794825188169954,-0.35981700350749135,-0.3742550270687938,-0.2483692159019044,0.17264078499161764,0.2794825188169954,0.35981719802418777,0.374254719585118,0.24836927665229075,-0.17264078499161764,-0.2794825078991466,-0.35981698853450284,-0.37425454778861916,-0.24836900155723587
QTLU60,-0.144031992110672,-0.22452599047957503,-0.1340417604052445,-0.1251959243201112,-0.038435252545867424,-0.11144495943332071,0.012634329951068324,-0.09765737569463914,-0.09321000826003621,0.1440365656840072,-0.047343476080368714,0.212557005476765,0.0822363256437532,0.42738510298031734,0.6075516130001675,0.7243014210594724,0.7367859213154646,0.5533443135217443,0.33826621893864445,0.5157274794250892,0.7181857808199348,0.804945994403096,0.8586501798359005,-0.08399961000148123,-0.10260162891262449,-0.058533835258646666,0.04106985196988085,0.2914775625550863,-0.3643033279549876,-0.5349260284444526,-0.6589493904972102,-0.6460935985518341,-0.4361121578554992,0.008520931515746321,-0.07349007994068384,-0.16709175094541434,-0.14160740521057924,-0.0172831156863163,-0.009321630133702751,-0.02873370470800032,-0.1137909080017642,-0.21655341841141784,-0.46889421043629753,0.14442126148273807,0.28861679010247626,0.4800749923685757,0.597932839699979,0.7780054017021203,0.33956677666705565,0.451120736890664,0.5415542212045774,0.5418378294320656,0.4064510474093562,0.2784764102026777,0.44027761736853555,0.6535805639581725,0.7787223378236153,1.0,0.3271409842563324,0.49081630527533604,0.6373760516286917,0.660297900511776,0.5806658521207131,-0.24655840968411913,-0.39370196192159485,-0.5627047049248681,-0.6400859200631102,-0.750016691598584,-0.273394642997306,-0.4228789319137391,-0.6009111479766818,-0.6836168111232063,-0.7588912352382846,-0.2098017138721993,-0.2880821997438179,-0.37892595379475336,-0.4001206994241454,-0.3392834361553329,0.23611048297804618,0.3359838562312355,0.33494691778822505,0.2967273023220351,0.05587827944167949,-0.2672418342311512,-0.3893387188420381,-0.45806584742177214,-0.46305931884091645,-0.29633892937507617,-0.08144880292603907,-0.051228763838050584,-0.0009134408373413582,0.025035923444359807,-0.007937436827442445,-0.13850579610765293,-0.1868462061352827,-0.21638378898095126,-0.2026647107052688,-0.08475146568999882,-0.2349087903158567,-0.3046246411543161,-0.3276900882126845,-0.3138803902339944,-0.2013277503901089,0.2379074529584339,0.31831721277325475,0.3513725619690367,0.33518343466833994,0.19820142819146488,-0.2405600177873804,-0.32170625860807617,-0.36564570105418503,-0.36163557834060023,-0.24747202409612812,-0.35994485120843883,-0.5475106686225019,-0.6817092489011972,-0.7127785986348804,-0.5813880414921607,0.3598760835173104,0.5475111004367614,0.6817102996892247,0.7127785982358219,0.5813878420637619,-0.3598834350361022,-0.5475105042925704,-0.6817093442311833,-0.7127792561094634,-0.5813875507949784,0.04085036884992433,0.08937144229555499,0.18826835524657107,0.2534753533354001,0.31761776575299294,-0.11567424351694217,-0.09871508201327803,0.019593098335453293,0.12793910310443873,0.2700889177866694,-0.08478888878219114,-0.12887852626819124,-0.1547630764710524,-0.1387396936159416,-0.09262671738814479,-0.08407863806832135,-0.1656737557135265,-0.2542370248483936,-0.28798618583303626,-0.25513178260356,0.08407863806832135,0.1656737557135265,0.2542370455586199,0.2879857565103451,0.25513180957198384,-0.08407863806832135,-0.16567379178476463,-0.2542370407414824,-0.28798556766915806,-0.25513155309386837
QTLD5,-0.540303797212427,-0.3662618200256924,-0.5026375628724228,-0.21524010168753602,-0.05401863245029779,-0.1269185422322577,0.06624858030426956,-0.4159023193137156,-0.3861377451455209,0.5403040656399197,0.10517222666725559,0.5165214947259396,0.3419362471541768,0.7077571338428948,0.4719672031853671,0.310644414921987,0.22673704472241374,0.16986550058588598,0.9168487077428057,0.7561851643097239,0.5462073805417733,0.44445379012776737,0.3057520981423562,-0.29407299661455416,-0.14881940956289538,-0.0677361098098691,-0.03794775606533239,-0.001121170133551751,-0.8056638146890919,-0.3825067037841903,-0.14018683624867478,-0.057522774393098434,0.04257846601141703,-0.11376988119751055,-0.06784008134341696,-0.043362831482864676,-0.03610108128093614,0.018489863433602767,-0.2889332640272597,-0.6735934228820373,-0.6931289199910111,-0.618213950837115,-0.45475274890872047,0.48924741020479867,0.494089368566718,0.42938428505659515,0.37941540357061615,0.3031014649612594,0.7967552645851763,0.6325227419987565,0.4790529454583575,0.40734900615253883,0.29349201973558176,0.7447953569302351,0.725679146687376,0.5889261948360006,0.48434559928880694,0.3271409842563324,1.0,0.7516618200610292,0.5488198887584862,0.4577095004151057,0.31590842762729304,-0.7501196325233274,-0.7140541506929067,-0.6172549476345238,-0.5649025236436128,-0.47858074401683987,-0.7700534136757092,-0.6664896795869707,-0.5394659121304582,-0.4793970339001233,-0.3893105154039628,-0.4812843291926626,-0.31712666591473193,-0.21462416649842403,-0.1748908459273389,-0.09977169943786313,0.3483504932588355,0.13121424249549782,0.05626298000209493,0.022545640377392453,-0.016252103781441662,-0.5367040078985658,-0.30439602746044747,-0.179942847556745,-0.13490137660133686,-0.058905510036889576,-0.17554749130345182,-0.13443164476550643,-0.06997405844591567,-0.05294389305866791,-0.023744755451195195,-0.19861838941420767,-0.11326889207954795,-0.07857561349422221,-0.051849089051007616,-0.015401983355848027,-0.4737728391982295,-0.32070094027229734,-0.2166077369210201,-0.17039006191778175,-0.11276002817462992,0.45592704064030637,0.3082553769256583,0.20873785910137682,0.1681251281580167,0.1223731532664675,-0.4836987331743414,-0.33558414098505385,-0.23583841976178002,-0.1934237950641703,-0.1419102540586578,-0.6545357045210309,-0.45535521386232103,-0.3216801227551338,-0.25060721324432156,-0.20157896522711988,0.6545239677635561,0.45535700926211714,0.32168169576628397,0.2506069422311793,0.20157859874561626,-0.6545284465817617,-0.45535550596449065,-0.3216800133729766,-0.25060708192369546,-0.2015789195780482,0.36414197015572775,0.44387728116780834,0.44788111235084554,0.4441433822888565,0.4162272993393824,0.03120927048902847,0.22311628878126022,0.34412497919958035,0.3806619844736868,0.3907159707791038,-0.08313699648100457,-0.03115624951860545,0.009775347045005179,0.03751742830664961,0.05540752297289365,-0.38373312454404107,-0.35387196749762145,-0.32348075916022667,-0.3106469298956832,-0.2799800279038483,0.38373312454404107,0.35387196749762145,0.32348063344941264,0.3106464553428659,0.27998010457373185,-0.38373312454404107,-0.3538721736728658,-0.3234806941036497,-0.31064638980123943,-0.27998004097279233
QTLD10,-0.37094412995507603,-0.3926758046733887,-0.3451826302898351,-0.2314111314325529,-0.06234761526291689,-0.16388511005937706,0.04404076112904936,-0.26831970356132334,-0.2506589755210756,0.3709476523373522,-0.027717548979464563,0.42903081555878825,0.2184209635613304,0.8119180181031767,0.7475777028090665,0.4703666621949264,0.35418002425838535,0.24270165433089724,0.7388816873497888,0.9264019056245183,0.7705929654096292,0.6401044203736465,0.4461235312032238,-0.24074859128855597,-0.3218588139547362,-0.15765608079515941,-0.0859753999928482,-0.0019536531720627144,-0.739027298959577,-0.7721140842478319,-0.36267260589938,-0.18418818019106353,0.017472523915294726,-0.04104383630467791,-0.19356605236977867,-0.12670389537770246,-0.07379576559771438,0.014448674317211103,-0.08029476757643618,-0.29086970510890997,-0.660202862817151,-0.7208084476717126,-0.6209283090888029,0.33942157457292416,0.48157840300978283,0.48852442462137685,0.44635365150048845,0.3792580374054132,0.7405741419592446,0.8361941348824646,0.6628508811196507,0.5645459637042226,0.4021376312645631,0.5965857483788751,0.7445458260539937,0.7270739072763567,0.6686949421731881,0.49081630527533604,0.7516618200610292,1.0,0.7683921648240865,0.646899036981517,0.4429736764643569,-0.5716920882373848,-0.7712246008271691,-0.7457737347328726,-0.6987239289977016,-0.6095194487396405,-0.6415455936607684,-0.7757482154237894,-0.6735291126229093,-0.6035938097864224,-0.5013523337807321,-0.4492731996584239,-0.44068120483161927,-0.3248041471901356,-0.26022099912394064,-0.1503434311607461,0.42396560057904037,0.34440861733699063,0.11425760697969259,0.06265311703018239,-0.026288649728007565,-0.5429685542686447,-0.5229508870131008,-0.30402853283979775,-0.2284877340010859,-0.09177334424650171,-0.15717802153307936,-0.13921766855565956,-0.08890398422435823,-0.06835301025342815,-0.04692564893527939,-0.26076179099307806,-0.22393061628111333,-0.1432753632881369,-0.0999541461250733,-0.03607491915834976,-0.49807210661774903,-0.44943664352505613,-0.28985402048719794,-0.23059169078101613,-0.1442861535369336,0.4797981341681165,0.43195023515335823,0.27754777674583914,0.22329571055876815,0.14862984888534947,-0.5074080911790857,-0.4680698139598847,-0.3153927819862989,-0.26030891919066607,-0.1789894186001822,-0.7266593988316914,-0.7020795445380271,-0.47610913147424494,-0.3798855677414176,-0.2916604043654335,0.7266874393663452,0.7020814268762228,0.47610993403273233,0.3798854365577462,0.2916607092297138,-0.7266906734525758,-0.7020806398996668,-0.4761092941347622,-0.3798853418625195,-0.2916605054845007,0.16575618234145684,0.33228168424483273,0.4368020794647122,0.45772172545732576,0.44065540271871884,-0.08853965669515002,0.09450166751991473,0.29244812773148804,0.3674216120272025,0.40354412224307046,-0.10235875640964086,-0.08391430715822411,-0.026568223410398537,0.018808553719193134,0.04945578161892266,-0.2673744846361861,-0.39396660426521074,-0.3533560326356002,-0.33969718138782284,-0.29852105263520823,0.2673744846361861,0.39396660426521074,0.3533561910026296,0.33969647077001724,0.2985211912226611,-0.2673744846361861,-0.3939666470813612,-0.3533559669339236,-0.33969640787951905,-0.2985209542863845
QTLD20,-0.26286018332264943,-0.4219056157090407,-0.24445791458329172,-0.23047153075484084,-0.052281707967930205,-0.19167389963861398,0.032525467932388516,-0.17814872135459456,-0.16844086473443923,0.26286531796003076,-0.11466673205179329,0.38403275409126864,0.14444740523653316,0.6260411549199209,0.7995827514982352,0.7472464206007833,0.5503717573448104,0.3593860200190941,0.5325254821386578,0.7512097413987394,0.9163048904777658,0.8496170850821442,0.6299314450370781,-0.239950137358665,-0.29729371691709705,-0.34705669695786334,-0.2371608477446911,-0.07416208959012968,-0.5524889523747449,-0.7259333445919899,-0.7410709839195748,-0.4832950081012574,-0.09446625615244947,-0.011417132916872188,-0.09580259222090551,-0.25704329454858543,-0.2066163498843438,-0.03974703747178917,-0.025685822888311168,-0.09894157708570676,-0.28429687172690205,-0.5346068620353576,-0.718209207130087,0.1687709769829957,0.32619086351970905,0.4572751363091509,0.4520537346825926,0.41041647499045386,0.5985309132863327,0.7518040223564403,0.8651875459277907,0.7603392823859655,0.5521704352049706,0.41711053178701823,0.5945573907478785,0.7241748971826872,0.7265329867637952,0.6373760516286917,0.5488198887584862,0.7683921648240865,1.0,0.886923415833392,0.6241129262498393,-0.404190991339114,-0.5942493828003704,-0.7736228821226853,-0.7746691755877939,-0.7106889361985315,-0.4547936236838528,-0.6299795963751427,-0.7684550438980902,-0.715112624812733,-0.6075232116222851,-0.3422478338263952,-0.39860170372930365,-0.4172183055005789,-0.34114519210516747,-0.21529563995420356,0.3127822493909281,0.3958116182825807,0.30965406715122706,0.15277960392476403,-0.027446615899818075,-0.4096942916281674,-0.5093791552064606,-0.494688033578795,-0.3580920602902144,-0.14752228626635042,-0.12740029119342505,-0.0831017175733196,-0.020329589813478825,-0.03528819448643512,-0.06261928736252967,-0.18864566036259386,-0.23326597260691825,-0.2058595308828892,-0.13666349739952316,-0.045413923956814276,-0.384354849738272,-0.4466135576601095,-0.4039617377344974,-0.31139860472957076,-0.18955157809704187,0.368324282135552,0.4346339032330196,0.3969985720327183,0.3047189039386473,0.1925297461094586,-0.3902106753468284,-0.46698791010600044,-0.44206739088864877,-0.35148767380463974,-0.23438236367313978,-0.5607530875355949,-0.7321028108656545,-0.7088295654406624,-0.5516632879810139,-0.4127618072458312,0.5607667600844143,0.7321042036426557,0.7088296689985591,0.5516635920144901,0.4127621999296646,-0.5607703190474989,-0.7321032168310168,-0.7088295125506968,-0.5516640933578837,-0.41276223740315393,0.08489666200949585,0.16458468295931944,0.3246464144518805,0.40459167544872643,0.43183020288943763,-0.07344256824075883,-0.016732678954435615,0.17646115690288178,0.30343836835216925,0.38372947967847665,-0.06039449703348048,-0.06609151342811169,-0.034912254344625526,0.017569945196642067,0.06292862091213247,-0.14152438585897753,-0.25006418787683726,-0.37996391173463356,-0.35742154450310365,-0.30460953269413593,0.14152438585897753,0.25006418787683726,0.3799640586692556,0.3574212160762259,0.3046096073025268,-0.14152438585897753,-0.25006414858440495,-0.37996398693787126,-0.35742107923300953,-0.30460929732924397
QTLD30,-0.21468540613508746,-0.4275315394163243,-0.19617039884865245,-0.2259480309246823,-0.04710529729345497,-0.19838982382076611,0.030977199519612145,-0.13941601233435363,-0.12711004264843995,0.21469108015726024,-0.15198550718977955,0.3594269493131889,0.11694573712762305,0.5200435284609205,0.6991685023968551,0.8315700230207215,0.7214827262295869,0.44398456424515786,0.42895892897793403,0.628946549981103,0.8350414734218446,0.8999510673099751,0.7453848994062329,-0.2617601511880767,-0.2972311502398937,-0.35394526566335915,-0.3537064791905812,-0.15622981027551755,-0.4526159857549444,-0.626081632612577,-0.7599777332437326,-0.6997983914924402,-0.23502947356882115,-0.005480264442102298,-0.05703093591574476,-0.1899910116871278,-0.2722849409829374,-0.12611836932904402,-0.008957464790333082,-0.05184854833356788,-0.14481149270666996,-0.30136953645351094,-0.6653555373254539,0.0794210047216054,0.2297109783218343,0.37876610611089445,0.41985683649085104,0.4095723318092315,0.5291178090920927,0.6600742104913443,0.8455039369893821,0.8637742609805735,0.6455699588709299,0.3172364726062712,0.48785812749508367,0.6447395742563277,0.6984596390092116,0.660297900511776,0.4577095004151057,0.646899036981517,0.886923415833392,1.0,0.7504263481505861,-0.32160274393571364,-0.4859898586293196,-0.6803350092147673,-0.7605814252855634,-0.74383645255546,-0.35889380036454344,-0.5165943404719793,-0.7050583893006033,-0.7502192193290305,-0.6548819905229897,-0.28826867750788265,-0.3459276772650396,-0.3925543217474251,-0.37066847182680207,-0.256107475683256,0.25219014872655954,0.33407762917395667,0.38889472357755944,0.26552583263620766,-0.019506848759626546,-0.34058590251734044,-0.4393431228918924,-0.5166914325967782,-0.4550053865629644,-0.18987062023361134,-0.10878799746093865,-0.07156223353161083,0.053373417989881586,0.04455332221795433,-0.05949501260937691,-0.15525430603660523,-0.19441712863223018,-0.2194061187686058,-0.1673096229117388,-0.05534412067168286,-0.31359652026875534,-0.3809651755376323,-0.4118704793174062,-0.36149103042397973,-0.21543826191965632,0.29743942390978306,0.36820446107590277,0.4099675937849223,0.3592769321119642,0.21597235800316855,-0.3170160803939222,-0.39810776925487495,-0.45306439186248804,-0.4097489020941049,-0.2667155160341908,-0.4634658665879614,-0.6348270265708785,-0.7627415507392556,-0.6834389597251445,-0.4918869671232244,0.46345792779520684,0.6348276179556881,0.7627415083397789,0.6834391344208047,0.4918865691293874,-0.4634630786093792,-0.6348266435606129,-0.7627411039408833,-0.6834398641613316,-0.49188662443099695,0.056713521392777064,0.11350961254326432,0.22635345485265065,0.3316845919748406,0.40579069145050806,-0.0539128515581407,-0.01516746378086835,0.10483802786098727,0.2405655513990429,0.35672067063903623,-0.04616832843508844,-0.03410929884901417,-0.011446852450748059,0.03182955993781334,0.076401414401256,-0.09842677231828091,-0.17773825200160528,-0.30904393286790893,-0.36817802672447564,-0.29964004599421434,0.09842677231828091,0.17773825200160528,0.3090439342682023,0.36817774207057596,0.2996402104898877,-0.09842677231828091,-0.177738199162225,-0.309043954969254,-0.3681776228928743,-0.2996399095059866
QTLD60,-0.1395348307932038,-0.4184107379756698,-0.12418991079747628,-0.20367017605523882,-0.031964197523582816,-0.20189148717730857,0.025744100799783426,-0.08435544816504077,-0.07389776213702197,0.13953857130674652,-0.19064065538776223,0.31435616853064813,0.0759483922307331,0.33445215255449384,0.4861463390064684,0.6531935953810897,0.7381361083684269,0.7163316956965792,0.2680383771961821,0.4064157633814152,0.5945932277843011,0.7050703425451657,0.8594447134834623,-0.2888982970433464,-0.32715150423450917,-0.3471828860456087,-0.3582794197628287,-0.39531649559911636,-0.28993487734819073,-0.4224556183808938,-0.5859311698940548,-0.6638239244334808,-0.6337942043827369,-0.001823680058457222,-0.031525249289996726,-0.09527832916109931,-0.13709531231651154,-0.2993373388456486,-0.004767722760912898,-0.022191933369800354,-0.04432281630309706,-0.08147978407060952,-0.3086437766801077,-0.05266860250801863,0.05082600597729921,0.18199262696066443,0.2423176186753458,0.31279437079607014,0.4294641841782429,0.5169716401987657,0.6517807110190824,0.7427876777629898,0.8362673672251971,0.1662057128266809,0.2819513769403604,0.4355350968390569,0.5168217465749113,0.5806658521207131,0.31590842762729304,0.4429736764643569,0.6241129262498393,0.7504263481505861,1.0,-0.19655679443560217,-0.3004265344279504,-0.4453024324145496,-0.5332394608202524,-0.6854705530578602,-0.21935489909942602,-0.32565881607897856,-0.4822186863523625,-0.574398291324959,-0.6804215888383911,-0.1890094947269986,-0.22665217549650238,-0.2714264001178252,-0.2808908682631495,-0.27317896109542805,0.15572015083684262,0.21417262615079757,0.2806674034832475,0.31224725771317097,0.08244290763229926,-0.2189451333155936,-0.2920201005386728,-0.3676126813688059,-0.4055446539148241,-0.29872326765600543,-0.06040092854681509,-0.035490492824006584,0.05566813841064324,0.12354723465942764,0.02820282495698758,-0.09078341767669246,-0.11501792793244407,-0.15728263199283787,-0.1626575953310322,-0.10408384453867667,-0.19668658919144236,-0.25015901455456446,-0.30061422071546007,-0.3205858500094344,-0.28734252148269335,0.18439529767275098,0.24061516060233137,0.29970195805051,0.32842285884425876,0.2919326560957646,-0.19638025026495481,-0.2604354938334134,-0.3338382131642695,-0.3675472543828301,-0.35596948474875373,-0.2956688974401618,-0.4310734945120869,-0.5847995836952751,-0.6596674724372866,-0.6903653065717171,0.29561321286095954,0.4310733619154647,0.584799623531337,0.6596673724189086,0.6903651856286898,-0.29562227031565147,-0.4310728752694461,-0.5847992403037546,-0.6596676049516091,-0.6903648991927772,0.027792675412849528,0.0517852697820294,0.10202696136093686,0.1602081032852408,0.27085559701419,-0.041748932600790385,-0.024298537315967837,0.04576311121080346,0.11803103498771193,0.236667116484661,-0.023320796797997968,-0.013509714583031745,0.031972204280549206,0.08908779354646255,0.12438058262679821,-0.04479464338666843,-0.07553019796894092,-0.15147071375303825,-0.21155619303684978,-0.26769299609771247,0.04479464338666843,0.07553019796894092,0.15147061789165597,0.21155586807498553,0.2676926343641831,-0.04479464338666843,-0.07553021080536963,-0.1514707742022997,-0.21155563154408188,-0.2676928236778487
RANK5,0.5235480314518944,0.24895968691680662,0.5248363871036772,0.17053434203728735,0.05728752328391663,0.03779655464199311,-0.09454189478783337,0.39517789526355424,0.40363127749286976,-0.5235480191165949,-0.1738149780604452,-0.4335126494859947,-0.3199148026556899,-0.5595920620409944,-0.3541057525725939,-0.2137321761312453,-0.1449787344651452,-0.09354069608853713,-0.7758322611410124,-0.6078738097124462,-0.41622050937049115,-0.3257916711645326,-0.20645849872500174,0.050696617341678164,-0.013029251786387497,-0.04358830193616205,-0.05766855526050051,-0.06942688071967443,0.6398676706220106,0.26775234085611804,0.06947615190913556,0.0030065806313823917,-0.07106514541788186,0.08599780211726706,0.03652206128861337,0.029979859366209432,0.01574183009250463,-0.03267874187161314,0.32204251754605645,0.6086152683359891,0.5852283570491527,0.5118121444526416,0.35881323812883326,-0.584188896767932,-0.5258241376115786,-0.4273399375234072,-0.37332590379951786,-0.2812951856726318,-0.5756728389785585,-0.43894159994811993,-0.3155490889228425,-0.2577743657134952,-0.16625621153396616,-0.8036000710263966,-0.6590188505452804,-0.48271065207684805,-0.38483082670535507,-0.24655840968411913,-0.7501196325233274,-0.5716920882373848,-0.404190991339114,-0.32160274393571364,-0.19655679443560217,1.0,0.8119238381963736,0.6333144179160716,0.5546402624427798,0.4370364656972572,0.7422981087869389,0.6104651800192298,0.46859327366419273,0.4101057940630531,0.31834279248073283,0.4642675821052704,0.24984729990260446,0.15364912481207868,0.11792423585760091,0.056258242510491704,-0.34170418787477913,-0.13249375637308844,-0.039183513969163426,-0.009429048334783361,0.017825597455654794,0.5119225575962336,0.2512300050235452,0.11912430969942693,0.08000948591018124,0.0168895049407313,0.1216955046701551,0.07861052620537343,0.04263573102174781,0.03485905235051808,0.013125884012969364,0.15664394193054776,0.07558601798546362,0.04272997389389501,0.016874713142798977,-0.008688073983801756,0.48453249774814316,0.31845722112286196,0.2052380334958314,0.15566191827148187,0.1022008368572439,-0.5192265692190028,-0.3503513191459067,-0.23003077107269984,-0.17832524894324345,-0.12146404870975701,0.5165032858870549,0.3522736700390771,0.23829959311275603,0.19005569992074134,0.1347296683581456,0.5963333293375589,0.37391102461676917,0.24317639002641248,0.1802936114206091,0.12536768422162503,-0.5964148842752232,-0.3739119951740392,-0.24317738134135472,-0.1802931261440148,-0.12536790007414433,0.5964133417236411,0.3739116248276966,0.2431763703661876,0.18029344000560607,0.12536832944346574,-0.4216609730361915,-0.4418413221799422,-0.4152612566495896,-0.3956648778681739,-0.3470199935721467,-0.09744861741532171,-0.2478365658277973,-0.3261405678031903,-0.3431269080649627,-0.3280090330950152,0.0523590440552973,0.010092025297629113,-0.008319187547948763,-0.02562291688870169,-0.024299975803988454,0.368550629346363,0.31915686583402986,0.28153900704800044,0.2552680550382039,0.22220109356283885,-0.368550629346363,-0.31915686583402986,-0.2815390073957233,-0.25526788647355864,-0.2222013164804558,0.368550629346363,0.3191570698015585,0.28153900698517104,0.2552678113966154,0.22220122112023544
RANK10,0.4336033042068013,0.3013593526045938,0.4314880256129087,0.193685905261219,0.06079241115309729,0.07420139907832689,-0.08363251752253995,0.315532721374624,0.3170346450957438,-0.43360469519803124,-0.07666956325870464,-0.40628238571559055,-0.2561396710493684,-0.7203894631991518,-0.5987747717739442,-0.34564022524499355,-0.2453268081381979,-0.14952340447275797,-0.7353294410777422,-0.8133878467533893,-0.6284027022912004,-0.5005473686236569,-0.3243917671785723,0.11484806737126846,0.04966334576260447,-0.028680246782985315,-0.06905019551774891,-0.10445566347196258,0.68439783874147,0.5901144211485877,0.2277938130287869,0.08047982198726526,-0.0680628300280671,0.08788579385183336,0.08459237831316493,0.07408558271592837,0.041771359673680626,-0.03179857240659888,0.17712095478042583,0.3886058750692664,0.6410281246588848,0.6533199520482654,0.5224810003274747,-0.4995994591521404,-0.6396195670432235,-0.5647032267709485,-0.5032281935297216,-0.400346427595816,-0.6208698478025471,-0.6206003882816542,-0.4682872408958134,-0.38191847445131827,-0.24471229738098585,-0.7119964213378471,-0.8164177410004722,-0.6785004367294889,-0.5727411509873206,-0.39370196192159485,-0.7140541506929067,-0.7712246008271691,-0.5942493828003704,-0.4859898586293196,-0.3004265344279504,0.8119238381963736,1.0,0.8384629173965248,0.7500949965575813,0.6081250181876192,0.7099370628851096,0.806465160574057,0.6520178727870639,0.5725284966558204,0.4568964126545223,0.5104167433026543,0.45881879582480306,0.27841413109081603,0.20846387605837458,0.11055297926673525,-0.4193892667794147,-0.32810701220312194,-0.0999519253265964,-0.04955090460668444,0.0205106824867061,0.5805545292225233,0.5159034089457265,0.2501807592741072,0.17407810271696206,0.05388977131972957,0.2007698863770372,0.10640079295592364,0.05297603783037892,0.041176169059689544,0.019839943047958865,0.2697125004229386,0.19797570492554373,0.10859578228235577,0.063931491243461,0.007813528893175985,0.5327299739702794,0.42659017012862915,0.263842663497311,0.1990771610636401,0.12038174317191261,-0.5560179301224429,-0.45949069866565384,-0.29043407519862235,-0.2238648065057298,-0.14271391617544266,0.561059388376272,0.4664102840991232,0.3036581672369171,0.24075385002756092,0.15846872905916778,0.738558128471147,0.6173820516454074,0.37996645402174306,0.287963628954584,0.19792149835158976,-0.7385740610884494,-0.6173839728389952,-0.37996694113623836,-0.28796278691494204,-0.19792222338342688,0.7385790791946579,0.6173836243376002,0.3799660869051854,0.2879636575626469,0.19792215404764837,-0.31397097023617476,-0.4437352859218098,-0.4872875941039068,-0.48088615340730473,-0.4323678772928049,0.022690223308070114,-0.1989746791324711,-0.3569490827136746,-0.4025505511618721,-0.4021792502737658,0.07367698676111072,0.03999129503014826,0.001815981452219262,-0.024820807611600233,-0.0223569336498197,0.3738063109497569,0.42009065847499005,0.35946676465161703,0.32787791785086184,0.27662938387854874,-0.3738063109497569,-0.42009065847499005,-0.35946691225764277,-0.32787728079150075,-0.2766296262235245,0.3738063109497569,0.4200907622120997,0.3594667645512509,0.32787721458558416,0.27662945754215285
RANK20,0.3507045669275446,0.336888938770427,0.34552268932833524,0.20847915115629628,0.06437255944663517,0.10385657971610873,-0.07236741216688775,0.24361171321739206,0.24228465418943895,-0.3507070737089548,0.0026510933769007647,-0.37711490519414975,-0.19705428710838188,-0.6656670822278904,-0.7328690360790998,-0.5854945724488314,-0.4016229425333098,-0.24112750872475583,-0.6270535485987391,-0.782575506670585,-0.8211341383723905,-0.7165650158485017,-0.4889506974397009,0.15627595550961737,0.11708417640607055,0.023160570403825107,-0.03940912787903722,-0.11567281168780758,0.6096600849083059,0.6682842501423661,0.5317834123962512,0.29329545674233876,-0.007816233671638789,0.06499183843279119,0.10048034537962929,0.10909560607046048,0.08800229569920849,0.006289174572303772,0.11223638435701055,0.23449675576319054,0.4281512516764674,0.603377032828439,0.6622937810962714,-0.3593065376442855,-0.5430902566144169,-0.6779669823002393,-0.6267424892006782,-0.5107844188585472,-0.5829738742076211,-0.6488935303048587,-0.643309792473298,-0.546572011822275,-0.354305553976582,-0.5780459136779943,-0.7444132593218402,-0.8277039555079283,-0.7521098500659724,-0.5627047049248681,-0.6172549476345238,-0.7457737347328726,-0.7736228821226853,-0.6803350092147673,-0.4453024324145496,0.6333144179160716,0.8384629173965248,1.0,0.9380209426059617,0.7827567719994111,0.585337671523825,0.7464439282552006,0.8398972648760811,0.7584133224166142,0.6120861228386398,0.44187201770078316,0.4873917929700628,0.4588382953433648,0.3279306753989435,0.1832563242255323,-0.37766276490274897,-0.39264109346774745,-0.27946407365118736,-0.14687574569643888,0.01582876450201307,0.5095667996236951,0.5702188137534606,0.4951616516693249,0.3350413904951189,0.11083015568788596,0.18952823810522665,0.14461983046640184,0.014728023960666416,0.006751735454179326,0.027481547078813014,0.2628102179398667,0.2812330116875212,0.20481307632896978,0.12896164171418378,0.031765521351558905,0.4654473046766152,0.466245620797121,0.3656246329226562,0.2652168929257623,0.15885634643160199,-0.4732027310955521,-0.48189875964176143,-0.38991010650255986,-0.28457067479151366,-0.17256766058490078,0.48371076747196035,0.49942169848190526,0.4140322044737671,0.3124067822538606,0.2011122341175072,0.6654698046056173,0.7421350710234854,0.6113810838970289,0.44694682348919396,0.304373581125262,-0.6654983968367965,-0.7421349854505169,-0.6113811878185234,-0.44694606948050797,-0.30437438907150416,0.6655014943458392,0.7421346983783451,0.6113806066867397,0.4469466419596995,0.3043740299998778,-0.21501212747080004,-0.3252456545371559,-0.45679432946495857,-0.49652394136278555,-0.4701599384867256,0.0669956687818589,-0.07167240156120186,-0.3095089256057856,-0.4084864616911888,-0.4318888910693306,0.07176963045798802,0.06771632818480358,0.014996948243575952,-0.02523880244436398,-0.021191548314666575,0.2770966145587417,0.37962745060313946,0.42999542084591974,0.38453226126479206,0.3072253315793906,-0.2770966145587417,-0.37962745060313946,-0.4299955404883506,-0.3845318360287431,-0.3072253974518592,0.2770966145587417,0.3796275307268312,0.42999542068022245,0.38453168458522397,0.3072252055518482
RANK30,0.31277363158661753,0.3519455019307886,0.3050895247643486,0.2099131266880769,0.06144998537137189,0.11561781970227972,-0.07016516437377758,0.21203192578274774,0.20708032533113913,-0.31277622702346186,0.03670356340921317,-0.36208600056551243,-0.17432024890273962,-0.6154988522965997,-0.7084282334528241,-0.6770510705922546,-0.5369282983838343,-0.2975677184783619,-0.566638014551986,-0.7267656681301763,-0.8176504686402599,-0.7959870357116468,-0.5899348961334445,0.18369381008884703,0.1519948527146198,0.066571967438317,0.0003721208474832938,-0.10236865405170925,0.5591198451669277,0.6400596054935854,0.593477263035351,0.4536054292335264,0.07080037554021712,0.06355500348654408,0.10221812677293758,0.1278826585928787,0.11756600012499736,0.06283531830203169,0.08918495376996252,0.1914747521775429,0.33421102184399853,0.4712006937862803,0.6726065489386119,-0.28785852060750217,-0.4675080201172624,-0.639510222295543,-0.666328854005341,-0.5615789311170365,-0.5516805895148035,-0.6243382629001564,-0.6654921219898321,-0.6308616255451864,-0.42166415751283987,-0.5081614959227417,-0.6773276883627231,-0.8028030620872628,-0.8040246621377439,-0.6400859200631102,-0.5649025236436128,-0.6987239289977016,-0.7746691755877939,-0.7605814252855634,-0.5332394608202524,0.5546402624427798,0.7500949965575813,0.9380209426059617,1.0,0.8666801882889866,0.5167203639264271,0.6765250089965376,0.8233320636692917,0.8381561939142229,0.6904578766876245,0.40247383561639943,0.46201653617233907,0.48582250266160143,0.41400373161900605,0.23908752060243785,-0.3411846118186153,-0.3687896741395972,-0.3259807427744174,-0.2504124079411691,0.004799414379674949,0.4636982451037578,0.5397002141772251,0.5407866374278445,0.46981954439647355,0.16436373018044026,0.17407454812443815,0.13895546974234615,0.014934117298203027,-0.03824596409885048,0.021496683790278873,0.24057139356036344,0.272165342231995,0.24634861669530103,0.173007563410227,0.04365056886656581,0.42029914336571195,0.43628959440239184,0.3911877836346594,0.3088686871464362,0.17587208713819896,-0.4227322093358342,-0.4440060950563676,-0.4083259542674631,-0.3306417886062118,-0.18839870101953193,0.4342983861783888,0.463226444719974,0.4378431477667276,0.3615773187924434,0.22209560211649737,0.60777303654666,0.7120910712926755,0.697196354797231,0.5709046335820139,0.366659051011159,-0.6077648258933573,-0.7120901513879211,-0.6971967038046577,-0.570903795883049,-0.3666595374906442,0.6077703414136038,0.7120898155090916,0.6971957915970453,0.570904525013792,0.3666591624699197,-0.1785371182493882,-0.275408746144253,-0.3991881536477414,-0.47001088089541343,-0.4757048124960447,0.0713862576333574,-0.043047957410200156,-0.24647836205698395,-0.3797621552414034,-0.4372436233529028,0.06742251397354428,0.059862551942706274,0.015820734313135628,-0.03138745441819642,-0.03185325088076808,0.2364828030436348,0.33261277208044293,0.4155577833227341,0.4207564134901825,0.31670564396336687,-0.2364828030436348,-0.33261277208044293,-0.41555777409073863,-0.4207560397667408,-0.3167057832736907,0.2364828030436348,0.33261277191747635,0.415557783238761,0.420755929177177,0.31670557914728137
RANK60,0.2549191697151742,0.373480621409852,0.24410724436474548,0.21009591667400968,0.05576993674328075,0.13606427805550422,-0.06326311427874658,0.16723369834299637,0.15844151705897896,-0.2549215329510365,0.08411192795566144,-0.3397518457612774,-0.14211629708473705,-0.5233339882624902,-0.6327551707398437,-0.6796699931770758,-0.6444456943499816,-0.4669629317244402,-0.4651912494778068,-0.6186990755512015,-0.7407170759042602,-0.7748130457058648,-0.7446555735551665,0.21607839029091158,0.19782141116275634,0.1354625533574264,0.07678903122540726,-0.05546366025412207,0.4686626463799112,0.5654998872474514,0.5943784178358719,0.543467599432429,0.30750296999533516,0.042203531953621615,0.08707885042883154,0.1395371385680154,0.1428609370164813,0.10521151405792693,0.06098326306492872,0.13709081511019916,0.23828105709514924,0.3286438353178924,0.5277850469675256,-0.17934549677869777,-0.3362401213130571,-0.508389404922991,-0.5719473278780286,-0.63613741315981,-0.5047867332408378,-0.575648824902326,-0.6383951171678737,-0.6436409573957792,-0.5463665512626201,-0.3940129922581338,-0.5522638146390461,-0.6982411219722796,-0.7467974103977547,-0.750016691598584,-0.47858074401683987,-0.6095194487396405,-0.7106889361985315,-0.74383645255546,-0.6854705530578602,0.4370364656972572,0.6081250181876192,0.7827567719994111,0.8666801882889866,1.0,0.4147649538103622,0.5545273494018819,0.7080936028909358,0.7709512389533556,0.8208610768181404,0.3374011500658702,0.39246477371609584,0.44126604789168844,0.41977774649124877,0.3374546048138198,-0.28442553586252023,-0.3271947172174119,-0.3245963928429834,-0.3002891679726055,-0.09706390550689276,0.38672538037759324,0.46799691225443635,0.5092324611687908,0.49897388322405034,0.3400473256721939,0.1410705415874446,0.10425474484122024,0.002465348076090216,-0.05322567026237499,-0.04385184831423948,0.2028221688793873,0.23675824956180375,0.2464485066450737,0.21143286755331525,0.0772610062027953,0.34168177627887325,0.371918669539829,0.36131490574620306,0.3235779252656294,0.21209905247704128,-0.3419477213424562,-0.3788362238868131,-0.378447386177198,-0.3472680500640568,-0.24441667912976212,0.3514730045366373,0.3933266246752003,0.40250966900584506,0.3744339587348056,0.27428529807279917,0.5057677274586009,0.6263518792912117,0.690733287996036,0.6715493444701295,0.5307348565562935,-0.5057373509673402,-0.6263513627040996,-0.6907341904697021,-0.6715488872854192,-0.5307351156182296,0.505744172723225,0.6263506080140558,0.690732962549723,0.6715499111031128,0.5307344827084666,-0.13386928064448755,-0.20903485908591662,-0.3137595780094055,-0.3854288647692751,-0.4602390238478171,0.07362618249603643,-0.010737276007114733,-0.17435086043135303,-0.2906595851955419,-0.42305298745150194,0.05619848448623115,0.0498422532378416,0.013844052815593115,-0.030684576984758134,-0.0691447106010637,0.17781379500086672,0.2541903704932268,0.3402936774703245,0.37978518907231107,0.35570228506186696,-0.17781379500086672,-0.2541903704932268,-0.34029359618059285,-0.3797846350683845,-0.35570228384198327,0.17781379500086672,0.254190446712612,0.3402937881934737,0.37978442021047926,0.3557022219152902
RSV5,0.5171040908161282,0.24625314193230735,0.5367406608726213,0.06795511644504533,-0.051314079339994774,0.15268322959156377,0.03431356817709228,0.4818776660302032,0.5169314542287192,-0.5171055417141932,-0.26567224540578677,-0.5187977304876686,-0.4026690492166543,-0.6767388684442145,-0.41182916039865586,-0.23286368235684213,-0.1604083950686071,-0.10665310707891379,-0.8116602156050191,-0.688043262281807,-0.47167572035928695,-0.3618683201847715,-0.22655679115351474,0.04713391669706105,-0.01510127905513223,-0.04845703113658543,-0.068114679102003,-0.08275399920973844,0.7188532130714933,0.3498581818669872,0.08902093979035189,0.001597616155045881,-0.07921193985122252,0.06054702512551978,0.04045238043336791,0.032879927478263765,0.015088772798317336,-0.03597002735323404,0.25065076104716155,0.5969065000423703,0.6489761533926327,0.5763786895476348,0.4008594298328836,-0.7546006903019817,-0.6581035683263923,-0.5140350298113043,-0.4410416204970316,-0.32742561689899174,-0.7384776104363379,-0.5505665119417781,-0.3833713062502842,-0.3056236877124081,-0.19448330052057333,-0.7815601508138794,-0.704248199028504,-0.5326890434936593,-0.4264366623635736,-0.273394642997306,-0.7700534136757092,-0.6415455936607684,-0.4547936236838528,-0.35889380036454344,-0.21935489909942602,0.7422981087869389,0.7099370628851096,0.585337671523825,0.5167203639264271,0.4147649538103622,1.0,0.7874915884940806,0.5760721507071029,0.49075863996172453,0.36686159178522637,0.5086658453819403,0.25844429468643104,0.14933582895574513,0.1071065448198936,0.049256687878003365,-0.3725649934097928,-0.116979153454722,-0.02888894013997629,-0.0055619742680928,0.012455373794058517,0.5577608907101281,0.2528998028467681,0.11415029581514319,0.06878204892307171,0.01469992965934293,0.0894794313105456,0.05507336450982303,0.025824344359117353,0.027431237964168756,0.010356877823598388,0.1902417112077339,0.07638609227937904,0.02435702568740602,-0.0030120391094209343,-0.02846538224916355,0.4691871874017031,0.30589978864195144,0.19394025229340717,0.14844924499516904,0.09839789128855686,-0.4599407143708568,-0.29398214793082206,-0.17515759124437555,-0.13240262479828346,-0.08979860191009313,0.4806127705353351,0.3189709793286453,0.20705351097177985,0.16369774677683147,0.11713571303885359,0.6746994484250097,0.4198442101001935,0.25670176361548785,0.19075947958743586,0.14168501953488735,-0.6746197560469367,-0.419845845496871,-0.2567030007513348,-0.1907590812680353,-0.14168533850799317,0.674628028102212,0.4198450941080539,0.256702449009281,0.19075985688774366,0.1416854084836159,-0.3702985615148196,-0.4212291733066698,-0.40655141272770623,-0.3885872376938926,-0.3425109802469252,-0.11663267956499482,-0.2668383874100786,-0.34090596077829527,-0.3549160286101582,-0.33329464547214027,0.0729375911544003,0.03500347569755866,0.008102356574808353,-0.01032864861037368,-0.020103575439596344,0.36614893724755876,0.3158509090489245,0.2728345711262627,0.2542281362033102,0.2174832922887041,-0.36614893724755876,-0.3158509090489245,-0.27283456818540147,-0.2542279737264939,-0.21748344495671573,0.36614893724755876,0.3158511367189491,0.27283457089315843,0.254227796222297,0.21748326129903225
RSV10,0.41158907611179807,0.28109823933127437,0.4192608774836984,0.12051845787360986,-0.008262127591382139,0.1386199322218787,0.000567595170620901,0.3582452303118036,0.3739687964651425,-0.4115926671371411,-0.13604117826983692,-0.44029003965080027,-0.2959539929141799,-0.710803974892152,-0.6857022734884347,-0.38139244377638787,-0.26755269948518456,-0.16599476704426647,-0.693953104468671,-0.8302359804563925,-0.6824356569280565,-0.5420029533738931,-0.3504284407091874,0.08584319361814198,0.0412943197343305,-0.030182966964168324,-0.06994285822511452,-0.10858024712290423,0.6614598334568504,0.6703846318616619,0.29312461525000955,0.11097801171746978,-0.06274893024524941,0.04707770872168168,0.07417339149456423,0.08361307494881277,0.051550084119384054,-0.03107715531330786,0.1480949184940872,0.2928913833979584,0.6146613112434537,0.6730211284336556,0.5561395013589991,-0.5677643059025714,-0.7775323380743111,-0.6566766939144767,-0.570688955501401,-0.4397506156092755,-0.6561758758302911,-0.7350183176759831,-0.5431958081315452,-0.43403777190049675,-0.2755026418818704,-0.6480967264665518,-0.7969795859917385,-0.6992983936192272,-0.5957349976605879,-0.4228789319137391,-0.6664896795869707,-0.7757482154237894,-0.6299795963751427,-0.5165943404719793,-0.32565881607897856,0.6104651800192298,0.806465160574057,0.7464439282552006,0.6765250089965376,0.5545273494018819,0.7874915884940806,1.0,0.7742853434546696,0.6613088004677651,0.5053029672060629,0.48618879447956637,0.4841005608424642,0.2655439193050019,0.18740081707673442,0.0931025453581165,-0.38456348238679583,-0.34644144815033207,-0.08485584736102877,-0.03678524374323914,0.02192023770135166,0.5431871393251791,0.5433853738079812,0.2354177893071974,0.15016721631235097,0.03893948938144873,0.1592434838938244,0.03105253626525277,0.011440700266717195,0.022563584577042273,0.02269653407894151,0.25923984959496743,0.19800469087760542,0.08402815087155381,0.03796329695020359,-0.014227355667102384,0.4861834807696109,0.4536277795879466,0.27962784176966,0.21346165828601238,0.13447413173017675,-0.4722926724225567,-0.43677865228989987,-0.2551121875534367,-0.18972950077720901,-0.11428062306706867,0.49523247824764505,0.47307952498348005,0.29942695897568106,0.2352487202954431,0.15607153204478474,0.7081359340314034,0.6925437168145776,0.408743015348037,0.3060919621047218,0.21976919134869208,-0.7080712684924875,-0.6925458385142961,-0.4087434634983219,-0.3060911869422593,-0.21976979450414924,0.7080800303151192,0.6925454499753053,0.40874312186007156,0.30609215519683164,0.2197696522433345,-0.2506824905392293,-0.3733608001452759,-0.43916252753875357,-0.4388938226411993,-0.3957513983036554,0.0059706591440814956,-0.2069060425292974,-0.35166309915606464,-0.3911187651785926,-0.3802942864818978,0.08073846979469769,0.06281476245254293,0.029691934011331456,0.003369725876126135,-0.008483175587747607,0.3111928225971078,0.3967734371415197,0.32864115196622407,0.3030245486557751,0.25127715118490773,-0.3111928225971078,-0.3967734371415197,-0.3286412268219882,-0.303024067593297,-0.25127729043875235,0.3111928225971078,0.39677349553531793,0.32864115173330294,0.3030238980452726,0.2512771132125371
RSV20,0.3178686696346991,0.3003092363326828,0.31552097830192444,0.1481726080875404,0.018832467523488095,0.13112238119360206,-0.019600713554445502,0.2569734453426068,0.25815393569126077,-0.31787306952943545,-0.03843131697517165,-0.3741585264971399,-0.21053089404595152,-0.6001449732641988,-0.719600102536919,-0.6920179914280106,-0.4704146035718398,-0.2850604600192377,-0.5546832556305273,-0.7165640827806163,-0.8491534035590823,-0.781295658301474,-0.5464556781606779,0.11016942966373892,0.07595429834613973,0.004989368870682177,-0.048227434659435006,-0.12475818623001951,0.5458865008842967,0.6482341325496023,0.6495930862911228,0.4081100017634745,0.03767710746947534,0.016025275287419365,0.06847680622663312,0.10772538871251548,0.10059649307169169,0.022873879428607965,0.10061763327658958,0.1715339534025936,0.2909254859051491,0.5134594897085777,0.6844686904232251,-0.37980383516413213,-0.5825189758509065,-0.8025647957760981,-0.7289124801606253,-0.5793429617733606,-0.5493611411658965,-0.6451265675541958,-0.7328312505392058,-0.6166888543528656,-0.3943870595188666,-0.5016988893884032,-0.6732072270128755,-0.8216627796469953,-0.7774149442865794,-0.6009111479766818,-0.5394659121304582,-0.6735291126229093,-0.7684550438980902,-0.7050583893006033,-0.4822186863523625,0.46859327366419273,0.6520178727870639,0.8398972648760811,0.8233320636692917,0.7080936028909358,0.5760721507071029,0.7742853434546696,1.0,0.8858618877811766,0.6886627972397076,0.3963832146368938,0.4638365495076195,0.4771443577186554,0.3061992620335039,0.16639594656222317,-0.3239665213415232,-0.3702932520411768,-0.3169230390498964,-0.13636832031122953,0.03617157149081084,0.44797908037296225,0.5364683551291056,0.5254026407020289,0.30980682082669014,0.07978933871523192,0.15447652031390316,0.09539340238982637,-0.07024925819298862,-0.04692689051910873,0.03182777053193632,0.23124811738376647,0.25708821800288323,0.1982246249316657,0.11322357285045101,0.01315604884616212,0.4040797812503321,0.4516926032722444,0.4211795579498032,0.3061377923479877,0.1873940523275908,-0.38445612679789987,-0.428455541445912,-0.39155305505608,-0.26806505590363366,-0.14551289443833004,0.4067245122198729,0.46503225819640553,0.4524704510771338,0.3331405526488344,0.2101909669622706,0.5852389831547209,0.7200521249864239,0.7035390021130378,0.5053899235022721,0.3532770723756537,-0.5852061364250665,-0.7200526861459786,-0.7035387064433078,-0.5053891826261012,-0.35327770097465566,0.5852129460031985,0.7200522692662384,0.703538242229421,0.5053906485513355,0.3532773531185162,-0.1578708597925328,-0.23749183027574966,-0.36129701917528606,-0.4174286631124298,-0.4017483414501635,0.04719514120184703,-0.05979195655860679,-0.280857389906609,-0.377533349086204,-0.3857535885317612,0.07123351337230213,0.07763088555893988,0.03805243458282821,0.008493302398875253,0.003997694175334238,0.20774562807967853,0.29815684298244244,0.38975216954796177,0.3469205257151281,0.26583112905284006,-0.20774562807967853,-0.29815684298244244,-0.38975212287712835,-0.3469201271677705,-0.2658312595467424,0.20774562807967853,0.29815689656283406,0.3897521693338976,0.34691988848963806,0.2658309163082928
RSV30,0.27663215422681625,0.30066465045343116,0.2728136801510429,0.14514559854226744,0.021448615001370942,0.131133022433369,-0.023332624431083283,0.2177120388909874,0.2152891263295947,-0.2766356444855792,-0.009716217255524264,-0.34308909886465866,-0.1829109468264607,-0.5331370989921265,-0.6486716010196627,-0.7294873147998993,-0.6697851808642226,-0.35831084271872865,-0.4871625676102691,-0.6350195895935127,-0.7820663380841574,-0.8377279263227853,-0.6723142854581109,0.12411583271750667,0.09909670589247699,0.035718062437514846,-0.019314662002377744,-0.1114261436748187,0.4842720868694152,0.5832622156650158,0.6426600916420939,0.603099953291351,0.16888122862526916,0.01449908988697458,0.0717491685677144,0.11729724249465079,0.118822799034464,0.08891637032066166,0.08292815534090797,0.14510919547086035,0.21445078223985384,0.30706248439339345,0.6465788085860393,-0.3077685640735849,-0.4854589882861732,-0.6994145629056315,-0.7970160609689345,-0.6523418092803147,-0.4934322346254545,-0.5796773840628312,-0.6850331408113602,-0.7175554862946615,-0.47798803809406176,-0.4323099748355331,-0.5890578562103173,-0.748699942453657,-0.8052548197354823,-0.6836168111232063,-0.4793970339001233,-0.6035938097864224,-0.715112624812733,-0.7502192193290305,-0.574398291324959,0.4101057940630531,0.5725284966558204,0.7584133224166142,0.8381561939142229,0.7709512389533556,0.49075863996172453,0.6613088004677651,0.8858618877811766,1.0,0.7945184586662947,0.3490790964767758,0.41175842849287697,0.4702684038755447,0.42234641923797384,0.22276289906991242,-0.282108285069976,-0.32642719781614565,-0.3493417192627324,-0.2866316235179864,0.03799428047639377,0.39487765080404486,0.4760562039083887,0.5349496570563117,0.48383884311786546,0.12162032209568321,0.13514441321830634,0.09573221091699995,-0.04099488088948524,-0.11746729672645159,0.01796026786642671,0.19977114824364914,0.22987245418360797,0.23151398598496942,0.16753364087566458,0.031879662376885956,0.3552800513705563,0.3995648310609819,0.41670005225890655,0.3714712116673042,0.21231899292463025,-0.3366400773589001,-0.37476608988202875,-0.3868545304784758,-0.33602659322126344,-0.15933205247743748,0.35690321071631054,0.40896312926977907,0.4459544948372448,0.4076419357850346,0.23623923761833693,0.5154086228363601,0.6449739791264282,0.7384695235200321,0.6852183003866085,0.4370168558996608,-0.5153562556042083,-0.6449741110427407,-0.7384693763571825,-0.6852173354126994,-0.43701701136169435,0.5153638782588132,0.6449734638412853,0.7384687524728216,0.6852184021210254,0.43701660348783017,-0.12870686431018158,-0.19372656078999576,-0.28493871473026616,-0.35803745639960693,-0.38388896158510966,0.04896232245722358,-0.03982400360925593,-0.19769248038880732,-0.3254023863176163,-0.3745210851463122,0.06826708431114996,0.06316555869382663,0.03851537471435095,0.0017330202846202506,-0.002000587522178344,0.17203882216748986,0.2411358170528668,0.32788878584618497,0.3804298343520784,0.2554460186195682,-0.17203882216748986,-0.2411358170528668,-0.3278888188220988,-0.3804293267564433,-0.25544618640553757,0.17203882216748986,0.24113580915034358,0.3278887856833554,0.38042912908029713,0.25544591696986507
RSV60,0.21457563355749273,0.2978217895753252,0.2036896956294453,0.14769373332526572,0.02980469463127644,0.13274072120112373,-0.02296645855384361,0.1590905471373574,0.15008450731763226,-0.21457894128213248,0.03650896709357884,-0.2944036378345388,-0.13757883646050162,-0.4370814738118472,-0.5490233402392377,-0.6364856145346881,-0.6541065839951954,-0.6115161714087042,-0.3892342508606207,-0.520200712597592,-0.6582879914777493,-0.7221653712781442,-0.798883508709691,0.13510134897234455,0.11482717418714905,0.06066647984172355,0.019639152076204106,-0.08367456432454379,0.3940754441051414,0.49174865245481036,0.566471246528948,0.565098815184449,0.48099526086261357,3.047020933667868e-05,0.04637248941149888,0.09212614486803329,0.10635303979582186,0.13075248643184476,0.054643616418213456,0.10043380637876967,0.15513754566489074,0.21773589972042684,0.3612576453900077,-0.19718694027032327,-0.34545739130502107,-0.5250170630103799,-0.6121233498808845,-0.7841844226645714,-0.42224675643682447,-0.4970175735784053,-0.5899050879735257,-0.6344252082355316,-0.6494842809990324,-0.3321168347943379,-0.46922863395886116,-0.6211724654098482,-0.6848639862102868,-0.7588912352382846,-0.3893105154039628,-0.5013523337807321,-0.6075232116222851,-0.6548819905229897,-0.6804215888383911,0.31834279248073283,0.4568964126545223,0.6120861228386398,0.6904578766876245,0.8208610768181404,0.36686159178522637,0.5053029672060629,0.6886627972397076,0.7945184586662947,1.0,0.27819210459895194,0.32532941360984513,0.3713202840090254,0.36187050440193497,0.33821471747628096,-0.22758388454010153,-0.2771747260897478,-0.302413818606224,-0.2941765507597792,-0.10139237873119297,0.3150806519710082,0.3883729842516898,0.4371927436433642,0.43256565668638797,0.3167294756977038,0.1094383916805806,0.06420342195008982,-0.05611988206188107,-0.1228721168698248,-0.10360372133055118,0.1682636459932392,0.20090895745000353,0.22014038438684555,0.19929423635060878,0.09667268861819095,0.27564632688307944,0.3153055933051028,0.3282362196202529,0.31828708566066655,0.26154553549920206,-0.2585809316178953,-0.29554531744823753,-0.30532718483888166,-0.2932860676917512,-0.21477489316904902,0.2759407557209085,0.32281018846246157,0.3515716537083807,0.3504317102322221,0.30042487101891263,0.41227750424124665,0.5419576714990751,0.6489206410063778,0.6803141614590561,0.6709206671475902,-0.4122144433093448,-0.5419583226911657,-0.6489205717094092,-0.6803132804292757,-0.6709206597833646,0.41222313760600077,0.5419571117605847,0.6489206857870884,0.6803141754308127,0.6709203825506436,-0.08852469157347898,-0.1375374651402467,-0.21207747628407084,-0.2648316214161066,-0.3212240464275341,0.06870936967980683,0.006371385845616129,-0.1254398603315481,-0.21957200680753122,-0.32668186074509065,0.058777327435103874,0.060765275491333696,0.045046935537140384,0.00931437367828544,-0.03921935520234989,0.12195920274765842,0.17610438739077125,0.2451363328987725,0.2770948253229631,0.28472183542710044,-0.12195920274765842,-0.17610438739077125,-0.24513627321657452,-0.2770943364565002,-0.28472168991608693,0.12195920274765842,0.17610444014373802,0.24513633281012456,0.2770941266908678,0.28472158292902455
IMAX5,0.20103606159590667,0.30299258751952346,0.18783133945255634,0.1928914892800271,0.07020409573742645,0.031534604586525745,-0.12384249055701306,0.09543503448736718,0.07680784570187052,-0.20103722428429882,0.10713065005496551,-0.2327891472096284,-0.059251624480835104,-0.5504848128995357,-0.3204096078656756,-0.19638459486297,-0.140818340152872,-0.09104986512302324,-0.5186680024359489,-0.5045160676500122,-0.36402119232775193,-0.2870995787917191,-0.18897774209323653,0.13766382621339782,0.0028594433028716706,-0.0326601038579635,-0.04048405143175726,-0.04128270176648933,0.5726976478667296,0.31741920686189,0.09627675373996153,0.025047401913188487,-0.049157032625568906,0.09913994521160678,-0.003809045664326384,-0.0010432044453470815,0.006143543040969014,-0.018809221507968685,-0.035589439787968594,0.3320965931171479,0.4489101435436296,0.41487617508124647,0.3092720135240859,-0.37928102630993243,-0.4074401516187925,-0.33988673027942434,-0.2967974928507003,-0.22657713155279047,-0.43433001203554183,-0.37893686329558485,-0.2948960587754653,-0.2487802887371935,-0.17312034823297168,-0.49394901792027796,-0.5329623326582724,-0.4092029562409549,-0.3261222929037275,-0.2098017138721993,-0.4812843291926626,-0.4492731996584239,-0.3422478338263952,-0.28826867750788265,-0.1890094947269986,0.4642675821052704,0.5104167433026543,0.44187201770078316,0.40247383561639943,0.3374011500658702,0.5086658453819403,0.48618879447956637,0.3963832146368938,0.3490790964767758,0.27819210459895194,1.0,0.44753856548825555,0.24517695695397412,0.17543509332767596,0.08649084056358221,-0.27393758337202057,-0.11531292978859208,-0.04160912774997514,-0.02238206172623371,-0.0010682411474503405,0.8381439753237264,0.39001589939145687,0.1888907963080115,0.12670857789662268,0.04615774708853889,0.18720238667152897,0.09864631443841623,0.04650303980601828,0.042676819894278545,0.025655307395079298,0.21846453177393507,0.1111015674663923,0.06837867496552699,0.0446067850513484,0.012305542791802468,0.43388850249270255,0.29033693231291074,0.2024636902268581,0.16075092365224913,0.11420517369996071,-0.37283220642458764,-0.22303466890545737,-0.13740010092479027,-0.10053279931834223,-0.06271497319483563,0.41999598181907216,0.27698053809720524,0.1936165283410582,0.1540084479039556,0.1118323321180153,0.560568774928335,0.341912334256734,0.22400484335178084,0.16878928950162947,0.12072910236336429,-0.560582407972971,-0.341911756119243,-0.22400513871869915,-0.1687891429263547,-0.12073016460971922,0.560585172499839,0.34191255385225794,0.22400364447945584,0.16878968382718262,0.12072995727232226,-0.3039760345973937,-0.3718616155585434,-0.3676403686751925,-0.35611857222568943,-0.3310187292204249,-0.093947140514858,-0.26509279963225163,-0.329375483439515,-0.33870935205310176,-0.3295713861154799,0.04469675825679275,0.01372005482025808,-0.010347441616199542,-0.020838862356818564,-0.030385056692710296,0.3696695489114474,0.3017029773176906,0.26951394779272847,0.24413100058354034,0.2157186735934514,-0.3696695489114474,-0.3017029773176906,-0.26951413211969066,-0.2441308595960703,-0.21571867179909102,0.3696695489114474,0.30170308336119006,0.2695142119417395,0.24413069995636508,0.21571847019532783
IMAX10,0.11776128334635122,0.26794765039256696,0.10749162053694677,0.16941353811442214,0.05999968054061066,0.05854979135507757,-0.07665484878607849,0.046311214930306946,0.03586447615685112,-0.11776626892987264,0.1280646875038417,-0.1836305709588662,-0.0293088020191868,-0.4101900139184196,-0.520028458801933,-0.2872319695562823,-0.2034356654153058,-0.10096879574070343,-0.30330612465718526,-0.4870527181515991,-0.4636996854803428,-0.3822025451777907,-0.24403636324114852,0.22583568100549606,0.10935284734681722,-0.014160416086500633,-0.04302530123379599,-0.05573715998284842,0.34280603829297235,0.5157016139777777,0.26152856601144187,0.11214516465063964,-0.0475949979289022,0.12439845331353952,0.09318668007794403,0.012239235354033163,0.015576993433348235,-0.0025232397562466318,-0.013002001251139705,-0.0016530188741135713,0.3135429259184814,0.40879749806143245,0.3911296759799207,-0.07993641203198568,-0.37141055810854223,-0.38812067968057484,-0.34944350500077365,-0.27405833498098003,-0.3388767724044762,-0.4007312730424554,-0.3485529958164152,-0.2875164314145529,-0.1796205829091016,-0.24486271068445406,-0.4826211517784722,-0.4961120770091458,-0.426407075461665,-0.2880821997438179,-0.31712666591473193,-0.44068120483161927,-0.39860170372930365,-0.3459276772650396,-0.22665217549650238,0.24984729990260446,0.45881879582480306,0.4873917929700628,0.46201653617233907,0.39246477371609584,0.25844429468643104,0.4841005608424642,0.4638365495076195,0.41175842849287697,0.32532941360984513,0.44753856548825555,1.0,0.46685257877667563,0.3246680837652512,0.1648005374795427,-0.2035551272116292,-0.19771405957168156,-0.0750948430325203,-0.0461840754825199,-0.004191415037173108,0.4154038741612374,0.8137209002701392,0.38056830658188845,0.25931021668177895,0.09854496706610542,0.2107261066158882,0.17136239351074706,0.06872791357615896,0.06121039110336208,0.05298585361392574,0.22608885645889468,0.24885151619130608,0.1366983607693684,0.09661975466507676,0.039732663421420115,0.29670895863476515,0.4062071169987904,0.28745110829593923,0.22706935130343042,0.1554638257149065,-0.25149416043239015,-0.2987484244493488,-0.1617334671084077,-0.10811114064941318,-0.05548329669946477,0.2814790390241021,0.37539543716439217,0.2547345392323713,0.19909995559417662,0.13591999952324027,0.4050378317534779,0.5318322857259989,0.3237467572133096,0.2407768514895197,0.14735076024892332,-0.4050803964088048,-0.5318319634652543,-0.32374678449238625,-0.24077551701996844,-0.14735047370845752,0.4050813688201302,0.5318318616924018,0.32374595305325027,0.24077649633948742,0.14735087935198668,-0.08904807415553714,-0.2094081258673475,-0.2915828166285515,-0.3046308600062032,-0.30455812037148844,0.09540267233135777,-0.1279975461469054,-0.29584379771829505,-0.3202512471495865,-0.31826908255157604,0.06666515141447539,0.026896438686914267,-0.008846272197739563,-0.017224044062400502,-0.024717495711953936,0.1863524662170042,0.2983253293241422,0.2553251259584549,0.24448258384471186,0.20978635135611592,-0.1863524662170042,-0.2983253293241422,-0.2553251260902848,-0.24448213718947964,-0.20978662349706534,0.1863524662170042,0.2983253633470406,0.2553249873460993,0.24448211701812347,0.20978633883091963
IMAX20,0.06958388120185725,0.24011530775919962,0.06362080936791033,0.1370425338837846,0.04239643676253064,0.06653347649768677,-0.05961361300455034,0.01991306354452857,0.012808756069529503,-0.06958639748764464,0.12541787290849218,-0.14775907781808245,-0.011210558255416989,-0.2780740642827021,-0.40057583810637964,-0.4905303663543169,-0.3158411846381384,-0.13741801857195396,-0.19890593264033962,-0.3297350133665235,-0.46850136117590807,-0.47374513767355364,-0.32668682254778847,0.2035711618933897,0.20361797576230778,0.076594104958563,-0.0214307728850124,-0.05962544524167037,0.23349428151506452,0.36004266412339375,0.45678443282056613,0.31953785534818074,0.016938441359500483,0.08693722469203227,0.1673397194109213,0.10489320029892267,0.013985529246615131,0.016238537117388853,-0.017100522972413698,0.003924805701503625,0.03859808097702324,0.20445409602791714,0.4158930405155106,0.003178730572978236,-0.12229197599433746,-0.3869645598044362,-0.4079965496692244,-0.3206729607427417,-0.2570417617768325,-0.3168998669502901,-0.3756880196489252,-0.3344680506711895,-0.20121148148742984,-0.14586740598472409,-0.2884694683825194,-0.4745182741885034,-0.5167317841660211,-0.37892595379475336,-0.21462416649842403,-0.3248041471901356,-0.4172183055005789,-0.3925543217474251,-0.2714264001178252,0.15364912481207868,0.27841413109081603,0.4588382953433648,0.48582250266160143,0.44126604789168844,0.14933582895574513,0.2655439193050019,0.4771443577186554,0.4702684038755447,0.3713202840090254,0.24517695695397412,0.46685257877667563,1.0,0.6019695884891777,0.30956280181546886,-0.1438183491346952,-0.17998863327623027,-0.148603044868679,-0.08588702471388848,-0.002764682292720358,0.24546497046983068,0.42549050597281957,0.796018061825996,0.49886158543500836,0.2010312086124485,0.10873453755160369,0.17907976036012488,0.11496078108117078,0.0593734008394786,0.08336222098487202,0.12841056020303215,0.21903709235666224,0.2480961699879502,0.1669467942982567,0.06597718705057415,0.1763276171473853,0.2592145427349511,0.3871174754227933,0.3159098810181066,0.21145095572750133,-0.16500528416709193,-0.21915022645146814,-0.2363484178879052,-0.13552019323826256,-0.05211004048099824,0.1731814186068757,0.2497646108058645,0.34598735692809524,0.2690937505952016,0.17629356562258863,0.26284968726054225,0.40052034397805925,0.5016716953134422,0.3543060935690311,0.1965534099594056,-0.26291512724954724,-0.40051859229309245,-0.5016713074574658,-0.35430584191674924,-0.1965533795431,0.26291563350498187,0.4005190503687865,0.5016714899841328,0.35430599580500916,0.1965536641920795,-0.029363798214917736,-0.07665027995432169,-0.161184132334585,-0.21579511200099033,-0.251125736885895,0.08371444091659568,0.046701583740452295,-0.17655808699719913,-0.281200401882748,-0.29839969650878617,0.029806737167917197,0.04919274144391226,-0.004926241912264138,-0.032532919859438084,-0.02304446631948034,0.07713403101383924,0.1517565297295064,0.2438357908815848,0.23138242278328275,0.19057464507668753,-0.07713403101383924,-0.1517565297295064,-0.2438358985370319,-0.23138198499480622,-0.19057473194562322,0.07713403101383924,0.15175655081159223,0.24383579096566996,0.23138176644452238,0.19057452208411244
IMAX30,0.05513012346636926,0.21807495183537093,0.04961057155542017,0.11674298427609453,0.03101402908626049,0.07093333881955954,-0.0438187544175219,0.017728173015263974,0.012996496649855742,-0.05513046823769422,0.11395762646803426,-0.13364344538894093,-0.015181436626948272,-0.21404432062280693,-0.3043250050512083,-0.4024943021575572,-0.43976452751073547,-0.15024824451881524,-0.1543329575859372,-0.250547161449713,-0.35249079837565356,-0.4185986243130416,-0.36037578248739216,0.18615849638501458,0.20710134149033005,0.1729716573954331,0.058775731849929264,-0.045506477159922114,0.17987091154845983,0.27285248531692174,0.34859915959899285,0.39154740724656195,0.09732376686495468,0.06755770951451655,0.1419270184802187,0.1734203610292562,0.10609167444736949,0.03260158674782211,-0.012776639950104194,0.008725636656040214,0.04215336450676277,0.05007865180966919,0.3226268650329512,0.027332267790837236,-0.05802805690590304,-0.19044617292827692,-0.35360223816722824,-0.31734142039260654,-0.21213117750019886,-0.2585995436297841,-0.3041551741568621,-0.3175378962089598,-0.20670672433071588,-0.10461844895783243,-0.2025130158142456,-0.3269227568970196,-0.429244161991559,-0.4001206994241454,-0.1748908459273389,-0.26022099912394064,-0.34114519210516747,-0.37066847182680207,-0.2808908682631495,0.11792423585760091,0.20846387605837458,0.3279306753989435,0.41400373161900605,0.41977774649124877,0.1071065448198936,0.18740081707673442,0.3061992620335039,0.42234641923797384,0.36187050440193497,0.17543509332767596,0.3246680837652512,0.6019695884891777,1.0,0.4421316243013545,-0.1054473090932128,-0.13435507503864802,-0.14206386705304874,-0.09642885068048905,-0.015264009553077858,0.17832035388510822,0.3046677063421095,0.5130903079341794,0.7621802811701259,0.31024409905772155,0.06259742050569514,0.11567921204241018,0.17178825433411873,0.10408895819122849,0.09533009978460656,0.07598408177912647,0.13616471537271663,0.22190035910055722,0.21710617469557278,0.07588624717628994,0.13184109565033872,0.1897789098586149,0.2831020494644453,0.368407571495658,0.2431798007585196,-0.13079203959985944,-0.17428497369470344,-0.21306696202831057,-0.1827088911954501,-0.037983882109337244,0.1324990701475055,0.1894496313877723,0.27080038856378963,0.3198134296357146,0.19550931258291107,0.1966213694433235,0.2981079343043027,0.40769426530379854,0.44716729197625826,0.22127496428470128,-0.1966984381797481,-0.29810959852403346,-0.4076947763354191,-0.44716653874369805,-0.2212748873589814,0.19669468629318868,0.29810884373851393,0.4076940137966225,0.4471673033568796,0.2212746775329495,-0.015360132094999323,-0.0472943919190936,-0.09908425330160026,-0.13871783506357063,-0.19776682968238246,0.06071399413835228,0.039786821598061795,-0.052546769311028384,-0.2031129778987252,-0.2790352322710631,0.021820973791532784,0.028443477308956126,0.009435821898882008,-0.025920594657052674,-0.028312521450305373,0.04512207298321041,0.08671407566269794,0.1580394729409273,0.20260898915172224,0.16280181250202289,-0.04512207298321041,-0.08671407566269794,-0.15803938735032314,-0.20260878844427124,-0.1628018399600733,0.04512207298321041,0.08671382614962773,0.1580392812660565,0.20260862043396985,0.16280170995198937
IMAX60,0.02681759065339818,0.1461348976338136,0.025734289387223913,0.06990835930900058,0.012442876972255146,0.06337829855272659,-0.015289102560495918,0.009577254763537716,0.012030067616210113,-0.026819845972467685,0.07483130349563302,-0.08992047917447407,-0.013792816126121097,-0.11706614223802435,-0.18361059660181678,-0.26355868403242155,-0.29763769050801975,-0.29857513935579194,-0.07941375674794057,-0.14066930992202573,-0.2183853008537108,-0.2689280163022663,-0.32985631644090413,0.13455432436950213,0.14322290488554176,0.12447276743149986,0.10525757566025055,0.013331304948906332,0.09731940232620195,0.15978747397386306,0.22839633400529594,0.2627694083360832,0.2482175882962091,0.040132129686189344,0.06653718496782247,0.10826113347570306,0.12442227349386167,0.11378807201515204,-0.012417527641788714,-0.0016592173232352235,0.00426432356091573,0.022751222300957635,0.08390328635684816,0.03964885178985668,-0.007008991209642871,-0.0843339776808912,-0.14082525386412506,-0.29021520777961846,-0.13133776901252756,-0.16143138249015268,-0.20256900958136564,-0.22646791435238522,-0.21218989789921955,-0.044007801657235855,-0.10596021849411612,-0.1911472331140113,-0.24745855203291517,-0.3392834361553329,-0.09977169943786313,-0.1503434311607461,-0.21529563995420356,-0.256107475683256,-0.27317896109542805,0.056258242510491704,0.11055297926673525,0.1832563242255323,0.23908752060243785,0.3374546048138198,0.049256687878003365,0.0931025453581165,0.16639594656222317,0.22276289906991242,0.33821471747628096,0.08649084056358221,0.1648005374795427,0.30956280181546886,0.4421316243013545,1.0,-0.05649677540293967,-0.08430374132595844,-0.12601324570970673,-0.1348279150389656,-0.007806388570223638,0.08914856864252473,0.16272548211353383,0.29036960088883185,0.396480236788999,0.682189154769738,0.017162745628692515,0.033681498364646456,0.04555127097482119,0.046081143459578644,0.10031478137112039,0.02570079580261357,0.05831264418764378,0.10797174938701215,0.13011727502510195,0.11292727563847177,0.06290465152110077,0.09586612048789447,0.1487672336944281,0.19147442155405625,0.3130324746431343,-0.07057498600753724,-0.1039334713716575,-0.1477541276013671,-0.15260245487228152,-0.0403212757938522,0.06704417854122131,0.10334529572998244,0.15911902688311413,0.19349371068469787,0.23925588456306257,0.09846575442766814,0.16517995510969213,0.24583471321216424,0.28561169921433865,0.32080371130271756,-0.09855431701233848,-0.1651796804629436,-0.24583587066400978,-0.28561276610138714,-0.3208041163487618,0.09854939943358401,0.16517999512384193,0.24583558285302967,0.28561263751016336,0.32080351857710077,0.003602835564547008,-0.008487994477825379,-0.04531320118745406,-0.07818238618105273,-0.1001464932418407,0.04219858694943577,0.04823949235961703,0.002741735080491256,-0.06637748011109816,-0.20387541993098376,0.010772392342095531,0.0153366347450025,0.024376304671377098,0.00952146213655854,-0.009410309140058993,0.00963761866659505,0.030655401098131967,0.08696642290609292,0.10499118639406742,0.11156518004308125,-0.00963761866659505,-0.030655401098131967,-0.08696628158664224,-0.1049910714630411,-0.1115651993617375,0.00963761866659505,0.030655439828086356,0.08696654377479249,0.10499096271114765,0.11156508194449878
IMIN5,-0.06774133160087292,-0.030224218620697473,-0.0788543015195856,-0.08268383179249836,-0.07064324918475733,0.0028867336965850824,0.02260704373989011,-0.007739588983921921,-0.02111328302461226,0.06773979597176052,-0.005067949961442064,0.027605817376639693,-0.0034363372953276987,0.5119335709959688,0.3167636383446524,0.1988856451327501,0.1464638279591268,0.08842398759681676,0.36020039850716407,0.44311427639663864,0.3488956134694249,0.2829847253169381,0.186896116764303,0.01134817658696206,-0.03726435944809787,0.02755466198874182,0.06328311806008602,0.0913798449168666,-0.4590317737394469,-0.3570826745568764,-0.13857124763958892,-0.0537836770969733,0.04212304470302607,0.01431021716482599,-0.12336204159400718,-0.037450204385259235,-0.010926337443821005,0.028783358551259807,0.1504440792350473,-0.16265593195472972,-0.35336543642881185,-0.3586279919049528,-0.2968508740345888,0.25190850289841543,0.31370524258847465,0.29815956301732977,0.2696242350457567,0.22232132061079807,0.34630599140569956,0.3199582906867931,0.22990505036376632,0.18096938796169146,0.10482539351145777,0.32126986146049474,0.4003425249996934,0.37990249445607766,0.3378047221229703,0.23611048297804618,0.3483504932588355,0.42396560057904037,0.3127822493909281,0.25219014872655954,0.15572015083684262,-0.34170418787477913,-0.4193892667794147,-0.37766276490274897,-0.3411846118186153,-0.28442553586252023,-0.3725649934097928,-0.38456348238679583,-0.3239665213415232,-0.282108285069976,-0.22758388454010153,-0.27393758337202057,-0.2035551272116292,-0.1438183491346952,-0.1054473090932128,-0.05649677540293967,1.0,0.30047644490544084,0.09085351746020755,0.04903474491507693,-0.015367333959795672,-0.6840053240693783,-0.312599086500857,-0.14422903385264763,-0.09015705046424771,-0.020429858252014793,-0.058771389811001835,-0.0643985293362338,-0.05058090124535911,-0.03661755733126275,-0.0256854410958734,-0.19380073923548669,-0.09548593796260865,-0.057300493807881034,-0.030068797013529536,-0.0007678403413627086,-0.322196929267378,-0.19695874578794775,-0.11366013034254371,-0.07979263801957562,-0.03296484720856802,0.3787731045058514,0.2545040573972772,0.16591819889711923,0.12933520087240152,0.07586149969300332,-0.3571858534282385,-0.23026024637987114,-0.14944374713363395,-0.11600626248562429,-0.0648004252424664,-0.5029330427249069,-0.31888346241461574,-0.2115619709247806,-0.16361648519723218,-0.10972015519741848,0.503079022212253,0.318882866755365,0.21156140683699448,0.16361700610986632,0.10972010773146597,-0.5030726167323237,-0.3188829994471134,-0.2115610586321807,-0.16361720066632593,-0.10971972979377201,0.019651009095286272,0.14352385462656167,0.18092325525704844,0.1835040074806765,0.15355726680934542,-0.12201370641492587,-0.0032565900040871063,0.09261408739885955,0.13089454551608407,0.13297685622253025,-0.08144178156368143,-0.05263855162367985,-0.04395448238995575,-0.02293087639988379,-0.019466007858628474,-0.18872380533993968,-0.16435362599517375,-0.14813427430979317,-0.1310932314000629,-0.09020193945050949,0.18872380533993968,0.16435362599517375,0.1481343886023763,0.1310933674105662,0.09020207607175637,-0.18872380533993968,-0.16435362595015365,-0.14813427426546938,-0.13109353329909634,-0.09020181286676414
IMIN10,-0.034813206815363755,-0.042001473027552576,-0.04077354729965896,-0.0600891892455972,-0.03972407934068574,-0.012638562635044169,0.015992417238752367,0.007135943919856196,-0.0024256068183202183,0.0348145112034205,-0.02783297714112322,0.023713843641853673,-0.005813096863060718,0.2493575895102871,0.5219495114571377,0.309946556216611,0.22629128669330664,0.14193794260924344,0.14640073132175482,0.34877672920932734,0.4289372897592954,0.3751252421808952,0.27053316249851067,0.06124773317725446,-0.0147246618212051,-0.03578723789977257,0.02081064021321317,0.09336993998536712,-0.18515994716462578,-0.4660808775502626,-0.3442382455329372,-0.18289445210347258,-0.010235838983214002,0.06598300748369676,-0.04540450286753992,-0.16593763864620403,-0.08754054753288566,0.014499148836636168,0.054800166271504754,0.14387508146664235,-0.13806089630201016,-0.2885518499552989,-0.34123016618388446,0.09712349055476262,0.2391127716708651,0.3108722780320674,0.29437462312537815,0.2665947900724918,0.0982711612457543,0.3280681522953758,0.3038765656141654,0.241280777294367,0.14371362388688647,0.13977302774081032,0.2993991389388891,0.38298384842928707,0.37396420028941596,0.3359838562312355,0.13121424249549782,0.34440861733699063,0.3958116182825807,0.33407762917395667,0.21417262615079757,-0.13249375637308844,-0.32810701220312194,-0.39264109346774745,-0.3687896741395972,-0.3271947172174119,-0.116979153454722,-0.34644144815033207,-0.3702932520411768,-0.32642719781614565,-0.2771747260897478,-0.11531292978859208,-0.19771405957168156,-0.17998863327623027,-0.13435507503864802,-0.08430374132595844,0.30047644490544084,1.0,0.2598452126876059,0.14191443458184932,-0.0050968728470797775,-0.2317524401699494,-0.6478733029862475,-0.26663060085531626,-0.1670260213895648,-0.05486680909370758,-0.06888326517437547,0.012112962848315915,-0.008174166728856975,-0.011286741749074075,-0.02440308194990825,-0.10259288528335817,-0.18076734110098358,-0.08696576700928416,-0.04398149523299927,0.007182751377731493,-0.1487158553726623,-0.27170519584976527,-0.13713343706642653,-0.09238810939375441,-0.029840444739735447,0.18236295879599657,0.36478173885165666,0.24479271429520563,0.19135487238084653,0.10825421190124743,-0.16706485438732627,-0.32342655356451977,-0.19646948451209717,-0.14987910689672723,-0.07875534753418843,-0.23519417045191435,-0.49333271967773273,-0.3037508429179565,-0.23415252927624883,-0.16344085380904078,0.23527494194500032,0.49333094228969243,0.30374907111707755,0.23415347698253675,0.1634414727678706,-0.2352735971001128,-0.4933313146626283,-0.30374960077323,-0.23415407335321473,-0.16344138830271773,-0.041028563902777655,0.024665509787247835,0.15112025617015107,0.1763057783605145,0.1549246729015838,-0.10119174815287789,-0.1298672917802717,0.017414271810527026,0.08789245027675875,0.11132119060133444,-0.009497041508199697,-0.06846484038611783,-0.0571119386787118,-0.03270882342405699,-0.039581141207384,-0.0018631627724441133,-0.19561720017827272,-0.16270432867857137,-0.14070611187120877,-0.09076056871375499,0.0018631627724441133,0.19561720017827272,0.16270432881662067,0.1407058906398668,0.09076087335075936,-0.0018631627724441133,-0.1956172000043059,-0.16270432859020273,-0.1407062466541507,-0.09076075081764157
IMIN20,-0.016839219024585787,-0.06107813627932697,-0.021108442509590274,-0.04526490145706102,-0.019509716489329487,-0.03773062148516404,0.0033781516796845424,0.004163343350822415,-0.003979341445678064,0.016839530651572048,-0.03898370489817508,0.04361617292518377,-0.002033737353577148,0.09054989707056599,0.21795810252805367,0.5065943205952887,0.3500407133360111,0.21047842586552062,0.05107780456504296,0.12239125967684741,0.3173513728949469,0.3982818273730821,0.34678299265872525,-0.006536568051570171,0.02851459762302398,-0.03294039625325093,-0.06432372246370309,0.0350543980181054,-0.06636746810023984,-0.17051539127785112,-0.43717182410472893,-0.41308140994569115,-0.14182266202132826,0.05469509759228572,0.049105581238614054,-0.05759055952990252,-0.1920751232139417,-0.09383326402669946,0.020335685212410064,0.04852250824541124,0.16533533015499458,0.021670926800061815,-0.255921701531066,-0.0006635714520458974,0.06288883489516996,0.21941473767443873,0.2613987361944637,0.2647720775154505,0.04742282624085219,0.07833818423360636,0.30572108149326127,0.3117732102420155,0.19072621556618133,0.036913384285747114,0.11033143768960736,0.2624298548584272,0.3211449466924058,0.33494691778822505,0.05626298000209493,0.11425760697969259,0.30965406715122706,0.38889472357755944,0.2806674034832475,-0.039183513969163426,-0.0999519253265964,-0.27946407365118736,-0.3259807427744174,-0.3245963928429834,-0.02888894013997629,-0.08485584736102877,-0.3169230390498964,-0.3493417192627324,-0.302413818606224,-0.04160912774997514,-0.0750948430325203,-0.148603044868679,-0.14206386705304874,-0.12601324570970673,0.09085351746020755,0.2598452126876059,1.0,0.4124126851305278,0.06324365285430666,-0.0774984139633284,-0.18211889553311145,-0.6204065104735303,-0.3409204128831946,-0.13008724480122608,-0.03132547391313593,-0.02959904180588312,0.14639325605918985,0.09491263648805756,-0.006443722016960716,-0.023585484909790504,-0.06559496810623937,-0.12813956701285714,-0.059443479609434545,0.013773143898556424,-0.05398631027882466,-0.10120984413337332,-0.1966258928818513,-0.1106608835903709,-0.040967136652850664,0.04983424498031844,0.12063321608758909,0.3296301834171576,0.262165718527218,0.15697187335762897,-0.051668568183320926,-0.11299341679560407,-0.265025023847521,-0.18447015252437235,-0.10299282076305363,-0.07887113021645496,-0.19101235784202047,-0.43872888781174124,-0.31341498322212474,-0.22545712892884545,0.07881655895703045,0.19101021879459879,0.4387282625794026,0.3134136680074288,0.2254560691412881,-0.0788219941632067,-0.19101146751061793,-0.43872824686571915,-0.3134149705954798,-0.22545590167405186,-0.042096815275810544,-0.03839251057748459,0.04376352976689546,0.1328961491838122,0.1550406214101143,-0.04009271965706549,-0.08351055936561746,-0.07682786303535061,0.018511894208814307,0.08360576921075195,-0.010610610947131338,-0.01461800513205135,-0.03220460028572405,-0.020578407675140385,-0.03079069593114017,0.03172813160588426,-0.003382338528656165,-0.21846543939455365,-0.17851118785622616,-0.09437033911689555,-0.03172813160588426,0.003382338528656165,0.21846524976447695,0.1785110070347568,0.09437053602779183,0.03172813160588426,-0.0033821999452113578,-0.21846543925021586,-0.1785108312107604,-0.09437023899281576
IMIN30,0.0023229018378685766,-0.04643312600418616,-0.007030366260906011,-0.026656039592538497,-0.007123865202348843,-0.029636505211538728,0.0029767826187880563,0.01629864882953527,0.004320248551559341,-0.002325877364739916,-0.036343523890314554,0.02370291317000314,-0.004721566456809131,0.04131596624536816,0.1190459969799859,0.28240189777117103,0.47456497557247207,0.2510089831360985,0.012588597212177683,0.05858712931472013,0.16184371691602908,0.27885729714256846,0.3608785905816281,-0.017554523644289027,-0.006478443434874766,0.022278348989681198,-0.0260316695502705,-0.025109420094726716,-0.02632902735815813,-0.09512630664286711,-0.2206014823939516,-0.3857116940948825,-0.2722257317471337,0.0376198374213451,0.045737850231935606,0.03586832408764438,-0.057058282678289815,-0.19590558536037833,0.020730595756477538,0.039768080233547665,0.0849709408426179,0.15296273115705877,-0.09900508829377745,-0.019475215582609874,0.014377640238225992,0.1054075338955115,0.1931155686834299,0.23686207881543786,0.022411070946026592,0.03770681869429234,0.11150254195881923,0.269482043661219,0.20898191939859395,-0.0028345180506988785,0.044228782583151126,0.13963500503219828,0.22452024543171267,0.2967273023220351,0.022545640377392453,0.06265311703018239,0.15277960392476403,0.26552583263620766,0.31224725771317097,-0.009429048334783361,-0.04955090460668444,-0.14687574569643888,-0.2504124079411691,-0.3002891679726055,-0.0055619742680928,-0.03678524374323914,-0.13636832031122953,-0.2866316235179864,-0.2941765507597792,-0.02238206172623371,-0.0461840754825199,-0.08588702471388848,-0.09642885068048905,-0.1348279150389656,0.04903474491507693,0.14191443458184932,0.4124126851305278,1.0,0.17638853958281595,-0.04422346033263503,-0.10945334550709636,-0.276973891066134,-0.6079612384783486,-0.20638297310878573,-0.020876554830551872,-0.019729288984456635,0.06296508052692479,0.20601348087445523,0.021223804063637476,-0.012757956823183477,-0.03019264498674613,-0.06843009772667727,-0.08690791467569084,0.011896498237170532,-0.02703732018846978,-0.05943615974992593,-0.09674057223435044,-0.14053334458773764,-0.0396877704555831,0.014715335214511257,0.05048149603611827,0.14328612699917756,0.2934592168958058,0.1842280792714498,-0.0210505496693448,-0.05731096685101083,-0.12006674047243406,-0.21492225343755061,-0.10984052639903166,-0.03713318965576987,-0.10629203087631266,-0.22894114571431312,-0.38963413570933875,-0.2504084815246617,0.037067599215971615,0.10629086011921757,0.2289409795903945,0.38963370987383,0.2504070768928687,-0.03707370658963447,-0.10628998072612775,-0.2289411765161616,-0.38963315297631196,-0.2504069106539656,-0.04528459120607876,-0.05124168445441529,-0.025013487316466146,0.04239142625366342,0.12966413843014643,-0.025301970407553876,-0.05131252176716088,-0.07382980322565783,-0.05826033809509631,0.0345886593424269,-0.021357000293601453,-0.017305506224246515,-0.009805392396640349,-0.014602218688964606,-0.030337535095657026,0.03993402927349015,0.026920432303149243,-0.04742544283971708,-0.2182685637948687,-0.09846244865643242,-0.03993402927349015,-0.026920432303149243,0.04742544318550426,0.21826848412114908,0.09846273311664232,0.03993402927349015,0.02692047652985484,-0.04742544279929939,-0.21826852403686686,-0.0984625076294463
IMIN60,0.008643771841576036,0.007437474602855506,0.008501980718856644,-0.00018362477950393733,-0.00422548798709605,-0.0031249408194301696,-0.006415502530089395,0.007046021382879276,0.006915910967719219,-0.008647410380782795,0.0020330508186179163,-0.011902387760730904,-0.0013953250827115709,-0.02264550597625262,-0.025066931401381366,-0.015487394651688255,0.021303888549099603,0.27578457904495385,-0.019162707815686734,-0.027875093669131403,-0.03110886745285075,-0.02406090851061455,0.08057085784573809,-0.00018067195608650205,0.011446168303591226,0.02314227491069795,0.034048614857375654,-0.01538336130853561,0.020741218516556106,0.02650732800436549,0.029157236667556884,0.009994096390594672,-0.19215829945299834,0.01125984009426473,0.037003671047461606,0.061501629242589874,0.05549999137497129,-0.06390190995701688,0.004029697775063415,0.0027805153899222966,0.004888303613140795,0.021239984844757795,0.15247616441285838,-0.0073526172119172725,-0.017251342278224335,-0.02237667817615524,-0.020388937730062374,0.058313809085406565,-0.015812447070955447,-0.025167543574224183,-0.043290091551160516,-0.0464081508337108,0.09914056634269658,-0.019028296552002385,-0.025278148811812094,-0.022637041290679876,-0.016837478021744463,0.05587827944167949,-0.016252103781441662,-0.026288649728007565,-0.027446615899818075,-0.019506848759626546,0.08244290763229926,0.017825597455654794,0.0205106824867061,0.01582876450201307,0.004799414379674949,-0.09706390550689276,0.012455373794058517,0.02192023770135166,0.03617157149081084,0.03799428047639377,-0.10139237873119297,-0.0010682411474503405,-0.004191415037173108,-0.002764682292720358,-0.015264009553077858,-0.007806388570223638,-0.015367333959795672,-0.0050968728470797775,0.06324365285430666,0.17638853958281595,1.0,0.006617940007260318,-0.0006374490393542736,-0.03637293757066575,-0.11602276732804023,-0.59657705580756,0.0016156565087675422,0.011520881108547055,0.02245668271803148,0.03883994270766619,0.17434616327880031,0.0028936610723805036,0.0051075885792524435,0.011421240201484,0.008158040309334421,-0.006117737846466715,0.002722525508468614,0.0034753893845014625,0.0023247901983734077,-0.0020393964397751336,-0.0024828032412774997,-0.024284591100433472,-0.04159084766026641,-0.054598502820277846,-0.03317514051895003,0.19302629351838363,0.013870096493040053,0.021202603307771038,0.026200647712964178,0.015186185989391952,-0.08066727448968147,0.016073797364051595,0.01781728951964883,0.024350746521469555,0.00011489854739189946,-0.19398954388598322,-0.01614957364994607,-0.017817674843102187,-0.024349962418341316,-0.00011598008728905513,0.19398908897604666,0.016142341224709488,0.017818096688813356,0.024351566048874732,0.00011584356784258833,-0.19398905056109517,-0.023820602947878255,-0.039187776833483935,-0.052832160862078675,-0.05368117908328728,0.010707980962677617,0.009380342765523547,-0.001011524573306329,-0.012262591682469855,-0.025858225241756003,-0.07088453004166169,-0.008916359662587737,-0.015110445889240797,-0.007252582843593245,-0.005212089348941468,-0.002676295251538709,0.036248697115753126,0.05354024778391416,0.04801389862407171,0.03424897976798405,-0.17148100247699202,-0.036248697115753126,-0.05354024778391416,-0.048014071507733666,-0.034248954672658,0.1714808416915297,0.036248697115753126,0.053540111028940796,0.048013711854376355,0.034248926058207875,-0.1714808273994899
IMXD5,0.18718511720146389,0.2357353453316897,0.18389525699084552,0.18539846903620222,0.09118122198132267,0.018125525550564084,-0.1068658266147163,0.0733916020387079,0.06740064237500391,-0.1871854272538609,0.08040501733293698,-0.18469253108715847,-0.040470254072265496,-0.6482736108549758,-0.38783319621915646,-0.2421090937455207,-0.1758403002123235,-0.11246961599518511,-0.5704243109959558,-0.5911832073147903,-0.4389262867881381,-0.3505666506270525,-0.23105072480801223,0.09810213222707927,0.023245430118222245,-0.033648826921075965,-0.05567534175809057,-0.06924453466334318,0.6503915415520416,0.4024343996296312,0.13605789086226225,0.04596657676765112,-0.05448754175765698,0.07241464911400364,0.05765782998088806,0.017531322709091388,0.012343524237367513,-0.024560030957926703,-0.09157433062017088,0.3351716915903913,0.505121301757937,0.48004150571595566,0.37130461817475696,-0.3985995046407196,-0.4477219172685593,-0.3903737459277074,-0.34641015368301203,-0.2707251472314056,-0.4919137029515003,-0.4335014735540442,-0.3290376429167931,-0.2735709855742176,-0.18197168864624624,-0.5280064895626472,-0.5901150643265439,-0.4850353101025712,-0.40304913000096787,-0.2672418342311512,-0.5367040078985658,-0.5429685542686447,-0.4096942916281674,-0.34058590251734044,-0.2189451333155936,0.5119225575962336,0.5805545292225233,0.5095667996236951,0.4636982451037578,0.38672538037759324,0.5577608907101281,0.5431871393251791,0.44797908037296225,0.39487765080404486,0.3150806519710082,0.8381439753237264,0.4154038741612374,0.24546497046983068,0.17832035388510822,0.08914856864252473,-0.6840053240693783,-0.2317524401699494,-0.0774984139633284,-0.04422346033263503,0.006617940007260318,1.0,0.43201850831700134,0.20484590624615678,0.1364645763148366,0.04331886310734994,0.1555377157177565,0.0989223335984923,0.054584808416547566,0.04137136180521549,0.027463055322584744,0.23619239077298898,0.11478359968253564,0.07222398463258445,0.040935133195515755,0.004924526842802052,0.47761705212169253,0.30671762310301065,0.2020842387398205,0.15536657543594895,0.10065069389178787,-0.4640127770545019,-0.2912337796032764,-0.18573075357885163,-0.1406141306986466,-0.08745976857612218,0.4888506906081019,0.3166215821715884,0.2154418495230836,0.17052543032214196,0.11637206992150347,0.6564731342226691,0.40219238994451345,0.2656191106801688,0.20279304268559467,0.1440111450597234,-0.6565537163202364,-0.4021913880392368,-0.26561885885373704,-0.20279325517666946,-0.14401194802999023,0.6565524574715955,0.40219178347006185,0.26561792674475715,0.20279384766969644,0.1440116854614963,-0.22957502203934935,-0.34126606327590664,-0.3579694166097813,-0.3516627577147367,-0.3182216378852487,-0.015351481867770488,-0.1928315349224883,-0.28644214236706067,-0.3136708834506216,-0.3080924231719099,0.06332191424721889,0.02879259905577411,0.00589523118891201,-0.01042896430710395,-0.01768078370861297,0.3615930934363793,0.300144195460942,0.2682435093101959,0.2441654086152265,0.20137017947822342,-0.3615930934363793,-0.300144195460942,-0.268243709773101,-0.2441654634395737,-0.2013702935709854,0.3615930934363793,0.30014428879835553,0.26824376612146233,0.24416550066230225,0.20136998975298911
IMXD10,0.09886375894072681,0.22168287259765737,0.09432065371816045,0.15958131955377775,0.06830574185090756,0.05614142494611967,-0.06039393489280454,0.02519501573383238,0.02186357668921684,-0.09886709137148485,0.11505866241320598,-0.14728844097290578,-0.01500078113389564,-0.439561711647807,-0.6497862067466863,-0.3710155977567299,-0.27069776994925276,-0.15325605116308774,-0.3012245645891095,-0.5565418487991737,-0.5736599555410455,-0.48262403657608133,-0.3271932068079357,0.1351741874209717,0.10268773944575016,0.014237354220148895,-0.037065377866290036,-0.08185599312794148,0.3552130508719247,0.63907708180333,0.36779297461028665,0.17543136078947677,-0.02607133352740744,0.05453034859685319,0.10694313494075962,0.09629209670550065,0.059964536128196015,-0.005784568926271368,-0.051130295814519416,-0.08239868092507466,0.3179201732756322,0.4601262875552299,0.47159832658402895,-0.10397720858854045,-0.39320154754026077,-0.4438527192765761,-0.4062143449907912,-0.33633204764060703,-0.3084907173681668,-0.48350978408323103,-0.42145425176798107,-0.34531794727252235,-0.21997010901432845,-0.2505925679466168,-0.5171589611152033,-0.571940577316003,-0.5151540574227664,-0.3893387188420381,-0.30439602746044747,-0.5229508870131008,-0.5093791552064606,-0.4393431228918924,-0.2920201005386728,0.2512300050235452,0.5159034089457265,0.5702188137534606,0.5397002141772251,0.46799691225443635,0.2528998028467681,0.5433853738079812,0.5364683551291056,0.4760562039083887,0.3883729842516898,0.39001589939145687,0.8137209002701392,0.42549050597281957,0.3046677063421095,0.16272548211353383,-0.312599086500857,-0.6478733029862475,-0.18211889553311145,-0.10945334550709636,-0.0006374490393542736,0.43201850831700134,1.0,0.41271959921093876,0.28006704606870103,0.1007538032095408,0.18512161198930352,0.10974741179697461,0.04820110661074324,0.04284677531783426,0.045461527450239965,0.22656680006008215,0.2721906552883899,0.14460022459832036,0.09437877615410689,0.025946387426621732,0.30374025354763173,0.44675732674454727,0.2851498703376184,0.21897083174794402,0.13441388983488006,-0.28520989596168816,-0.4154440312078066,-0.2505918116710238,-0.18533056002125006,-0.10478326246201247,0.30142564438688124,0.4528231613244354,0.2942155875757377,0.23092093043714546,0.1485116242966786,0.4302004735363237,0.6539260538953321,0.3954031241779498,0.30121601069003606,0.19802151042898505,-0.430261921494867,-0.6539249431494611,-0.3954021077708865,-0.3012157359077468,-0.19802147640993503,0.4302623616999109,0.653925151225419,0.3954018508079994,0.3012167729313534,0.19802177683969147,-0.030443243646743355,-0.16038508690842324,-0.28899151671995255,-0.31223889954238054,-0.3016659210753956,0.11898849379776998,-0.02641419560164724,-0.2256872265804373,-0.28118439098495507,-0.29139209625318563,0.05832231926554545,0.05036159363565386,0.013507746785548636,-0.0063901207083130115,-0.006955470022121666,0.1253704829999645,0.3204882052564473,0.26791436234059346,0.24899338504998572,0.1999597934047747,-0.1253704829999645,-0.3204882052564473,-0.26791436249953776,-0.2489929200419586,-0.19996010563497096,0.1253704829999645,0.3204882334672733,0.2679142275193654,0.24899309630390998,0.1999598310666831
IMXD20,0.0560269379755686,0.21589732607754414,0.05080203109819001,0.1279436802633464,0.04053194765965615,0.07238715222253468,-0.04542082941928932,0.010372455783596236,0.005594198153427812,-0.056030726753175615,0.12079129306178238,-0.1322201174004632,-0.005447309060128993,-0.2501021888926476,-0.41573295497699403,-0.621046587454269,-0.41868102176257527,-0.21331958035238766,-0.16341841403926896,-0.30838511834341975,-0.5317837001173783,-0.5762715706710331,-0.4303034030321773,0.15989812282445817,0.15021124893217222,0.1003626098777286,0.04238640248714945,-0.045354016375904846,0.1996441339743781,0.36306464521350784,0.5901719437158075,0.45976972626632917,0.08378113793892242,0.03151398830129872,0.10463424781271101,0.1319951721083757,0.12834789393666618,0.06243729151332939,-0.03260835817429308,-0.03804506297633807,-0.06955283280920886,0.1474124804316999,0.4593751111593718,0.019862888238537265,-0.11037620139419953,-0.3961398940375391,-0.43102040135033937,-0.3670407269786358,-0.21389030409180296,-0.28476131334409144,-0.4622597843776266,-0.4291549586668473,-0.26679017206647443,-0.11255515435498566,-0.26357887455299406,-0.4975126378351591,-0.5589196227992799,-0.45806584742177214,-0.179942847556745,-0.30402853283979775,-0.494688033578795,-0.5166914325967782,-0.3676126813688059,0.11912430969942693,0.2501807592741072,0.4951616516693249,0.5407866374278445,0.5092324611687908,0.11415029581514319,0.2354177893071974,0.5254026407020289,0.5349496570563117,0.4371927436433642,0.1888907963080115,0.38056830658188845,0.796018061825996,0.5130903079341794,0.29036960088883185,-0.14422903385264763,-0.26663060085531626,-0.6204065104735303,-0.276973891066134,-0.03637293757066575,0.20484590624615678,0.41271959921093876,1.0,0.5782933800789544,0.21997947721829403,0.0913400047372897,0.1467407878863514,5.4805995978301014e-05,-0.0064836395592302145,0.06030386933626593,0.10926323339321,0.2097655437853931,0.2603410564650042,0.16353416773595916,0.04399099104831636,0.15027103176504578,0.24901440897882765,0.3919409654944934,0.2931106431638756,0.1829306087188043,-0.13661064407361842,-0.2283197190688386,-0.360214456033026,-0.25119010864333013,-0.13638961193653468,0.14479485717104146,0.2477457274562165,0.4042551639049471,0.30532735819244594,0.19604486448509129,0.22837801507407274,0.40331749408386464,0.6099140352052941,0.4316273710924439,0.26338764147032295,-0.22837994481491883,-0.4033153254347655,-0.609913097085432,-0.4316265597858686,-0.2633870056909009,0.22838455831426213,0.4033164302672897,0.6099136036226971,0.43162754123347213,0.26338707904248077,0.013136283950215752,-0.019663820953044562,-0.13402344081785797,-0.2235216990767875,-0.26598140978975265,0.08315005421587468,0.08680183586317644,-0.08115885718911957,-0.2084109010353881,-0.26357023192195733,0.020053192722900057,0.028801829984221067,-0.006899539923448816,-0.03280749052328874,-0.01917409938497694,0.025897327106060616,0.1001383668419858,0.29379454159190177,0.2618536044447009,0.18804213240554885,-0.025897327106060616,-0.1001383668419858,-0.29379442899797,-0.26185314681145394,-0.18804226569342192,0.025897327106060616,0.10013833206024841,0.29379454154342693,0.26185292105350955,0.18804196920035737
IMXD30,0.0350699151284859,0.2022904791497292,0.03315999766504538,0.1083115007947979,0.027706665171285814,0.0714768172952968,-0.03907503152380268,0.000223969264206229,-0.0005960552453114353,-0.035069885436341944,0.1182771227883887,-0.11596168937731578,-0.0041175606711238025,-0.17604579193200062,-0.2971979165014033,-0.4717508123248491,-0.5789449603447898,-0.24711301999535895,-0.1095638592927627,-0.21529323906440706,-0.3670533401167479,-0.4935745487637218,-0.47611502493188507,0.16729228668779672,0.18063164026191972,0.13891447277475227,0.08683349207825906,0.0038696643744646707,0.13912673851090138,0.2577777942398803,0.4028745392268528,0.5264586990259875,0.21492619609170738,0.030084525818349323,0.09048520031545976,0.1215590010884452,0.1283687123012256,0.13070661747015358,-0.02835744279540362,-0.02764044386742593,-0.03786112418145695,-0.05198882353197009,0.3197868098272496,0.055455622066906046,-0.03021818863118842,-0.19564082388876566,-0.365355923530846,-0.35157769059714733,-0.17147313797852787,-0.2212048204083314,-0.3119407794470238,-0.41278869759591297,-0.28959929059450734,-0.05848880193671285,-0.16443402678063196,-0.3263500764330435,-0.45992569408382267,-0.46305931884091645,-0.13490137660133686,-0.2284877340010859,-0.3580920602902144,-0.4550053865629644,-0.4055446539148241,0.08000948591018124,0.17407810271696206,0.3350413904951189,0.46981954439647355,0.49897388322405034,0.06878204892307171,0.15016721631235097,0.30980682082669014,0.48383884311786546,0.43256565668638797,0.12670857789662268,0.25931021668177895,0.49886158543500836,0.7621802811701259,0.396480236788999,-0.09015705046424771,-0.1670260213895648,-0.3409204128831946,-0.6079612384783486,-0.11602276732804023,0.1364645763148366,0.28006704606870103,0.5782933800789544,1.0,0.3605293928531205,0.0541404313900665,0.10318069475320704,0.08723347429561688,-0.04154215175605368,0.05191204835735288,0.06940156339781269,0.13283326494966027,0.22384409533006233,0.22267548716537128,0.060965389784875534,0.10600445850465207,0.1732725906868832,0.275856558078087,0.3462356928789843,0.20321689559170034,-0.09857904713338254,-0.1594798814894184,-0.2660930041543109,-0.3221718810230692,-0.15852180141144573,0.10232579241039111,0.17155631430457005,0.28780377543078856,0.3675622788594571,0.22100530618527361,0.15918023307826634,0.28206728139976445,0.4495110749403538,0.5476259203179002,0.29379313374822585,-0.1591850252968958,-0.2820676738404244,-0.4495115270986224,-0.5476246962493003,-0.2937925624757551,0.1591871639440163,0.2820663765299279,0.4495110030889796,0.5476250036019794,0.2937920923816536,0.02015822127497543,0.0008457226989622201,-0.05745718255010027,-0.13245334480707702,-0.22984514533933917,0.05752740887937415,0.06547417971319161,0.011938455001081033,-0.11096692303564697,-0.2288083352128022,0.021567110757390737,0.018803292825442713,-0.009642040062363981,-0.03379463643553547,-0.027087091921889666,0.002913350309094859,0.044063885136525975,0.14982515515184316,0.28358560467819705,0.18000667634568882,-0.002913350309094859,-0.044063885136525975,-0.14982506600423603,-0.2835852018028977,-0.1800068594904982,0.002913350309094859,0.044063724737763245,0.14982498970224614,0.28358507430037033,0.18000658714707135
IMXD60,0.012883579039279955,0.13509750165652767,0.011568128892967022,0.06365732482242804,0.008246113682791344,0.06333237728133935,-0.011231636558199472,0.0017189149905845404,0.0019457603303052263,-0.012882375122261112,0.07499447259343085,-0.07601057262501268,-0.008415847529546747,-0.059964076858780274,-0.11782099196888912,-0.19000072365983073,-0.24142509533146866,-0.38247366560167245,-0.03184376434839446,-0.07358842237599138,-0.13419744590770077,-0.17951992724381183,-0.31911210612935575,0.12931672836999797,0.13844881244931168,0.12885830382537872,0.11133226211687011,0.0740033395856603,0.04543811133955131,0.09777587654497608,0.15815237466582582,0.2003134241369259,0.3270986132137688,0.014308530091421402,0.02977280841584823,0.060157542568909254,0.09163785924971476,0.1804668593151144,-0.014510384724430182,-0.016576185613311246,-0.012033366111739363,-0.007477983192528555,-0.037116457338091983,0.06801718008852946,0.04377912512686029,-0.008191017069237016,-0.054590850323073654,-0.2334127263705539,-0.09859482069176463,-0.11705458553319993,-0.13893098877267349,-0.15600573069457205,-0.251661673047395,0.003044162461358067,-0.037520051404856196,-0.10369137046633586,-0.15431255192551485,-0.29633892937507617,-0.058905510036889576,-0.09177334424650171,-0.14752228626635042,-0.18987062023361134,-0.29872326765600543,0.0168895049407313,0.05388977131972957,0.11083015568788596,0.16436373018044026,0.3400473256721939,0.01469992965934293,0.03893948938144873,0.07978933871523192,0.12162032209568321,0.3167294756977038,0.04615774708853889,0.09854496706610542,0.2010312086124485,0.31024409905772155,0.682189154769738,-0.020429858252014793,-0.05486680909370758,-0.13008724480122608,-0.20638297310878573,-0.59657705580756,0.04331886310734994,0.1007538032095408,0.21997947721829403,0.3605293928531205,1.0,0.0016204790351562305,0.007150545445988606,0.010983840715080179,-0.003075088697812326,-0.06237271983838797,0.008442940335851053,0.031089026057813544,0.07191784835129676,0.09668437856732061,0.08583679906126368,0.0333943705246652,0.058982035562416914,0.09802179409617812,0.12776866493105316,0.19660906141622844,-0.02635204519271213,-0.04762040277940181,-0.08925065489266941,-0.12206914458539019,-0.19786529281655302,0.02914214489736084,0.054109642780623454,0.09706357721236909,0.13248294188618245,0.2250451198923522,0.05156799119043498,0.10416787097824906,0.1624978251954451,0.21182479720193625,0.35028090350437324,-0.05161995221050381,-0.1041668589218603,-0.16249992675439698,-0.21182461795220997,-0.3502811010074963,0.051617801803535174,0.10416684820848231,0.16249834705561877,0.21182446069844033,0.35028044475348596,0.023674860636432933,0.023582720822897477,-0.004441222897246432,-0.038503566001008765,-0.11920351610252215,0.012070186976034881,0.03149790480579838,0.01304227678967625,-0.029073663284707937,-0.12102408996730915,-0.0011557997910634009,0.005884035823982539,0.006915379234571337,-0.012336830792482462,-0.0423563944801243,-0.024661055701791813,-0.014105785298186927,0.03991535359840922,0.07180930495898964,0.21482718644981763,0.024661055701791813,0.014105785298186927,-0.03991519661912448,-0.0718092824087255,-0.21482711430460907,-0.024661055701791813,-0.014105686150413606,0.039915552179087765,0.07180923479668813,0.21482708072196702
CORR5,0.10645488556769586,0.11248356778086274,0.08378048357499476,0.07032857186201699,0.02959282597508201,-0.00907321345723641,-0.06540939924769791,0.07032082943627495,0.028466301111408618,-0.10645465173734737,0.018056713032098326,-0.09453616321276684,-0.05048108971520909,-0.18634967277717832,-0.1334046280685315,-0.08626508499169172,-0.07162015335356489,-0.031991639027610534,-0.15674974378582981,-0.18342077412484126,-0.15104451579425412,-0.12392680044527096,-0.069867573647371,0.1831045666491179,-0.0340900835908394,-0.07593223371120288,-0.06598342449303103,-0.035937141668204046,0.14880715222783417,0.1352836305846867,0.043428416564610814,0.010764923686588084,-0.049907422877252514,0.09831776468588646,-0.15314454112124684,-0.09488268370099842,-0.0601833028896464,-0.02168062299733646,0.07017526888938443,0.1213237508444969,0.16524724054888612,0.15821360531356826,0.14793008532122592,-0.02542646772522418,-0.13434191666519674,-0.1330891150204593,-0.11414698863121847,-0.0812890775774927,-0.11805961189790642,-0.11510773806640426,-0.10282631833097775,-0.09149813127113698,-0.05907290652144487,-0.10888321915063373,-0.2155511854667668,-0.1864718327990457,-0.14671365545956397,-0.08144880292603907,-0.17554749130345182,-0.15717802153307936,-0.12740029119342505,-0.10878799746093865,-0.06040092854681509,0.1216955046701551,0.2007698863770372,0.18952823810522665,0.17407454812443815,0.1410705415874446,0.0894794313105456,0.1592434838938244,0.15447652031390316,0.13514441321830634,0.1094383916805806,0.18720238667152897,0.2107261066158882,0.10873453755160369,0.06259742050569514,0.017162745628692515,-0.058771389811001835,-0.06888326517437547,-0.03132547391313593,-0.020876554830551872,0.0016156565087675422,0.1555377157177565,0.18512161198930352,0.0913400047372897,0.0541404313900665,0.0016204790351562305,1.0,0.4679936427684875,0.22310985317099497,0.15975822307443893,0.12013360913775656,0.5707356867864196,0.444362474392913,0.31915464570321805,0.27025786829999204,0.20555213057217223,0.07931997977132332,0.07284696076460705,0.048178918974325274,0.04089356132505981,0.02748920797803383,-0.07835333180604784,-0.07112636610640553,-0.045494156109198575,-0.038589095100011586,-0.02734977912833283,0.08086611402150058,0.07497218548768136,0.051036889492221585,0.04368517199429878,0.030450844745495927,0.19539060570790576,0.153125884768732,0.10288197297868454,0.07583026252014136,0.024632187861205718,-0.19530105576115156,-0.15312801148050803,-0.10288147010309077,-0.07583057910954472,-0.02463237429211582,0.195310741138186,0.15312804370533917,0.10288132800982244,0.07583136215691241,0.024631820571232563,-0.09526050988433325,-0.14311133719831062,-0.15760840579414237,-0.15801394432206217,-0.14826063726908018,0.20133467515819395,0.0021930838600670924,-0.09317226166770226,-0.11064873273330816,-0.10993068921971517,0.024375033604122513,0.01751929283783533,0.023838120270861875,0.021790581645873292,0.028675980322974887,0.17169835069715186,0.1604508369782662,0.1501251237647338,0.14423768482866334,0.12188043158603763,-0.17169835069715186,-0.1604508369782662,-0.15012522312672436,-0.1442379608439457,-0.12188059071622524,0.17169835069715186,0.16045068044272906,0.15012513138644723,0.14423808188301818,0.12188046672575441
CORR10,0.05374856792437346,0.0935579642620707,0.033553777304162855,0.058597462179867346,0.026518626604634513,0.005779093084794731,-0.041739114956520114,0.03168299049379865,-0.0015749918825957163,-0.053750154006749325,0.03813257763499132,-0.058440152568542146,-0.018381351145413897,-0.13561634572911627,-0.10975367830775293,-0.08716553442813385,-0.06120327179896462,-0.0062952390626543194,-0.1175693810835656,-0.12569046050296592,-0.12449556399293554,-0.10899818419331066,-0.0394034821117377,0.16672790096894333,0.13594071244798475,-0.07811785453928659,-0.10620357146953628,-0.052301076736944174,0.1299835840199082,0.09130213935633627,0.06437781891149398,0.018076017209591556,-0.08224031291609862,0.10023422191124068,0.09994844380607235,-0.1968605344274054,-0.17767081983493058,-0.04602119888870501,0.00686291522631738,0.08618558920551027,0.11437434490541651,0.13206882682895857,0.15265873604201283,0.020893166562057326,0.006672697039046283,-0.09730217385593325,-0.0997410660995727,-0.0449409578150533,-0.12170162966522882,-0.06148356803502916,-0.055376905311210436,-0.05424570130309031,-0.02943588808008981,-0.06785807801721487,-0.10385708598328021,-0.17815071522674797,-0.16435903141771221,-0.051228763838050584,-0.13443164476550643,-0.13921766855565956,-0.0831017175733196,-0.07156223353161083,-0.035490492824006584,0.07861052620537343,0.10640079295592364,0.14461983046640184,0.13895546974234615,0.10425474484122024,0.05507336450982303,0.03105253626525277,0.09539340238982637,0.09573221091699995,0.06420342195008982,0.09864631443841623,0.17136239351074706,0.17907976036012488,0.11567921204241018,0.033681498364646456,-0.0643985293362338,0.012112962848315915,-0.02959904180588312,-0.019729288984456635,0.011520881108547055,0.0989223335984923,0.10974741179697461,0.1467407878863514,0.10318069475320704,0.007150545445988606,0.4679936427684875,1.0,0.47041749092730134,0.3021494195334028,0.20416299437514185,0.30991334458590075,0.5056644296704723,0.40716216880358297,0.3421996513138316,0.2760794893426488,0.062258798341122454,0.05721647384351787,0.05614825972750403,0.04829829886674694,0.03991315424015204,-0.06191670217933001,-0.05635955905256462,-0.05090432136126139,-0.03857813755641444,-0.02903099034093636,0.06266289792830151,0.05898004563855879,0.05860444421433457,0.04950748816401775,0.03913863242808056,0.11564022455492512,0.14452107144872886,0.11730518264447905,0.0706383623158861,-0.001344847517259963,-0.11557077646633553,-0.1445207026900811,-0.11730532538993732,-0.07063883771946046,0.0013439350808493783,0.1155791638071036,0.14452114783856057,0.1173049843670888,0.07063986867662103,-0.001343814383739893,-0.03184388270416057,-0.08486378395711851,-0.12768836566212638,-0.13090190880904937,-0.11911172480338099,0.1283744126163821,0.17815326560436293,-0.012394048858444428,-0.06132496870159963,-0.07141667962157643,0.027564376041738024,0.041512740138448176,0.046506654979499885,0.03312343541026182,0.040888381075187226,0.07867631172913127,0.14761081859409103,0.15205956952483227,0.1400806079910205,0.11305761540949533,-0.07867631172913127,-0.14761081859409103,-0.15205959997927493,-0.1400808733763118,-0.11305738339476411,0.07867631172913127,0.14761078841695863,0.15205961178135835,0.1400808617275381,0.11305719666196092
CORR20,0.01751486598534961,0.05602045316720236,0.011591580881450991,0.02785821551085733,0.008701633927049339,0.011229372095909601,-0.01493550598178292,0.007933431509790504,0.0019097932311037695,-0.017511304377937534,0.023185150632127425,-0.027009342707008298,0.0002861385810065289,-0.07745865893398447,-0.04788655280908853,0.043806632106651616,0.011858019375096642,0.07645407402781461,-0.05929794271393547,-0.06908698077447521,-0.013608900803700379,0.004670547698520575,0.04746674090738729,0.09520933165163609,0.1474176677951135,0.09498051269678312,-0.07595899256935866,-0.06492007190169007,0.07078998848410598,0.05744179742098361,-0.051812785705849074,-0.05553067588383745,-0.1160895615324175,0.059718848832294516,0.12379722250087843,0.05752198628549103,-0.20856071058351133,-0.13363627401157924,-0.008450772189121618,0.039286045611570584,0.1328148895731002,0.0900856871136131,0.08839951948589178,0.02012399293990289,0.0469890970103941,0.07711012150395634,0.00082073768555551,0.03745974551253644,-0.06842412167486453,-0.06655414896439629,0.053010664863676456,0.07494056684431909,0.06750583251191933,-0.031210356012160496,-0.03693645590130765,-0.01855600836459482,-0.05885199259357423,-0.0009134408373413582,-0.06997405844591567,-0.08890398422435823,-0.020329589813478825,0.053373417989881586,0.05566813841064324,0.04263573102174781,0.05297603783037892,0.014728023960666416,0.014934117298203027,0.002465348076090216,0.025824344359117353,0.011440700266717195,-0.07024925819298862,-0.04099488088948524,-0.05611988206188107,0.04650303980601828,0.06872791357615896,0.11496078108117078,0.17178825433411873,0.04555127097482119,-0.05058090124535911,-0.008174166728856975,0.14639325605918985,0.06296508052692479,0.02245668271803148,0.054584808416547566,0.04820110661074324,5.4805995978301014e-05,0.08723347429561688,0.010983840715080179,0.22310985317099497,0.47041749092730134,1.0,0.6650159499067687,0.3409302407165646,0.1522931172969277,0.24348604964921283,0.37947293263463444,0.34745614048443857,0.288882972365228,0.050780911953064625,0.04779824154682753,0.02447452770570206,0.05170551771995191,0.033500843182416265,-0.057873421721707285,-0.04765645231459746,-0.004865486449676686,-0.02131091089650781,-0.003909025547797036,0.05345425090119044,0.04868001814262379,0.020628926360630025,0.047282738922426314,0.026085760642204702,0.070515724522409,0.060248656943000814,0.026336674362184263,0.035011989967279486,-0.07444989079399228,-0.07049949658316748,-0.06024820292823097,-0.02633777164567127,-0.0350126385990809,0.07445000465810431,0.07050513863598876,0.06024859351805612,0.02633764720092351,0.03501238343513853,-0.07444972202414081,-0.0038206108976735634,-0.03872477264547746,-0.07789415125510245,-0.07934013505424768,-0.07493086934326576,0.08020471351474452,0.10393375940161272,0.12419652020188843,0.04289868497089405,-0.019418827087077567,0.016983486192904355,0.059672392729337685,0.1035790893260599,0.08342194017941275,0.0651002620368302,0.0325927882799568,0.08699118568130933,0.09279908140097085,0.10298271169722167,0.05947031978635236,-0.0325927882799568,-0.08699118568130933,-0.09279887539427933,-0.10298300047899382,-0.0594702653069823,0.0325927882799568,0.08699109963165053,0.09279917307649928,0.1029828351704734,0.059469999739490874
CORR30,0.019429941861010817,0.029366847121818165,0.014560350840101953,0.021321138827196703,0.01072806953734295,0.01668812469077091,0.005597586022493609,0.018367584982995303,0.013354010709569469,-0.019430018284648017,0.004163066094531698,-0.02454701379988565,-0.007960428002677345,-0.06052403700051055,-0.04117785164909772,0.05453983771525743,0.11315656569242896,0.12043937206395022,-0.046164985179834694,-0.056139554851876085,-0.014317283709541736,0.04175321141759691,0.10148192953912616,0.04412451809983838,0.07766192870369061,0.11920492640816194,0.043662821149121775,-0.09298163070222033,0.05281460076282762,0.04670836886134626,-0.03718858423508158,-0.12494697188899997,-0.15249194358611165,0.02462322864591537,0.0731998750383719,0.10844757912573602,0.015972854878796204,-0.2395476140621308,-0.00453229775373322,0.026008579293581222,0.10848205539029702,0.14222685038401586,0.06117993241342245,-0.0009930337719126795,0.01687808264558307,0.08212461063790615,0.09376942447082398,0.06645801315816578,-0.0531317593686139,-0.05998622564105776,0.0013521961220181,0.11315543196350104,0.1277317330753599,-0.029843880287720292,-0.03370677620598729,0.0014775619474259722,0.024977719992526175,0.025035923444359807,-0.05294389305866791,-0.06835301025342815,-0.03528819448643512,0.04455332221795433,0.12354723465942764,0.03485905235051808,0.041176169059689544,0.006751735454179326,-0.03824596409885048,-0.05322567026237499,0.027431237964168756,0.022563584577042273,-0.04692689051910873,-0.11746729672645159,-0.1228721168698248,0.042676819894278545,0.06121039110336208,0.0593734008394786,0.10408895819122849,0.046081143459578644,-0.03661755733126275,-0.011286741749074075,0.09491263648805756,0.20601348087445523,0.03883994270766619,0.04137136180521549,0.04284677531783426,-0.0064836395592302145,-0.04154215175605368,-0.003075088697812326,0.15975822307443893,0.3021494195334028,0.6650159499067687,1.0,0.4841974708154682,0.12834996940201876,0.18633564577286887,0.2477953437430935,0.3086337901500709,0.26954555107804246,0.04946217573098831,0.05865015918516524,0.0471312039905301,0.04590790687770782,0.039140589088559545,-0.05377104768907724,-0.05472665267293561,-0.01455822823596907,0.010493158868463628,0.01863115543327701,0.0507933258853565,0.05869017110097886,0.038523078099137784,0.030115537026432132,0.023381873041478773,0.05219924219170021,0.048475723307940734,-0.00888511385472679,-0.034630991945082575,-0.10570484198589783,-0.05224900323648474,-0.048475822490716795,0.00888466389257049,0.03463029121977062,0.10570462729148011,0.05224867353397531,0.04847571796120344,-0.008884281890116166,-0.03463021815752772,-0.10570463280402038,-0.0018273389090596149,-0.024780265052660393,-0.05333016734414014,-0.05472450935309127,-0.05071760745057456,0.04693907541308374,0.06439176312742201,0.07306762450121952,0.09888042780872647,0.014412929003899528,0.0013850623080290192,0.03602886407308038,0.09326879450043755,0.1224319830158531,0.08850197490464191,0.020658708581881617,0.05674719678099608,0.07325914493043346,0.05505118667024236,0.04219502954338829,-0.020658708581881617,-0.05674719678099608,-0.07325880158770226,-0.05505167010343556,-0.04219475867858484,0.020658708581881617,0.056747178083056724,0.07325930579423277,0.055051546068644125,0.04219475129611552
CORR60,0.009792822256817055,-0.0003114021176985267,0.01302143578486861,0.01089669599721316,0.011390301549062329,0.026656762095329228,0.025216501755131515,0.009069199826384022,0.019788311442476607,-0.009793150288229415,-0.0034960622186872405,-0.019662350356362726,-0.0033408970673005313,-0.037523010939847015,-0.05455402277954366,-0.054863347049152834,-0.035865873714123024,0.09622546516154826,-0.019617715152132585,-0.04109750518495312,-0.061504515146961584,-0.06289960680788301,0.0071662731552976765,0.007344247515216091,0.0264854908475851,0.03869940327850926,0.04633318273181661,-0.022449373005212034,0.02756173520471349,0.04877702584070009,0.06044497002174087,0.052102759072120905,-0.08407536750449675,0.0037241386205912165,0.011111405068337658,0.02837642633556046,0.03468870096820432,-0.02886911843221422,-0.007635106946637072,-0.006551224092756125,0.008755915939961391,0.03383558863540441,0.10146359454385938,0.0006613996762424654,-0.0010602073985722282,0.0006169554243493468,0.01203774409518032,0.05106295001078304,-0.022020398874248028,-0.04612670053315371,-0.05281244980215686,-0.03795939662518086,0.10236460841779482,-0.013438408360348823,-0.02669373000099004,-0.041297623528748474,-0.0405803533883333,-0.007937436827442445,-0.023744755451195195,-0.04692564893527939,-0.06261928736252967,-0.05949501260937691,0.02820282495698758,0.013125884012969364,0.019839943047958865,0.027481547078813014,0.021496683790278873,-0.04385184831423948,0.010356877823598388,0.02269653407894151,0.03182777053193632,0.01796026786642671,-0.10360372133055118,0.025655307395079298,0.05298585361392574,0.08336222098487202,0.09533009978460656,0.10031478137112039,-0.0256854410958734,-0.02440308194990825,-0.006443722016960716,0.021223804063637476,0.17434616327880031,0.027463055322584744,0.045461527450239965,0.06030386933626593,0.05191204835735288,-0.06237271983838797,0.12013360913775656,0.20416299437514185,0.3409302407165646,0.4841974708154682,1.0,0.0842983655513954,0.12986958219232017,0.18271737106846692,0.21777735850301008,0.2917867175137168,0.06726731021964419,0.1034735059184346,0.15619588208855514,0.1808110824999769,0.17274366952253606,-0.060260485947460654,-0.0774455326957835,-0.08755394498065798,-0.07629791256247592,0.0004045246782330648,0.06454691631971574,0.09483877971932592,0.13816770757787833,0.15567906647728674,0.13097955876954542,0.02898925850908234,0.0389762130692728,0.048580062452542296,0.03882184176742691,-0.03775122062346442,-0.029034386055865186,-0.03897588349485001,-0.04858050181226994,-0.038823201874694714,0.037751060189375955,0.029032163188394956,0.03897570825116974,0.04858042523927301,0.038822499067916016,-0.037751418675381766,0.02480621674814984,0.027989963496261074,0.01718658187190973,0.006111433092302255,-0.02048214295276764,0.04408243728574417,0.06241013408677403,0.06247712924651168,0.056613942273136215,0.0747839924309594,0.02158567686354457,0.049526826433837094,0.0936653590588576,0.1124196130761442,0.19269464253672516,-0.007000444866201037,0.004796303006259055,0.029636650122208986,0.04645451617244103,0.055053583485448164,0.007000444866201037,-0.004796303006259055,-0.029636540886435855,-0.04645508206644815,-0.05505366859021392,-0.007000444866201037,0.004796363614644327,0.029636530226056376,0.046455118358582445,0.05505355894553061
CORD5,0.060015466065482546,0.10482140286966456,0.03678147264021139,0.07368322055360721,0.037124151382112315,0.006123723800002057,-0.0390505125596166,0.032124484470570557,-0.004473115107124641,-0.060013944366476474,0.04633190313785532,-0.0690157940295384,-0.02090798861568951,-0.3327070479063089,-0.2028660738317391,-0.11339412030307687,-0.09186398434540827,-0.05485444623896853,-0.1964993262347104,-0.29315671384891895,-0.2230012902621363,-0.17578007713246643,-0.1119804574990297,0.08602712676490563,-0.016010305890137154,-0.05171925735075655,-0.04704446495732673,-0.04435490718153993,0.256235707931481,0.255460168629921,0.07361632685218567,0.02052309337819989,-0.0356979866511134,-0.08094513599454056,-0.031243990155400334,-0.025186245112567375,-0.010664691597778454,-0.014422535346327443,-0.07816677944847458,0.06006877744621633,0.23063249812664022,0.23369659428769962,0.1945836056408105,-0.10112865829421219,-0.2184851794416766,-0.20426313818135647,-0.17275322093519718,-0.14282452054105185,-0.21310058361363773,-0.21021161667104582,-0.1614622765190767,-0.13162418916749855,-0.0829617066797988,-0.1513602064472097,-0.2890365927846057,-0.2682339031146033,-0.21828853973871187,-0.13850579610765293,-0.19861838941420767,-0.26076179099307806,-0.18864566036259386,-0.15525430603660523,-0.09078341767669246,0.15664394193054776,0.2697125004229386,0.2628102179398667,0.24057139356036344,0.2028221688793873,0.1902417112077339,0.25923984959496743,0.23124811738376647,0.19977114824364914,0.1682636459932392,0.21846453177393507,0.22608885645889468,0.12841056020303215,0.07598408177912647,0.02570079580261357,-0.19380073923548669,-0.10259288528335817,-0.023585484909790504,-0.012757956823183477,0.0028936610723805036,0.23619239077298898,0.22656680006008215,0.10926323339321,0.06940156339781269,0.008442940335851053,0.5707356867864196,0.30991334458590075,0.1522931172969277,0.12834996940201876,0.0842983655513954,1.0,0.601475064947643,0.3888148580816627,0.31126471196416805,0.2102267639679035,0.12920345716676018,0.10159490217951071,0.05639764271916424,0.046592698402489044,0.02734332417013369,-0.12807737595811597,-0.09781884755365879,-0.049637017639542515,-0.044331152729679545,-0.03304037206644646,0.12946023332165635,0.10203077911656011,0.05820093212860635,0.050389347789831014,0.033686448694288114,0.32836369029255713,0.22231291415348525,0.1388261997290068,0.11136112673383368,0.05750119961727904,-0.32836392903467226,-0.2223147143394591,-0.1388255708438027,-0.11136258760617533,-0.05750066176771742,0.3283633834711454,0.2223141863460056,0.13882607292720928,0.11136329604584011,0.05750029376694175,-0.00025824248899517123,-0.12146880345095365,-0.15914498474605415,-0.16539025794888626,-0.15470446231146953,0.21136403688448774,0.020511593357366263,-0.07616115831546723,-0.10099412147367327,-0.11162273087270215,0.0830651948256876,0.03666718395288434,0.03673150909370552,0.028275181463811378,0.030905490676529764,0.16761671374401946,0.1455644391537226,0.13580571263449281,0.12815336220450332,0.10775260683887027,-0.16761671374401946,-0.1455644391537226,-0.13580578640636112,-0.1281535577744501,-0.10775254932115992,0.16761671374401946,0.14556451144278207,0.13580591229287564,0.12815356499518768,0.10775239583416556
CORD10,0.04586646228371768,0.11089896597764029,0.021204709393642957,0.08863232796601483,0.04842476811684522,0.023326318530488534,-0.02828972448838024,0.015428368082008714,-0.019470704182326073,-0.04586539552576937,0.06831195116358246,-0.06413550913962528,-0.0083007965331985,-0.17969679324931984,-0.32827969281998454,-0.185142590726922,-0.1277871948317376,-0.06405174615206569,-0.1086372272506752,-0.23228019600394031,-0.27732604671744554,-0.23189056215547357,-0.14502386900624423,0.0828456320214931,0.05349335791486929,-0.04377115482297019,-0.06317296598785,-0.06334459957409311,0.14193323159437693,0.28275550670128946,0.20268237135801254,0.08783735664394263,-0.03698554061101359,-0.032774013615643714,-0.037264741044162795,-0.029073193970771762,-0.034188068267126316,-0.01401536100788275,-0.034682999018516736,-0.06517851074280144,0.10400347653068198,0.20913648456639322,0.24163132056724093,-0.004347003302102119,-0.12737303219881987,-0.2238972416444786,-0.20391989267848604,-0.17020775286547873,-0.1329200791508184,-0.20995319552295236,-0.19913845527698196,-0.16260925930416117,-0.10309532678038942,-0.07281991006776774,-0.20822096955983038,-0.29699967538066707,-0.2728283898176694,-0.1868462061352827,-0.11326889207954795,-0.22393061628111333,-0.23326597260691825,-0.19441712863223018,-0.11501792793244407,0.07558601798546362,0.19797570492554373,0.2812330116875212,0.272165342231995,0.23675824956180375,0.07638609227937904,0.19800469087760542,0.25708821800288323,0.22987245418360797,0.20090895745000353,0.1111015674663923,0.24885151619130608,0.21903709235666224,0.13616471537271663,0.05831264418764378,-0.09548593796260865,-0.18076734110098358,-0.06559496810623937,-0.03019264498674613,0.0051075885792524435,0.11478359968253564,0.2721906552883899,0.2097655437853931,0.13283326494966027,0.031089026057813544,0.444362474392913,0.5056644296704723,0.24348604964921283,0.18633564577286887,0.12986958219232017,0.601475064947643,1.0,0.6426591722681253,0.5162603189339563,0.34785666484213623,0.04395605272389549,0.11426845416412534,0.08133211929330265,0.05715281955452055,0.03196062803945412,-0.04550686544754937,-0.11114826098474814,-0.06975150860736717,-0.04658085570973202,-0.027678936595905583,0.0440311135818208,0.11484303312210847,0.08151171802246536,0.0589125248111559,0.03519916204208422,0.15824048344542022,0.3456848304387529,0.21851992417524513,0.1590128998840484,0.07206369596183651,-0.15832789236046,-0.345685688589605,-0.21851860630371278,-0.15901366397061872,-0.07206408074606144,0.1583217744205075,0.3456856709376743,0.2185192798848725,0.15901502824550293,0.07206309112922211,0.03229598693441672,-0.005715607370355666,-0.11781061064422219,-0.14237111513389902,-0.14203350587569855,0.18247659583820416,0.19121396023002585,-0.009024688502995478,-0.06150948091669406,-0.08667287604130561,0.060452112271220965,0.1179295805632645,0.08042594018549958,0.060977701723693364,0.05891872766898526,0.022362964315822364,0.16254337961358065,0.15214086816743103,0.13688063572918013,0.10858872766490184,-0.022362964315822364,-0.16254337961358065,-0.15214082725157096,-0.13688078071311213,-0.10858856318203898,0.022362964315822364,0.1625434068548699,0.1521409232087128,0.13688082313614186,0.10858839684699458
CORD20,0.031034699610468466,0.12064370086335464,0.01472369541096691,0.0843368048769279,0.0404285232473077,0.034214164701869894,-0.023287681831773602,0.0008723689298606003,-0.019366258873674037,-0.031033667636741237,0.0796262584555186,-0.06502222605964438,0.00473057974249627,-0.11420131953114888,-0.18020712029858402,-0.29050751542078246,-0.21217982139585784,-0.0809763438900126,-0.06728516612509605,-0.13670779807871256,-0.22269653507700118,-0.25638291894482235,-0.1949877305882832,0.09324135383445091,0.08099561941274322,0.027855842374816468,-0.02364431559165556,-0.044122032439872234,0.08935201189345325,0.1616723424295291,0.25327990209198215,0.2287554789569141,0.018708492031235677,-0.018778137431516885,-0.010338596884584085,-0.00932844383806968,-0.0012767941368631642,0.02418946590048885,-0.021052002864986534,-0.025643389393210748,-0.03416732448386886,0.04064871831336043,0.22048160573520678,0.05194641366614968,-0.01146512186655776,-0.13726362958729368,-0.1914445676516732,-0.17352865436098583,-0.10519659906168911,-0.14556080288067347,-0.19983811157848325,-0.1975777373975649,-0.14077842944810137,-0.03323097369129874,-0.11019381623483587,-0.2203767871276097,-0.27198100794986707,-0.21638378898095126,-0.07857561349422221,-0.1432753632881369,-0.2058595308828892,-0.2194061187686058,-0.15728263199283787,0.04272997389389501,0.10859578228235577,0.20481307632896978,0.24634861669530103,0.2464485066450737,0.02435702568740602,0.08402815087155381,0.1982246249316657,0.23151398598496942,0.22014038438684555,0.06837867496552699,0.1366983607693684,0.2480961699879502,0.22190035910055722,0.10797174938701215,-0.057300493807881034,-0.08696576700928416,-0.12813956701285714,-0.06843009772667727,0.011421240201484,0.07222398463258445,0.14460022459832036,0.2603410564650042,0.22384409533006233,0.07191784835129676,0.31915464570321805,0.40716216880358297,0.37947293263463444,0.2477953437430935,0.18271737106846692,0.3888148580816627,0.6426591722681253,1.0,0.7909547217463941,0.5336727236796994,0.03189206732729091,0.052183730373471585,0.10590163962819098,0.08677252363313216,0.041105497237148333,-0.032376193230607184,-0.04981226745017925,-0.09001109851357696,-0.06252134443722912,-0.02032965303082688,0.033034980734895115,0.05077558378233898,0.10505633195487486,0.08482647212861807,0.03918267811492522,0.09350581262771908,0.176856466626436,0.3272836931607796,0.24703560763544533,0.0978738645514674,-0.09356435488406312,-0.176857682921075,-0.3272823379118009,-0.24703624691140857,-0.09787320547751055,0.09356170242693344,0.1768572602752522,0.32728410918850265,0.2470375286363698,0.09787294616305169,0.03551448637647608,0.02774528553998185,-0.019588601134394725,-0.0823552602603966,-0.11634829359097155,0.13480887127705365,0.1713947013230631,0.12679955227161868,0.013560110731365942,-0.052359862282539686,0.04133139899155863,0.08728694756780588,0.13779144094350063,0.10355843303410267,0.0860891116426298,-0.00403943144648507,0.03791072428476134,0.15032458074829794,0.14563174620667954,0.09020745085590379,0.00403943144648507,-0.03791072428476134,-0.15032440776033051,-0.14563183374176863,-0.09020707489780405,-0.00403943144648507,0.037910678395864365,0.1503247770077961,0.1456318093989697,0.09020709015781503
CORD30,0.01949386454453508,0.11159243868249531,0.0025024073348749736,0.07344231720528815,0.032838785779331796,0.04178705170820641,-0.01147184922861645,-0.00038299837735855446,-0.020557330166968094,-0.01949371482802603,0.07505889350258955,-0.058711120550464485,0.004942021495468858,-0.0731982277582355,-0.12167525265343761,-0.18253485072123649,-0.2477240730260864,-0.10030846345678904,-0.03826954818860012,-0.08789518441493856,-0.14451952153332567,-0.18976665237790108,-0.19695233201340054,0.09079597017432654,0.08755569417752408,0.0480065151891972,0.01393674636257342,-0.023708401746716155,0.05661062426349705,0.11204226324624425,0.16539537645389676,0.2069130905457937,0.0848914614157239,-0.0114102354046691,-0.01953397662089029,-0.012875077382751794,0.009137069438679077,0.02965335623557129,-0.01472271052564845,-0.021222616534225674,-0.016199734612189407,-0.021387335219456398,0.13499660018329465,0.06679688850030444,0.02512763525919436,-0.05491985399187719,-0.11830646917745347,-0.15795938900842452,-0.08067472974216851,-0.11204215367526092,-0.1433914828281748,-0.16976930036787286,-0.14533131760949433,-0.007636716706672869,-0.06326034352562208,-0.13873026066320449,-0.19417491330884507,-0.2026647107052688,-0.051849089051007616,-0.0999541461250733,-0.13666349739952316,-0.1673096229117388,-0.1626575953310322,0.016874713142798977,0.063931491243461,0.12896164171418378,0.173007563410227,0.21143286755331525,-0.0030120391094209343,0.03796329695020359,0.11322357285045101,0.16753364087566458,0.19929423635060878,0.0446067850513484,0.09661975466507676,0.1669467942982567,0.21710617469557278,0.13011727502510195,-0.030068797013529536,-0.04398149523299927,-0.059443479609434545,-0.08690791467569084,0.008158040309334421,0.040935133195515755,0.09437877615410689,0.16353416773595916,0.22267548716537128,0.09668437856732061,0.27025786829999204,0.3421996513138316,0.34745614048443857,0.3086337901500709,0.21777735850301008,0.31126471196416805,0.5162603189339563,0.7909547217463941,1.0,0.6735460543142029,0.009925677575061694,0.034958068591231226,0.06823712731922779,0.09762456765836958,0.0476403647357466,-0.007741784302233463,-0.02361336592299927,-0.04348059180047043,-0.059593861321375396,-0.008554582429565725,0.009028788920883917,0.029684856983235572,0.0615736172626357,0.08974268663092383,0.03792190092716033,0.053604043595881466,0.1192584696282595,0.21009450813000483,0.2846187806777355,0.11657337918190648,-0.053641232104047185,-0.1192589636838182,-0.21009352216002122,-0.2846195851097373,-0.11657294147187663,0.053639038720209024,0.11925754641293741,0.21009485433590597,0.28461983156965764,0.11657265764880392,0.034662680550420794,0.042791189026168186,0.021833324146468307,-0.007603762642172373,-0.07128038065062074,0.10958397023418315,0.1449034172101231,0.1307553586885074,0.08949906454105266,-0.01374703000185729,0.03550847021180954,0.07592720021993793,0.11250044035937518,0.13648904292903694,0.10356554236494961,-0.018762166237011844,0.004275558639781585,0.05345764797694119,0.12058955155117039,0.07854168908948866,0.018762166237011844,-0.004275558639781585,-0.05345736385153994,-0.12058984875994254,-0.07854112363555721,-0.018762166237011844,0.004275472643010467,0.05345766062662229,0.12058980069458015,0.07854135475608955
CORD60,0.004865480331689297,0.07943157236987171,-0.011546584238578466,0.057317235835475926,0.02997199435618443,0.03993426670988198,0.002850296224149618,-0.009312903739611755,-0.02246816595626224,-0.004865076287331992,0.06517543834139858,-0.03855678763657144,0.016383802899833332,-0.020056578995768442,-0.03880503486407666,-0.060507241109499434,-0.08335779539510446,-0.15372778642094917,-0.0030045992748883254,-0.023389023652585564,-0.04401950881120514,-0.06118061030941568,-0.10391381424483727,0.06628960172814012,0.06431597127966328,0.03020346233648069,0.01798565203499096,0.03453905525520739,0.014147235544296028,0.034660142501235586,0.05422166532301211,0.07421720122731952,0.11289229112134415,-0.0021816136630902943,-0.027232316417540047,-0.05257200417605364,-0.03637691795153699,0.0645913901525294,-0.009879615718804899,-0.011293686680506457,-0.008763687426292304,-0.009166136551779999,-0.011451961878687161,0.07858549651621553,0.0668421317022213,0.0335530069315085,0.01132674415800899,-0.04425531161243026,-0.04594535907255252,-0.06326073457625223,-0.07371123223352076,-0.08441240408992859,-0.13221407066475724,0.016681013605547853,-0.004924255997217422,-0.03916201954360116,-0.06169486632983599,-0.08475146568999882,-0.015401983355848027,-0.03607491915834976,-0.045413923956814276,-0.05534412067168286,-0.10408384453867667,-0.008688073983801756,0.007813528893175985,0.031765521351558905,0.04365056886656581,0.0772610062027953,-0.02846538224916355,-0.014227355667102384,0.01315604884616212,0.031879662376885956,0.09667268861819095,0.012305542791802468,0.039732663421420115,0.06597718705057415,0.07588624717628994,0.11292727563847177,-0.0007678403413627086,0.007182751377731493,0.013773143898556424,0.011896498237170532,-0.006117737846466715,0.004924526842802052,0.025946387426621732,0.04399099104831636,0.060965389784875534,0.08583679906126368,0.20555213057217223,0.2760794893426488,0.288882972365228,0.26954555107804246,0.2917867175137168,0.2102267639679035,0.34785666484213623,0.5336727236796994,0.6735460543142029,1.0,-0.0011494550354587934,0.006246078966568558,0.031237992710174363,0.048836513172134687,0.08084645599323911,0.005917828939874567,0.012287132480732026,0.018089870021539778,0.01955925542495121,0.014295702233379254,-0.0033960147958145568,-0.0029560036903469402,0.011154593972979174,0.02250182484805352,0.05196397944077614,0.004594709024234088,0.024795850171796523,0.0634310908249534,0.08906439533945157,0.16902531043847527,-0.004576670622802118,-0.024796258142065764,-0.06343041154199494,-0.08906651301270999,-0.1690257265100365,0.004577532606994161,0.024795009407378013,0.0634316369781585,0.08906615840400035,0.16902627902197007,0.034922849707588105,0.05177041889814819,0.06470823839410178,0.0693012686428363,0.060706376975841185,0.08624915030332468,0.1258286995217335,0.12834364445056481,0.11809154691002272,0.09729819673891298,0.030296293674115807,0.061693594630023,0.10117620307372804,0.11668893620909443,0.1400273820684637,-0.018846920067307982,-0.017666587735840705,-0.023219619921327674,-0.017580526900484398,0.021744884902854266,0.018846920067307982,0.017666587735840705,0.023220057008679514,0.017580036434934408,-0.02174444362546658,-0.018846920067307982,-0.017666584748882164,-0.023219822432844126,-0.017579902742557836,0.021744621662355443
CNTP5,0.2411512659213861,0.19088593468852902,0.24281209483177288,0.13884784339947373,0.05731811077566801,0.07087220859325244,-0.02608508128015822,0.17399742185060052,0.18755420715083207,-0.24115369829662398,-0.024875714936952533,-0.24605289055126836,-0.1327154838229523,-0.5933057185887755,-0.36077283565198576,-0.21640638322739977,-0.15769151574903087,-0.09184234129755227,-0.4759215810736076,-0.5262906281615473,-0.3928996164445546,-0.3155860873428192,-0.20619056657606774,0.08744148326781678,0.03812651117484509,-0.01445142868373028,-0.03991583824511341,-0.04694780296374462,0.5024460212686583,0.3867348380693359,0.13148409305989814,0.04788064626159923,-0.05184884003226469,0.05642521556978778,0.03629123606206136,0.014085703961950049,0.015116779476038322,-0.004875604130649739,0.002328176629353722,0.26563496750119275,0.44428521213679417,0.4299634381982062,0.3332904586306164,-0.31030073111779544,-0.37644180234555574,-0.3308122445683934,-0.29985155975356054,-0.22827495151559135,-0.4423311889176608,-0.41611129274290787,-0.3216344329372452,-0.26259537406248484,-0.16839339991611285,-0.442367479393302,-0.5054850209618738,-0.4191727576958349,-0.3549056584022162,-0.2349087903158567,-0.4737728391982295,-0.49807210661774903,-0.384354849738272,-0.31359652026875534,-0.19668658919144236,0.48453249774814316,0.5327299739702794,0.4654473046766152,0.42029914336571195,0.34168177627887325,0.4691871874017031,0.4861834807696109,0.4040797812503321,0.3552800513705563,0.27564632688307944,0.43388850249270255,0.29670895863476515,0.1763276171473853,0.13184109565033872,0.06290465152110077,-0.322196929267378,-0.1487158553726623,-0.05398631027882466,-0.02703732018846978,0.002722525508468614,0.47761705212169253,0.30374025354763173,0.15027103176504578,0.10600445850465207,0.0333943705246652,0.07931997977132332,0.062258798341122454,0.050780911953064625,0.04946217573098831,0.06726731021964419,0.12920345716676018,0.04395605272389549,0.03189206732729091,0.009925677575061694,-0.0011494550354587934,1.0,0.6721497333588782,0.46690062687764844,0.3802956847460078,0.26508762813200043,-0.8807060899614471,-0.5635237558102019,-0.3679927419751311,-0.29757329823514,-0.1952219154056361,0.970482080550002,0.6558011734921811,0.46498513020875226,0.3896518714323614,0.28257105709076147,0.6486706879528089,0.38709795153710125,0.24911746306775387,0.1891505194155868,0.1276403340239159,-0.6485772990597796,-0.3870976951614373,-0.2491183973529338,-0.18914956956343684,-0.12764115550454228,0.6485882829227132,0.3870972612322624,0.249117070580874,0.1891499998147123,0.1276414213023661,-0.12819807460253638,-0.2419937602942997,-0.2645008903535329,-0.26665664952154583,-0.2442721724840498,-0.028120902523540072,-0.1630256240045519,-0.2348366539534797,-0.2536488350534605,-0.24053219338286908,0.007476499159228156,-0.002395698682042369,-0.017092526714379042,-0.01908358892189913,-0.013263151080467694,0.27160708052234894,0.22167570878841747,0.19940458670689964,0.1846754303059651,0.1585234992808611,-0.27160708052234894,-0.22167570878841747,-0.19940488284389027,-0.18467508635948268,-0.15852360080259778,0.27160708052234894,0.22167595091165196,0.1994045866475548,0.18467483951476435,0.15852338451202766
CNTP10,0.17365903174266573,0.18439914922707307,0.1766567984000544,0.1317326982653675,0.055077986410233884,0.08120783518719381,-0.013867975765807929,0.12112000696971931,0.1317935722311887,-0.17366594732470034,0.015478304897317295,-0.20592648412050493,-0.09219971083952261,-0.3775742574581728,-0.5534147802454116,-0.30675913376679154,-0.22714384260966117,-0.11785768304377409,-0.31161007273198515,-0.46129460208098555,-0.4738646787159318,-0.3972312239783946,-0.2666617769669117,0.07562117920819154,0.08318644486521706,0.027765566825680845,-0.01933775668471687,-0.044387062636865884,0.32157682011314004,0.4773595841179212,0.30882147997799586,0.1514735774164219,-0.030633369892962215,0.01819771532828631,0.03620287174584029,0.04845760536896027,0.03481698366164859,0.010969589346994463,0.023291602925211676,0.005872153318753424,0.2724321807532326,0.3884941324759997,0.3932265060647208,-0.16473111635058435,-0.3043109355478577,-0.34565028274823634,-0.31886916068053184,-0.2529782107431937,-0.3243017731115541,-0.4369607716663255,-0.3889025239391227,-0.3177883033208203,-0.19960452298106374,-0.28383286753544773,-0.4090382337225958,-0.4508599373930529,-0.40709816819974154,-0.3046246411543161,-0.32070094027229734,-0.44943664352505613,-0.4466135576601095,-0.3809651755376323,-0.25015901455456446,0.31845722112286196,0.42659017012862915,0.466245620797121,0.43628959440239184,0.371918669539829,0.30589978864195144,0.4536277795879466,0.4516926032722444,0.3995648310609819,0.3153055933051028,0.29033693231291074,0.4062071169987904,0.2592145427349511,0.1897789098586149,0.09586612048789447,-0.19695874578794775,-0.27170519584976527,-0.10120984413337332,-0.05943615974992593,0.0034753893845014625,0.30671762310301065,0.44675732674454727,0.24901440897882765,0.1732725906868832,0.058982035562416914,0.07284696076460705,0.05721647384351787,0.04779824154682753,0.05865015918516524,0.1034735059184346,0.10159490217951071,0.11426845416412534,0.052183730373471585,0.034958068591231226,0.006246078966568558,0.6721497333588782,1.0,0.6759464388850344,0.5528848354964788,0.38060347177171033,-0.559990420758785,-0.8159828517840385,-0.49968899260081895,-0.39671801215337876,-0.2502129895140373,0.6359459048629379,0.9568610690310825,0.6524296765345972,0.5450449962599541,0.3890703160887192,0.41334494567182173,0.5740850720594713,0.3417535910352158,0.26625945499258963,0.1698173290783781,-0.41326107200860357,-0.5740844251377061,-0.34175507024653656,-0.26625847344956627,-0.16981835760759284,0.4132687272637367,0.5740837604203217,0.34175329399778104,0.2662584919142054,0.1698189144901739,-0.035930725089124434,-0.08386463064630274,-0.185214830745048,-0.20659566788912054,-0.20462954840863495,-0.02457057923009885,-0.08643529908611364,-0.20833352751977902,-0.23530988477117165,-0.22346505231431862,-0.01166288101949026,-0.013557350012445993,-0.030031408258954815,-0.0266197300921201,-0.01872903988822833,0.07228800143058153,0.21708747787931038,0.17656900871443737,0.16513219767311413,0.13626776457251283,-0.07228800143058153,-0.21708747787931038,-0.17656915186937566,-0.16513163422397642,-0.13626780653003806,0.07228800143058153,0.21708747768101525,0.17656878958577227,0.165131429653375,0.13626750762419237
CNTP20,0.11676858963034785,0.16786364337854884,0.12308498276326553,0.11046159383132861,0.041994443855623835,0.07242550308280093,-0.016145994157251983,0.07810784039864437,0.08819775871030171,-0.11677257300215987,0.04172917359266486,-0.16637826517256082,-0.059326099688335944,-0.2399091154097135,-0.34602300583961804,-0.47913143039307865,-0.31955106456560384,-0.1466458510068206,-0.20153295363410814,-0.29010904301375845,-0.41678932333889945,-0.43867541066359805,-0.325111342136434,0.08454857701774024,0.0869146351124121,0.08816062808281555,0.04650772924844112,-0.0057289941750578435,0.20695889435618484,0.2967973243110898,0.4185166356942598,0.34500162644674015,0.056457763571246766,-0.0010854545902489353,0.02164515823492299,0.0648388158866299,0.06616925570201486,0.05773596773808626,0.01714642044194766,0.015533011176738087,0.006966174177829018,0.1413177467954357,0.3646678518119344,-0.07381298250310231,-0.15682934907812843,-0.2823638213071039,-0.3011779058784645,-0.24394180228118723,-0.23549752251307865,-0.3019798849664911,-0.4066985502352386,-0.369179812960537,-0.2351076197316675,-0.1748513738788486,-0.25253615831413917,-0.36483608226362024,-0.3963702571177353,-0.3276900882126845,-0.2166077369210201,-0.28985402048719794,-0.4039617377344974,-0.4118704793174062,-0.30061422071546007,0.2052380334958314,0.263842663497311,0.3656246329226562,0.3911877836346594,0.36131490574620306,0.19394025229340717,0.27962784176966,0.4211795579498032,0.41670005225890655,0.3282362196202529,0.2024636902268581,0.28745110829593923,0.3871174754227933,0.2831020494644453,0.1487672336944281,-0.11366013034254371,-0.13713343706642653,-0.1966258928818513,-0.09674057223435044,0.0023247901983734077,0.2020842387398205,0.2851498703376184,0.3919409654944934,0.275856558078087,0.09802179409617812,0.048178918974325274,0.05614825972750403,0.02447452770570206,0.0471312039905301,0.15619588208855514,0.05639764271916424,0.08133211929330265,0.10590163962819098,0.06823712731922779,0.031237992710174363,0.46690062687764844,0.6759464388850344,1.0,0.7987301733492312,0.5503095590730522,-0.36685621004377444,-0.4998541023949997,-0.7001032933099725,-0.5065323314344025,-0.30775197739567095,0.431810407188863,0.6219439559614007,0.931876249263468,0.7452598194396238,0.5320333533339184,0.26424872363815266,0.35166593837666665,0.5012065348263306,0.3611598035133403,0.2140238177077916,-0.26416914172311123,-0.35166502750086037,-0.5012078328084011,-0.3611587928340676,-0.2140245040843431,0.2641750128953548,0.35166442291733285,0.5012058148443348,0.3611589724601851,0.21402479013581702,-0.012678428397268269,-0.011085140317720996,-0.034502729135857,-0.09498662766788454,-0.1355572304173594,-0.04094605090078614,-0.08181673619861542,-0.1561140851227584,-0.2114418269512133,-0.19696355267151802,-0.024090609822108852,-0.041570366968817926,-0.06309561986488972,-0.06288786915153795,-0.03666436501837895,0.02808969485138031,0.037273595326501194,0.15634443782089322,0.13544935975516806,0.10423582829952954,-0.02808969485138031,-0.037273595326501194,-0.15634430074918979,-0.13544867554968146,-0.10423591631302447,0.02808969485138031,0.0372736681320686,0.1563442985839565,0.13544860144532675,0.10423564788193121
CNTP30,0.09065516953929464,0.1525988652922858,0.10158594914904763,0.09293099897375182,0.03122152744168983,0.07328401699456655,-0.009176438607229456,0.062385457641689956,0.07524235571259133,-0.09065751237583278,0.043175647441683576,-0.14425754694244636,-0.048462775057004435,-0.18144176585390315,-0.26104806535960917,-0.34989105348416977,-0.4312802432196915,-0.17607403997118262,-0.1479597891553502,-0.21864782248207093,-0.30833606707350664,-0.37351495641630683,-0.3517594689579677,0.09329927975047381,0.10123995406370845,0.1071372492110899,0.09092394782687192,0.041289482110381914,0.15393946414144927,0.22877591670391445,0.3092854475663083,0.36948330013509123,0.16034105592401451,-0.002170286376662243,0.013305218771425839,0.0572996706741423,0.06943242582538083,0.08377354224198101,0.011840591205386547,0.0076368488498265805,0.013925678401211464,0.01590920603418472,0.2523804646379948,-0.0400473766226404,-0.0990759869505333,-0.17657131031764578,-0.23738989127549756,-0.21827406436390162,-0.19237326275028085,-0.24954593083233872,-0.3238873809324944,-0.36716914382299154,-0.2638383108185595,-0.12063934412247199,-0.17921389984349476,-0.2576195421314171,-0.31450438939820163,-0.3138803902339944,-0.17039006191778175,-0.23059169078101613,-0.31139860472957076,-0.36149103042397973,-0.3205858500094344,0.15566191827148187,0.1990771610636401,0.2652168929257623,0.3088686871464362,0.3235779252656294,0.14844924499516904,0.21346165828601238,0.3061377923479877,0.3714712116673042,0.31828708566066655,0.16075092365224913,0.22706935130343042,0.3159098810181066,0.368407571495658,0.19147442155405625,-0.07979263801957562,-0.09238810939375441,-0.1106608835903709,-0.14053334458773764,-0.0020393964397751336,0.15536657543594895,0.21897083174794402,0.2931106431638756,0.3462356928789843,0.12776866493105316,0.04089356132505981,0.04829829886674694,0.05170551771995191,0.04590790687770782,0.1808110824999769,0.046592698402489044,0.05715281955452055,0.08677252363313216,0.09762456765836958,0.048836513172134687,0.3802956847460078,0.5528848354964788,0.7987301733492312,1.0,0.6888847622479464,-0.2936132154550099,-0.39616684846176214,-0.5121078642450361,-0.6156585359188953,-0.3477212301215797,0.3501614782590835,0.5035011745381263,0.7226431783073122,0.9128184713731315,0.6434137278555041,0.20746774832614734,0.2695712038998543,0.36264827414432654,0.45735768182247744,0.2491183812428628,-0.2073968018310888,-0.2695720657047719,-0.3626498492649963,-0.45735691009947016,-0.24911911735125677,0.2074030332661121,0.26957036405941875,0.3626478364702697,0.4573569670629569,0.24911913202347646,-0.007327656882131218,-0.0020812202160951977,0.004307564141476682,-0.006617846132136814,-0.07552143748004514,-0.03982970092774866,-0.08257387916234614,-0.14023645970835438,-0.17807978815110032,-0.18085840450489019,-0.018778076669990675,-0.04519268567604586,-0.08675179928897006,-0.0843316124359123,-0.04989619691786372,0.014358122861962365,0.012178585824648924,0.0257677363194368,0.11336488141465358,0.08276687671376308,-0.014358122861962365,-0.012178585824648924,-0.02576764651116325,-0.1133643820886182,-0.08276681273934051,0.014358122861962365,0.012178627519562134,0.025767483976567977,0.11336438182495633,0.0827667682039324
CNTP60,0.06523560917801953,0.11314285947603468,0.0738475074001187,0.06508780973337115,0.020928902117925276,0.058418203394568526,-0.0009425312318310336,0.047370605629881324,0.06047578975840317,-0.06523747813385668,0.029146482012611805,-0.10814388936422586,-0.03764172533577336,-0.10651164146186029,-0.147438447672251,-0.18958125270198609,-0.22574731541499177,-0.3167094190444417,-0.09215327835709651,-0.12871749230129687,-0.17699850451395632,-0.20421628784275894,-0.27985930011385457,0.07517168373759461,0.0827797024719245,0.08621379913364303,0.08467727496312605,0.11705242268001233,0.09261718210869913,0.1300009628005248,0.17466312746376622,0.20081658346787398,0.27117886269032193,0.00197897520736248,-0.006362881272656774,0.0031629390154308784,0.010103429292954677,0.09876559286008071,0.011665856039671784,0.01115210154401346,0.0061304737625547745,0.0157348230804771,0.02150667947160621,-0.014727173104865257,-0.04531089213116463,-0.0856870203836916,-0.09920090003221672,-0.12527476091828654,-0.13566508287984466,-0.17168831533832937,-0.21780130634672842,-0.23965586495477492,-0.28906412913289775,-0.07430879054686954,-0.1004492532310886,-0.14009749541527602,-0.15987007285443078,-0.2013277503901089,-0.11276002817462992,-0.1442861535369336,-0.18955157809704187,-0.21543826191965632,-0.28734252148269335,0.1022008368572439,0.12038174317191261,0.15885634643160199,0.17587208713819896,0.21209905247704128,0.09839789128855686,0.13447413173017675,0.1873940523275908,0.21231899292463025,0.26154553549920206,0.11420517369996071,0.1554638257149065,0.21145095572750133,0.2431798007585196,0.3130324746431343,-0.03296484720856802,-0.029840444739735447,-0.040967136652850664,-0.0396877704555831,-0.0024828032412774997,0.10065069389178787,0.13441388983488006,0.1829306087188043,0.20321689559170034,0.19660906141622844,0.02748920797803383,0.03991315424015204,0.033500843182416265,0.039140589088559545,0.17274366952253606,0.02734332417013369,0.03196062803945412,0.041105497237148333,0.0476403647357466,0.08084645599323911,0.26508762813200043,0.38060347177171033,0.5503095590730522,0.6888847622479464,1.0,-0.1989002268938709,-0.25818282759344086,-0.3228836362520559,-0.3636333510621721,-0.43392984142173724,0.24165543507134776,0.3413929794157141,0.48818540085152484,0.6056003657565664,0.8774680601023976,0.13533212535414924,0.16034217736850992,0.20527084881688154,0.24071274158289474,0.3627530841960256,-0.13527633874138695,-0.1603429548962303,-0.20527188149509737,-0.2407117130749105,-0.36275386197783516,0.13528131997076145,0.16034271637749178,0.20527064571371761,0.24071143527317623,0.3627536179056067,0.000435473330169933,0.011746392592311226,0.02843244821344209,0.03936919963552217,0.05649450519052306,-0.027414444180633574,-0.05687053767631869,-0.10602560051457081,-0.1328463802519459,-0.14151110689733204,-0.018042115627985047,-0.04101564349784524,-0.0794706588185436,-0.09687236811680103,-0.07008680879130093,0.0007427077694081403,-0.009054456857549053,-0.01693272670036874,-0.026646330533239167,0.03029706161829889,-0.0007427077694081403,0.009054456857549053,0.01693276388898303,0.026646536283831835,-0.030296938265481008,0.0007427077694081403,-0.00905443808920796,-0.01693289274667599,-0.026646464505466087,0.030297076057909402
CNTN5,-0.2352834830837482,-0.17258304285383091,-0.23634348410125994,-0.12026371944831894,-0.041004927822338284,-0.059998488839187784,0.03277848365086239,-0.17227352156102152,-0.18776615737233607,0.2352867041956929,0.0414788595521938,0.22565600113535977,0.1304841486152711,0.589158698673774,0.3565135420450853,0.20891011697913267,0.15322946850337532,0.09143057737643531,0.4764599528864046,0.5229884910563766,0.3860290035914093,0.3097883419273171,0.2009795653506781,-0.07316962618798367,-0.026645744550748317,0.013759845562813098,0.045737933196851106,0.05296267757705755,-0.5055961452164861,-0.3810130246042654,-0.12628102742271793,-0.04233442246488265,0.05475682014642112,-0.09843808604837828,-0.06524876776726818,-0.0335693967810086,-0.020768137647947302,0.013885603424826361,-0.0021787148599895206,-0.27365672695469717,-0.453019471360148,-0.43556241300362875,-0.3310089067891796,0.33478436243139054,0.3955216321458827,0.34084775703918274,0.3092619691639637,0.22999443721912877,0.41039600929660086,0.3789189190074607,0.28900239029263014,0.2312421829692882,0.1434910579320902,0.46334753705084836,0.5176566290012767,0.4217177479597348,0.35890319951892435,0.2379074529584339,0.45592704064030637,0.4797981341681165,0.368324282135552,0.29743942390978306,0.18439529767275098,-0.5192265692190028,-0.5560179301224429,-0.4732027310955521,-0.4227322093358342,-0.3419477213424562,-0.4599407143708568,-0.4722926724225567,-0.38445612679789987,-0.3366400773589001,-0.2585809316178953,-0.37283220642458764,-0.25149416043239015,-0.16500528416709193,-0.13079203959985944,-0.07057498600753724,0.3787731045058514,0.18236295879599657,0.04983424498031844,0.014715335214511257,-0.024284591100433472,-0.4640127770545019,-0.28520989596168816,-0.13661064407361842,-0.09857904713338254,-0.02635204519271213,-0.07835333180604784,-0.06191670217933001,-0.057873421721707285,-0.05377104768907724,-0.060260485947460654,-0.12807737595811597,-0.04550686544754937,-0.032376193230607184,-0.007741784302233463,0.005917828939874567,-0.8807060899614471,-0.559990420758785,-0.36685621004377444,-0.2936132154550099,-0.1989002268938709,1.0,0.6683225169584088,0.4509736715498138,0.37194251175395293,0.25594713704696886,-0.9581197374587869,-0.6357249160758758,-0.4408268030349029,-0.3711530494331003,-0.2695100470039781,-0.6486007400704081,-0.37376231793176057,-0.2343289606302523,-0.17932464339644263,-0.12289692056965039,0.6486933043875045,0.37376231067407845,0.2343298942447579,0.17932342590808978,0.12289783330289523,-0.6486914004214023,-0.37376283983861613,-0.23432862750222702,-0.17932333610029147,-0.12289847231033352,0.18757837459186494,0.29572705060084986,0.3021547939413786,0.29616906318530895,0.2556379490988789,-0.03740898393139025,0.11542061860578745,0.2075092918525986,0.2368685358524119,0.2289992037167374,-0.05720556948661468,-0.02173885909691496,0.002292631256258241,0.013173166570777533,0.008185172217247086,-0.32499045906051083,-0.2513261474913427,-0.21716039339283705,-0.1975987005805762,-0.16209520780686235,0.32499045906051083,0.2513261474913427,0.21716069646759095,0.19759834752856947,0.16209530753151832,-0.32499045906051083,-0.2513262885504395,-0.21716039333220713,-0.19759810214802634,-0.16209509231873703
CNTN10,-0.1697526218647713,-0.1779719025774407,-0.16992024409199677,-0.11720596335654082,-0.03679519382548572,-0.07357522491221778,0.022947024059117485,-0.12112475488046076,-0.1314275971962078,0.16975846004808318,-0.0057520017021349045,0.1921173700351249,0.0925776953054578,0.3779415118480236,0.5545971681819,0.3068740909369594,0.2267889544446307,0.1258843949632059,0.3122820928082431,0.4602396107861169,0.47132570106729726,0.3942016416813424,0.26847324093878155,-0.08489030273494942,-0.0799275379529685,-0.036238368679768755,0.016720449429793827,0.04985964628860625,-0.3247654847998743,-0.4767406207470273,-0.3104098172756899,-0.14979673427590873,0.03174447672756493,-0.06752149522076421,-0.08627481584150509,-0.08427056864875739,-0.05358700532580126,0.0021526869603239237,-0.024713350368790958,-0.015275636466454317,-0.2820157617185907,-0.4000969624217325,-0.3955370472144741,0.17479227584290696,0.32186574427784,0.35836809784230345,0.3300765088585905,0.2586088599276702,0.3031092728623326,0.3939481404940505,0.349588404743377,0.2802720807302585,0.17225655820102187,0.2983765135537048,0.42341411042415067,0.45763967639273445,0.41361065535749053,0.31831721277325475,0.3082553769256583,0.43195023515335823,0.4346339032330196,0.36820446107590277,0.24061516060233137,-0.3503513191459067,-0.45949069866565384,-0.48189875964176143,-0.4440060950563676,-0.3788362238868131,-0.29398214793082206,-0.43677865228989987,-0.428455541445912,-0.37476608988202875,-0.29554531744823753,-0.22303466890545737,-0.2987484244493488,-0.21915022645146814,-0.17428497369470344,-0.1039334713716575,0.2545040573972772,0.36478173885165666,0.12063321608758909,0.05048149603611827,-0.04159084766026641,-0.2912337796032764,-0.4154440312078066,-0.2283197190688386,-0.1594798814894184,-0.04762040277940181,-0.07112636610640553,-0.05635955905256462,-0.04765645231459746,-0.05472665267293561,-0.0774455326957835,-0.09781884755365879,-0.11114826098474814,-0.04981226745017925,-0.02361336592299927,0.012287132480732026,-0.5635237558102019,-0.8159828517840385,-0.4998541023949997,-0.39616684846176214,-0.25818282759344086,0.6683225169584088,1.0,0.6609782876572241,0.5409906684642114,0.3669411024640423,-0.6242347065588835,-0.9329864680522326,-0.6163685455140334,-0.5143864031976847,-0.3660321346628125,-0.41589406928193945,-0.5679151037341439,-0.32417708686356295,-0.25183668369631623,-0.16871551651954383,0.4159831541587859,0.5679139332839401,0.3241788431555151,0.25183530352351247,0.16871659226067506,-0.41598031543312286,-0.5679144857233118,-0.324176717817036,-0.2518349856093552,-0.1687170056966484,0.09259363861977611,0.18635314854302407,0.28084371126600594,0.28756838269830387,0.2549674400283536,-0.06751431192761455,-0.014086137445616528,0.14707116043657373,0.20047050530662125,0.21424278746102912,-0.028662440749043765,-0.018157306308692344,0.01292856447428418,0.025455454989217415,0.01419181162115037,-0.14003553849631484,-0.3041083097802572,-0.22640578007082127,-0.20582260508211236,-0.1587256027496916,0.14003553849631484,0.3041083097802572,0.22640602471827664,0.20582203353550801,0.15872566119121542,-0.14003553849631484,-0.30410828789810657,-0.2264055651670031,-0.2058218249293894,-0.15872534282897857
CNTN20,-0.11136410843680952,-0.1829557965418604,-0.11335309668690473,-0.10529670394927358,-0.025158076145449487,-0.07089376203305812,0.029616467203323817,-0.07333268907522336,-0.08358619735592829,0.11136749029528083,-0.048019310081078535,0.16234503182112953,0.055684948547408734,0.23598499127853842,0.3508279694440494,0.49773337351132424,0.33350121461217413,0.16971863115662933,0.19774162645449117,0.28397548573434067,0.4160086359658296,0.44042428501920994,0.33780724980873944,-0.11918500865533087,-0.12003898605998536,-0.11331602119918276,-0.06648314820218702,0.001894267888936741,-0.20559912886645834,-0.293894200873507,-0.4264757964419889,-0.3525354467274231,-0.060287033164577605,-0.04673489930950355,-0.0755069762972142,-0.11260490748440705,-0.10898159964961304,-0.05152811523065458,-0.020368587697501953,-0.02597497372243494,-0.014615332919702255,-0.15146570112932187,-0.37401502355022304,0.06206180510272858,0.1490939604416633,0.28854488793520056,0.3088126343589187,0.2545101837515674,0.22495621514873343,0.2728597304271914,0.3620927387850431,0.3267178351356855,0.2040995933102064,0.17770813088670784,0.251162480203502,0.3688549402303494,0.4026474203598603,0.3513725619690367,0.20873785910137682,0.27754777674583914,0.3969985720327183,0.4099675937849223,0.29970195805051,-0.23003077107269984,-0.29043407519862235,-0.38991010650255986,-0.4083259542674631,-0.378447386177198,-0.17515759124437555,-0.2551121875534367,-0.39155305505608,-0.3868545304784758,-0.30532718483888166,-0.13740010092479027,-0.1617334671084077,-0.2363484178879052,-0.21306696202831057,-0.1477541276013671,0.16591819889711923,0.24479271429520563,0.3296301834171576,0.14328612699917756,-0.054598502820277846,-0.18573075357885163,-0.2505918116710238,-0.360214456033026,-0.2660930041543109,-0.08925065489266941,-0.045494156109198575,-0.05090432136126139,-0.004865486449676686,-0.01455822823596907,-0.08755394498065798,-0.049637017639542515,-0.06975150860736717,-0.09001109851357696,-0.04348059180047043,0.018089870021539778,-0.3679927419751311,-0.49968899260081895,-0.7001032933099725,-0.5121078642450361,-0.3228836362520559,0.4509736715498138,0.6609782876572241,1.0,0.7884243758636102,0.5338484657822594,-0.414426247127828,-0.5917344512849989,-0.883255062574969,-0.6915960404009504,-0.4893992143054548,-0.2619312029224476,-0.34876061438738165,-0.48583906801500415,-0.3378792797025645,-0.21402818826368447,0.2619981479074126,0.3487589558828449,0.4858407962470812,0.3378779416233093,0.21402853448842904,-0.2619946702291141,-0.34876002976750187,-0.4858387992865977,-0.33787761404259975,-0.21402913864057796,0.05722452514690419,0.10312279335288735,0.20426639903324045,0.2634726771819796,0.25623046041927033,-0.0411009109080224,-0.04208498495218601,0.012081153978845901,0.11418007476992824,0.17591308759225696,-0.0016548867863661677,0.027669690937932562,0.04956184442949626,0.06628117349536111,0.042693664892875995,-0.07723992547168404,-0.1350744246525962,-0.29408973159139046,-0.2294264415696928,-0.15347537887739288,0.07723992547168404,0.1350744246525962,0.29408971881077434,0.22942588088689442,0.153475498835868,-0.07723992547168404,-0.13507442458517693,-0.2940895864523639,-0.229425809038363,-0.15347517654364518
CNTN30,-0.08546966028447853,-0.17892910819971017,-0.0912780787044399,-0.09320671429770305,-0.015873646166996734,-0.07648344415776955,0.0244764741296123,-0.05664986720109475,-0.0688325961883556,0.0854715117098534,-0.05641402613841029,0.14661694637472783,0.044426438318444623,0.1801991788942833,0.26405976504852857,0.36695077912265117,0.45428789235921135,0.2035761083618248,0.1447278459148606,0.21376262228757004,0.30185381405509093,0.3712660683183219,0.3662256062209755,-0.14044802785438798,-0.14913529270927664,-0.15108086239336907,-0.11888666518757444,-0.056059913659271814,-0.1537759742225068,-0.22674281282839598,-0.30797022902704474,-0.37449698350020344,-0.17100907579589436,-0.038032918943319484,-0.05974539129999567,-0.1027169638318204,-0.11301495436041767,-0.09476076733523377,-0.013231185157639654,-0.017874193418086066,-0.03182549768388595,-0.028686353408209905,-0.2590691166407856,0.020012770584021962,0.0811082576253496,0.16338912121106275,0.23803837989676133,0.22842380838797086,0.1916235324374122,0.23087052913852865,0.2858632768164983,0.32058778185745057,0.22946758550030472,0.11844180470670251,0.17460716303572862,0.2529885841107735,0.3150142711660176,0.33518343466833994,0.1681251281580167,0.22329571055876815,0.3047189039386473,0.3592769321119642,0.32842285884425876,-0.17832524894324345,-0.2238648065057298,-0.28457067479151366,-0.3306417886062118,-0.3472680500640568,-0.13240262479828346,-0.18972950077720901,-0.26806505590363366,-0.33602659322126344,-0.2932860676917512,-0.10053279931834223,-0.10811114064941318,-0.13552019323826256,-0.1827088911954501,-0.15260245487228152,0.12933520087240152,0.19135487238084653,0.262165718527218,0.2934592168958058,-0.03317514051895003,-0.1406141306986466,-0.18533056002125006,-0.25119010864333013,-0.3221718810230692,-0.12206914458539019,-0.038589095100011586,-0.03857813755641444,-0.02131091089650781,0.010493158868463628,-0.07629791256247592,-0.044331152729679545,-0.04658085570973202,-0.06252134443722912,-0.059593861321375396,0.01955925542495121,-0.29757329823514,-0.39671801215337876,-0.5065323314344025,-0.6156585359188953,-0.3636333510621721,0.37194251175395293,0.5409906684642114,0.7884243758636102,1.0,0.6689239557402884,-0.33929026980511423,-0.4771522750803593,-0.6667789478818509,-0.8462376007549239,-0.5770776153764567,-0.2059980691130208,-0.26545604019055435,-0.3459411989843525,-0.43464868791002054,-0.2421687385048917,0.20599465007594378,0.26545489218592994,0.3459428405825114,0.4346477349559474,0.24216910593006166,-0.2059961578358912,-0.2654544668215479,-0.3459415955097164,-0.4346475179522708,-0.2421693057003185,0.042813652242973746,0.08015292791732823,0.1492757653955585,0.21348763639282997,0.2512470067668302,-0.027804870045237247,-0.024639609703811013,-0.01872494319732853,0.02447661912969317,0.13532717358975338,0.0074874961696076965,0.0437388151707961,0.08445324293604752,0.09104032656336955,0.0664202731402834,-0.05446714418218522,-0.09476975175077437,-0.18038124652608978,-0.28195429705361985,-0.15427856809373905,0.05446714418218522,0.09476975175077437,0.18038120232843377,0.2819538328780763,0.15427869280378784,-0.05446714418218522,-0.09476975178985456,-0.18038098260189392,-0.28195383246991057,-0.15427839385593686
CNTN60,-0.06201212554770163,-0.17672199193145205,-0.06363539816373585,-0.08407534080207522,-0.005840990221278961,-0.08025029143294891,0.01908183091567788,-0.04325834448909733,-0.050704484680518074,0.0620134408952788,-0.06836249181081831,0.133596119397372,0.03670125899037977,0.10792362948298147,0.150955373405635,0.19419575652827048,0.2267547668404084,0.3575573567990656,0.0913459578079556,0.1256548670891793,0.1653301715662807,0.18680094508102998,0.27469916272292866,-0.1604090299357115,-0.17564177673878822,-0.17759816167821485,-0.16283615284450478,-0.1647708260952095,-0.0936842084684239,-0.12860261612920662,-0.1629347818937101,-0.17929582396394944,-0.2644387030319295,-0.042795014035302927,-0.046048196950020326,-0.05789064630563328,-0.058489436389871655,-0.10660753926067962,-0.014980082994347128,-0.02390471242665087,-0.03462505969006104,-0.050450472767119295,-0.02922693067440764,-0.02605248513868564,0.0041123418781494414,0.041228773188444784,0.05679978006289044,0.10520221663138506,0.16719365431014438,0.18360463140371233,0.20461222835668907,0.21283172404657857,0.2537773817658941,0.06252036798304228,0.08694857032973644,0.12017515947126907,0.1358747982964104,0.19820142819146488,0.1223731532664675,0.14862984888534947,0.1925297461094586,0.21597235800316855,0.2919326560957646,-0.12146404870975701,-0.14271391617544266,-0.17256766058490078,-0.18839870101953193,-0.24441667912976212,-0.08979860191009313,-0.11428062306706867,-0.14551289443833004,-0.15933205247743748,-0.21477489316904902,-0.06271497319483563,-0.05548329669946477,-0.05211004048099824,-0.037983882109337244,-0.0403212757938522,0.07586149969300332,0.10825421190124743,0.15697187335762897,0.1842280792714498,0.19302629351838363,-0.08745976857612218,-0.10478326246201247,-0.13638961193653468,-0.15852180141144573,-0.19786529281655302,-0.02734977912833283,-0.02903099034093636,-0.003909025547797036,0.01863115543327701,0.0004045246782330648,-0.03304037206644646,-0.027678936595905583,-0.02032965303082688,-0.008554582429565725,0.014295702233379254,-0.1952219154056361,-0.2502129895140373,-0.30775197739567095,-0.3477212301215797,-0.43392984142173724,0.25594713704696886,0.3669411024640423,0.5338484657822594,0.6689239557402884,1.0,-0.22864901775548382,-0.3125828084928948,-0.4292496613109991,-0.5232323005428501,-0.7589809312065149,-0.13470582904645925,-0.1556565708504972,-0.18210784612602476,-0.20499888370438896,-0.3318786721127402,0.13471387979648114,0.15565646872847147,0.18210896488908357,0.20499798167282998,0.33187905649032096,-0.13471399316604823,-0.15565634814085647,-0.18210862784881618,-0.20499769400334178,-0.33187907269107786,0.03342087275341896,0.06019305286847278,0.10633879349842464,0.1431314681009825,0.21982289559911003,-0.011929643920085246,-0.007651534573425775,0.0009536304267857294,0.004673694562979311,0.016894487572437326,0.02142504048616612,0.055297731840693594,0.10105850856167993,0.12297624516601793,0.11532457425302738,-0.03438201123075744,-0.06083205914355967,-0.11034950475053536,-0.14412145710690974,-0.2444278642802767,0.03438201123075744,0.06083205914355967,0.11034937204802621,0.14412148113975343,0.2444278966083218,-0.03438201123075744,-0.06083206456351611,-0.11034942531418154,-0.14412151299403148,-0.24442785183306326
CNTD5,0.2475714083734362,0.18912083057180243,0.2490208790744309,0.13597965561126674,0.053509483894416385,0.06944959518396067,-0.028255459972808452,0.17976337281879545,0.19403320486239076,-0.24757407342152307,-0.03285193116314338,-0.24552344455366223,-0.13754430200253312,-0.600751662406403,-0.3651332047784837,-0.21679859382570763,-0.15828093908716964,-0.09326562268614473,-0.49342805697777176,-0.5423061948887216,-0.40058912805789026,-0.3206465730416881,-0.20805610434140337,0.08446090234857992,0.03596184567454309,-0.012303623536170857,-0.0414676404439029,-0.04851052000408554,0.5192243259236838,0.39507758581061625,0.1320898827313786,0.046141104065681865,-0.05550080618387361,0.0768235431052824,0.0507342007664262,0.0243038718685074,0.019194129203719316,-0.008923242568506228,0.001323789885779819,0.2769560733247269,0.4604561336466871,0.44481128056774943,0.3409412804192698,-0.3307259618213378,-0.3960139836265529,-0.34315131475237454,-0.31086478987974664,-0.2336246207599808,-0.4439555007671837,-0.4135041234256902,-0.31830776596580945,-0.25811445571617525,-0.1644662723281238,-0.4666358863267257,-0.5265002900404103,-0.43057450010442333,-0.3647018095451686,-0.2405600177873804,-0.4836987331743414,-0.5074080911790857,-0.3902106753468284,-0.3170160803939222,-0.19638025026495481,0.5165032858870549,0.561059388376272,0.48371076747196035,0.4342983861783888,0.3514730045366373,0.4806127705353351,0.49523247824764505,0.4067245122198729,0.35690321071631054,0.2759407557209085,0.41999598181907216,0.2814790390241021,0.1731814186068757,0.1324990701475055,0.06704417854122131,-0.3571858534282385,-0.16706485438732627,-0.051668568183320926,-0.0210505496693448,0.013870096493040053,0.4888506906081019,0.30142564438688124,0.14479485717104146,0.10232579241039111,0.02914214489736084,0.08086611402150058,0.06266289792830151,0.05345425090119044,0.0507933258853565,0.06454691631971574,0.12946023332165635,0.0440311135818208,0.033034980734895115,0.009028788920883917,-0.0033960147958145568,0.970482080550002,0.6359459048629379,0.431810407188863,0.3501614782590835,0.24165543507134776,-0.9581197374587869,-0.6242347065588835,-0.414426247127828,-0.33929026980511423,-0.22864901775548382,1.0,0.6659106330940765,0.46639909905624893,0.39230186682241813,0.2846975599903151,0.6693339729630516,0.39368453426250716,0.25071638497011456,0.19126424506512557,0.13003429820340195,-0.6693762080268303,-0.39368423671129205,-0.25071738437620084,-0.1912631360941348,-0.13003517054162375,0.6693780325781243,0.39368418235364944,0.25071607519785816,0.19126339856153363,0.1300355662646034,-0.15977785852453855,-0.2740303054484494,-0.28982657771966613,-0.2884950342492464,-0.256849359798785,-0.0006590615229002479,-0.14757129330915608,-0.23074770370845393,-0.25451980862804097,-0.24301102400745714,0.031102287914914484,0.008631423936227997,-0.011554257524269966,-0.01726619867185589,-0.012157500733538957,0.30312366220727344,0.24234533140695327,0.21428188275129945,0.1967505156823014,0.16489012565235356,-0.30312366220727344,-0.24234533140695327,-0.21428219070628665,-0.19675015667000031,-0.1648902273934305,0.30312366220727344,0.24234553161794495,0.21428188269346443,0.19674990740056456,0.1648900015744125
CNTD10,0.18296991804017873,0.1899903542898907,0.18463238557473022,0.1319639734576124,0.050464454661953796,0.08303291313753797,-0.0169418295816104,0.12972930748677716,0.14057852786040648,-0.18297652352366944,0.010061633494139756,-0.21131933121548332,-0.09933994058793713,-0.38963826042907146,-0.5701207737944831,-0.31660202008105176,-0.2338375247234362,-0.1265134836858057,-0.3325382215765062,-0.4884527009167663,-0.498760144282334,-0.41524665067960814,-0.2793307851690987,0.08226934707782489,0.08459980248112467,0.03291500953328594,-0.017472895833755504,-0.04535323610711831,0.34129251917941306,0.5043508056373205,0.3245951980726196,0.15737094090494128,-0.0318991331572786,0.041415363315006955,0.060170679513088396,0.06452967229101057,0.044733725915682546,0.004566669230253001,0.02488162570508393,0.008229039078267752,0.29069054270750583,0.4141943300250151,0.4134488078963026,-0.18099414401866604,-0.33259391468091687,-0.368599849616867,-0.33842505133225986,-0.2656935015357211,-0.33343884234984383,-0.44206796522112657,-0.3927546056464498,-0.31878573013329103,-0.2002648825313305,-0.3090744524012008,-0.44018005097145346,-0.47682215978743525,-0.42780632802279833,-0.32170625860807617,-0.33558414098505385,-0.4680698139598847,-0.46698791010600044,-0.39810776925487495,-0.2604354938334134,0.3522736700390771,0.4664102840991232,0.49942169848190526,0.463226444719974,0.3933266246752003,0.3189709793286453,0.47307952498348005,0.46503225819640553,0.40896312926977907,0.32281018846246157,0.27698053809720524,0.37539543716439217,0.2497646108058645,0.1894496313877723,0.10334529572998244,-0.23026024637987114,-0.32342655356451977,-0.11299341679560407,-0.05731096685101083,0.021202603307771038,0.3166215821715884,0.4528231613244354,0.2477457274562165,0.17155631430457005,0.054109642780623454,0.07497218548768136,0.05898004563855879,0.04868001814262379,0.05869017110097886,0.09483877971932592,0.10203077911656011,0.11484303312210847,0.05077558378233898,0.029684856983235572,-0.0029560036903469402,0.6558011734921811,0.9568610690310825,0.6219439559614007,0.5035011745381263,0.3413929794157141,-0.6357249160758758,-0.9329864680522326,-0.5917344512849989,-0.4771522750803593,-0.3125828084928948,0.6659106330940765,1.0,0.668532982897332,0.5569592574928816,0.3970223375156048,0.43712453516347693,0.605105585148398,0.3520176298434376,0.27370912659179547,0.17932763896680332,-0.43715493416900186,-0.6051046666352207,-0.35201938987818016,-0.2737079104937086,-0.1793286900307501,0.4371557097719808,0.6051045098145462,0.35201740943470056,0.2737078055315027,0.17932922593581252,-0.063258606710135,-0.13256833471757404,-0.23583312651694446,-0.2518777706739156,-0.2357514922576226,0.013848650675185249,-0.046635165691122124,-0.19116630083550235,-0.23083911579053856,-0.22915747962233032,0.007419143879317041,0.002330307188998304,-0.02315909153112389,-0.027402067307038844,-0.019078492566518463,0.10452450929983927,0.2645957716459496,0.20689615657870047,0.19028583865290494,0.151685545790957,-0.10452450929983927,-0.2645957716459496,-0.20689635312980015,-0.19028526577306518,-0.15168558825065204,0.10452450929983927,0.264595757987413,0.20689593467453754,0.19028505603527185,0.1516852811145903
CNTD20,0.12578189956852573,0.18629622779329025,0.13100301401173386,0.11537063424869848,0.037070660134529705,0.07894308424080154,-0.020361609446572962,0.0850138979798717,0.09683693278545345,-0.12578653026615438,0.04491293699423666,-0.17924957690319987,-0.06460489362827468,-0.2599384026660486,-0.3691203305988498,-0.5142727211660677,-0.3475095992876704,-0.17280988384002965,-0.22281908191682537,-0.3194594922073664,-0.4608027480350158,-0.48441565851113993,-0.3619305534441498,0.10156711503065549,0.10288069700634296,0.10035028358703763,0.055496515361770915,-0.00417972048762556,0.22870511115493364,0.3271286161584962,0.4645465507273646,0.3824559093777699,0.06889915702064058,0.019006406714670392,0.04368752720451107,0.08647083500518554,0.08432736231958751,0.055729520578661026,0.018748217046226135,0.017055704066772582,0.006948786114678474,0.15599106789345996,0.40251642257012965,-0.08035701020975149,-0.17434975230095917,-0.3179694290365868,-0.334775113980593,-0.2701772246689695,-0.25302872015516314,-0.3191727285195575,-0.4263954340030117,-0.3871830443560506,-0.2480695579874455,-0.19712697737197207,-0.28056250550327116,-0.405731398179746,-0.4384853033193094,-0.36564570105418503,-0.23583841976178002,-0.3153927819862989,-0.44206739088864877,-0.45306439186248804,-0.3338382131642695,0.23829959311275603,0.3036581672369171,0.4140322044737671,0.4378431477667276,0.40250966900584506,0.20705351097177985,0.29942695897568106,0.4524704510771338,0.4459544948372448,0.3515716537083807,0.1936165283410582,0.2547345392323713,0.34598735692809524,0.27080038856378963,0.15911902688311413,-0.14944374713363395,-0.19646948451209717,-0.265025023847521,-0.12006674047243406,0.026200647712964178,0.2154418495230836,0.2942155875757377,0.4042551639049471,0.28780377543078856,0.09706357721236909,0.051036889492221585,0.05860444421433457,0.020628926360630025,0.038523078099137784,0.13816770757787833,0.05820093212860635,0.08151171802246536,0.10505633195487486,0.0615736172626357,0.011154593972979174,0.46498513020875226,0.6524296765345972,0.931876249263468,0.7226431783073122,0.48818540085152484,-0.4408268030349029,-0.6163685455140334,-0.883255062574969,-0.6667789478818509,-0.4292496613109991,0.46639909905624893,0.668532982897332,1.0,0.7893549867204105,0.5586595900759641,0.29026565612137295,0.38634373396513244,0.5465333023877552,0.38807789519204183,0.23890084949123525,-0.29022630467573446,-0.38634222179188776,-0.54653482828506,-0.3880767188691641,-0.23890154514323597,0.2902302803688916,0.3863423770337649,0.5465327409503693,0.38807664908862854,0.23890203885772215,-0.03438915207873702,-0.053486694039753174,-0.11098336168553023,-0.17446807200871814,-0.19521289301790148,-0.009571987612645773,-0.03505381605818583,-0.10417024050703547,-0.18352073782968537,-0.20003183684996964,-0.013538803647297985,-0.037535116441041134,-0.05832686490429155,-0.06664946992207207,-0.044074803172837095,0.05216943839779389,0.08278117005628804,0.22659156619974674,0.18378897199689168,0.13036117133970088,-0.05216943839779389,-0.08278117005628804,-0.2265914801786082,-0.18378831847999977,-0.1303612756329157,0.05216943839779389,0.08278120704596087,0.22659141599392166,0.18378823952399242,0.13036096962529894
CNTD30,0.09956544765325148,0.1791076529276066,0.10975834000096832,0.10214401641122049,0.02743623400815485,0.08282601493198723,-0.015451367783793154,0.06809144441295904,0.08307617310773997,-0.09956859892640717,0.051598499176442804,-0.16129946659643685,-0.052889177195434574,-0.20478845282943395,-0.2888028074515436,-0.3813715816551896,-0.4746770691297868,-0.21062759097882094,-0.17003360645266727,-0.2502887899828801,-0.35077124360624057,-0.4256094968942022,-0.40382335829187943,0.11922541599971498,0.12647807362271762,0.1290711568921929,0.1055685453422893,0.048674918302711756,0.17711247093064347,0.26131232469887367,0.35108487550876244,0.4217215120816805,0.19316576232339838,0.015996099738748704,0.035478278217931494,0.07984446296529923,0.08929925860636445,0.0886382109671689,0.011613310172397742,0.009624267698932574,0.019901216193230493,0.018373445948293307,0.284860163686792,-0.042180482743419116,-0.11229854806572412,-0.201492072874844,-0.27423062632052475,-0.2506912774385485,-0.2160013069067487,-0.27306001002990987,-0.34811287484511494,-0.394246770766287,-0.2854735944139569,-0.14104359208743908,-0.20701245065094137,-0.29500734068135304,-0.36028344531414563,-0.36163557834060023,-0.1934237950641703,-0.26030891919066607,-0.35148767380463974,-0.4097489020941049,-0.3675472543828301,0.19005569992074134,0.24075385002756092,0.3124067822538606,0.3615773187924434,0.3744339587348056,0.16369774677683147,0.2352487202954431,0.3331405526488344,0.4076419357850346,0.3504317102322221,0.1540084479039556,0.19909995559417662,0.2690937505952016,0.3198134296357146,0.19349371068469787,-0.11600626248562429,-0.14987910689672723,-0.18447015252437235,-0.21492225343755061,0.015186185989391952,0.17052543032214196,0.23092093043714546,0.30532735819244594,0.3675622788594571,0.13248294188618245,0.04368517199429878,0.04950748816401775,0.047282738922426314,0.030115537026432132,0.15567906647728674,0.050389347789831014,0.0589125248111559,0.08482647212861807,0.08974268663092383,0.02250182484805352,0.3896518714323614,0.5450449962599541,0.7452598194396238,0.9128184713731315,0.6056003657565664,-0.3711530494331003,-0.5143864031976847,-0.6915960404009504,-0.8462376007549239,-0.5232323005428501,0.39230186682241813,0.5569592574928816,0.7893549867204105,1.0,0.6892506264335805,0.2357970271999321,0.30404471639010516,0.40290245705384176,0.5089200899490693,0.282257563813264,-0.235738494140835,-0.30404442215646726,-0.4029042722605536,-0.5089191867774764,-0.2822582763596561,0.23574410090686634,0.30404336773391416,0.4029024048166015,0.5089190180026314,0.2822583648947587,-0.026355731766966674,-0.04115610604024377,-0.06442894271175739,-0.09639405348008413,-0.155418218054205,-0.01413947496102808,-0.0448883933458921,-0.08573533194702997,-0.12654770147171293,-0.1760883490580812,-0.014937503884577144,-0.04932424674228682,-0.09404360328650885,-0.09458672897131684,-0.0661515849103751,0.03628158735425866,0.05231317135693323,0.09202740200104925,0.19390726985442702,0.11586864175313585,-0.03628158735425866,-0.05231317135693323,-0.09202732940318241,-0.19390674942487557,-0.11586873054898465,0.03628158735425866,0.05231319355859135,0.09202712157793645,0.19390674910839256,0.11586849013660551
CNTD60,0.07658335931669909,0.16141437635567896,0.08337996854290414,0.08379999364428875,0.01627646443246386,0.0792610744867719,-0.008313551106778748,0.05592950990957563,0.06894124043356425,-0.07658489757849142,0.05006981155607177,-0.14003569076652148,-0.045306255825290805,-0.1308938515814116,-0.17840586449523574,-0.22470124970743224,-0.26081699115618134,-0.3851525516886715,-0.11426520427309222,-0.15853084105253143,-0.2139466058141494,-0.2463833380713037,-0.3446279192609701,0.12578748229815312,0.13742171184265217,0.14183058656709846,0.13509238974095666,0.15567277709955124,0.11550423085581994,0.1598310007856247,0.21020081029639198,0.23947009883090062,0.33921973216562473,0.020416598671926647,0.018586034774415176,0.031248845106183837,0.03626923809083637,0.10934937945850964,0.014078344369151586,0.017762129709533475,0.017685163914525837,0.02951772147606075,0.019690811666186178,-0.0038484665318341397,-0.0416394454999722,-0.08910094117934286,-0.10780318680213853,-0.14968758141945332,-0.17755940471019063,-0.21262127358543514,-0.2575253288135738,-0.27923584677894575,-0.33748785698420175,-0.08835699182232401,-0.1201367347835304,-0.16522446030187538,-0.1884509104523303,-0.24747202409612812,-0.1419102540586578,-0.1789894186001822,-0.23438236367313978,-0.2667155160341908,-0.35596948474875373,0.1347296683581456,0.15846872905916778,0.2011122341175072,0.22209560211649737,0.27428529807279917,0.11713571303885359,0.15607153204478474,0.2101909669622706,0.23623923761833693,0.30042487101891263,0.1118323321180153,0.13591999952324027,0.17629356562258863,0.19550931258291107,0.23925588456306257,-0.0648004252424664,-0.07875534753418843,-0.10299282076305363,-0.10984052639903166,-0.08066727448968147,0.11637206992150347,0.1485116242966786,0.19604486448509129,0.22100530618527361,0.2250451198923522,0.030450844745495927,0.03913863242808056,0.026085760642204702,0.023381873041478773,0.13097955876954542,0.033686448694288114,0.03519916204208422,0.03918267811492522,0.03792190092716033,0.05196397944077614,0.28257105709076147,0.3890703160887192,0.5320333533339184,0.6434137278555041,0.8774680601023976,-0.2695100470039781,-0.3660321346628125,-0.4893992143054548,-0.5770776153764567,-0.7589809312065149,0.2846975599903151,0.3970223375156048,0.5586595900759641,0.6892506264335805,1.0,0.164163409570681,0.19349425042082816,0.240088719177437,0.27832672960220833,0.4339576919801162,-0.16412019699029226,-0.19349486110592326,-0.2400901442311703,-0.2783254100176501,-0.43395857348195127,0.1641249719592377,0.19349465370145247,0.2400889346523863,0.2783251511644742,0.4339584097325887,-0.01788916153706685,-0.02314469473015062,-0.03192465336052912,-0.04012365319601545,-0.05590248300046984,-0.01156121963579203,-0.035187804489723806,-0.07326152057232507,-0.09500093945891586,-0.1078063250884149,-0.01915326956701171,-0.05057074522672737,-0.10079563435196698,-0.12660534991783612,-0.10924531327481891,0.0190855585512827,0.02287391673849459,0.038409523077853586,0.04390399947339708,0.12250830331591082,-0.0190855585512827,-0.02287391673849459,-0.03840939526819136,-0.04390383229114098,-0.12250829592613338,0.0190855585512827,0.022873928082467666,0.03840938005946316,0.04390389029718453,0.12250829849231164
SUMP5,0.2988409105553528,0.2685357283429155,0.2934656902939724,0.16641187359322993,0.0509787930736033,0.09763927956983005,-0.0414292524900084,0.21378999928056377,0.21420807958369265,-0.2988423519122952,-0.016107066925877708,-0.31454700079472214,-0.1702812238706958,-0.8866879925489055,-0.5338736729062064,-0.32563105848400264,-0.2342848223556632,-0.1445585751763461,-0.675448061094884,-0.7841926589326483,-0.5888231295305544,-0.47101640507723674,-0.3089284132961732,0.1356628739513454,0.061164843158592296,-0.010428704740668045,-0.049815777433985714,-0.0809382221886698,0.738473612801278,0.5881840055395239,0.21392850252586768,0.07858065564745878,-0.06393237272718875,0.0856755164266703,0.09265879048110916,0.057759850356707346,0.031572617787077345,-0.028686274384482912,-0.03814122841140922,0.35466160909096184,0.636210245476598,0.627663017302858,0.49117111360048316,-0.4510652387612949,-0.5615447855310624,-0.4963486764565948,-0.4431191430387907,-0.34982038004839106,-0.6269863271303063,-0.5810538778110329,-0.4496692459329819,-0.3711311373159606,-0.2459671538884874,-0.6066680602677414,-0.746573075748923,-0.6321610526059637,-0.5363359399295353,-0.35994485120843883,-0.6545357045210309,-0.7266593988316914,-0.5607530875355949,-0.4634658665879614,-0.2956688974401618,0.5963333293375589,0.738558128471147,0.6654698046056173,0.60777303654666,0.5057677274586009,0.6746994484250097,0.7081359340314034,0.5852389831547209,0.5154086228363601,0.41227750424124665,0.560568774928335,0.4050378317534779,0.26284968726054225,0.1966213694433235,0.09846575442766814,-0.5029330427249069,-0.23519417045191435,-0.07887113021645496,-0.03713318965576987,0.016073797364051595,0.6564731342226691,0.4302004735363237,0.22837801507407274,0.15918023307826634,0.05156799119043498,0.19539060570790576,0.11564022455492512,0.070515724522409,0.05219924219170021,0.02898925850908234,0.32836369029255713,0.15824048344542022,0.09350581262771908,0.053604043595881466,0.004594709024234088,0.6486706879528089,0.41334494567182173,0.26424872363815266,0.20746774832614734,0.13533212535414924,-0.6486007400704081,-0.41589406928193945,-0.2619312029224476,-0.2059980691130208,-0.13470582904645925,0.6693339729630516,0.43712453516347693,0.29026565612137295,0.2357970271999321,0.164163409570681,1.0,0.5816244903101275,0.36755172620013243,0.2789557947982154,0.1898117484370331,-0.9999135833568181,-0.581626574896339,-0.3675522429585807,-0.27895562236918775,-0.18981249915097897,0.999925444061419,0.5816261699028549,0.3675517606422753,0.278955883684117,0.18981224832293642,-0.20049497201635164,-0.3820465554166496,-0.4175755324751588,-0.4158918519109092,-0.37826505064343025,0.0730490986083075,-0.17411910814873272,-0.3119885668188881,-0.3553407686321628,-0.35453995509233044,0.08881622295980585,0.04151886304500653,0.009125148464902297,-0.013925524145385353,-0.01899421311770298,0.422670734399672,0.35088117965736243,0.3122638305465082,0.2914550010473498,0.24170641405463458,-0.422670734399672,-0.35088117965736243,-0.3122638985122902,-0.29145489380508277,-0.24170659502977007,0.422670734399672,0.3508812992344845,0.3122637364883529,0.29145472991933913,0.24170626325751515
SUMP10,0.21896790321668036,0.2857248298567071,0.21077460090273464,0.18462767984008138,0.06635824739185607,0.11792400345764964,-0.031567883298847015,0.14251346210062807,0.13656441857141546,-0.21897369612199205,0.05588637533428698,-0.276120069895415,-0.11548103363354781,-0.5695252068256299,-0.9213988394694003,-0.5432957147857735,-0.39281527636314695,-0.23724312073514256,-0.46062434834683663,-0.7284441663402311,-0.799191381332738,-0.6802792336477814,-0.47336813203251676,0.1480483960111741,0.1779628490042144,0.06329649454515812,-0.01578740398349545,-0.09779617282515841,0.49665224961741405,0.7963566437526436,0.5574304225886819,0.29168043152403544,-0.005349654059674026,0.05346530668787331,0.12855533517353315,0.12496245485108429,0.07438813508358207,-0.00901592581912104,-0.005065105438792811,-0.037172260974241575,0.38598717021009255,0.6030048366763048,0.6403666744527297,-0.21525998705595584,-0.4671234160871625,-0.5670425847728895,-0.526263859275653,-0.4491395333054345,-0.4785830407691317,-0.6657788699966694,-0.6057640666965108,-0.5057022881469494,-0.34053051575293697,-0.38821463696172653,-0.6300301342456822,-0.751261924010951,-0.6978220657541768,-0.5475106686225019,-0.45535521386232103,-0.7020795445380271,-0.7321028108656545,-0.6348270265708785,-0.4310734945120869,0.37391102461676917,0.6173820516454074,0.7421350710234854,0.7120910712926755,0.6263518792912117,0.4198442101001935,0.6925437168145776,0.7200521249864239,0.6449739791264282,0.5419576714990751,0.341912334256734,0.5318322857259989,0.40052034397805925,0.2981079343043027,0.16517995510969213,-0.31888346241461574,-0.49333271967773273,-0.19101235784202047,-0.10629203087631266,0.01781728951964883,0.40219238994451345,0.6539260538953321,0.40331749408386464,0.28206728139976445,0.10416787097824906,0.153125884768732,0.14452107144872886,0.060248656943000814,0.048475723307940734,0.0389762130692728,0.22231291415348525,0.3456848304387529,0.176856466626436,0.1192584696282595,0.024795850171796523,0.38709795153710125,0.5740850720594713,0.35166593837666665,0.2695712038998543,0.16034217736850992,-0.37376231793176057,-0.5679151037341439,-0.34876061438738165,-0.26545604019055435,-0.1556565708504972,0.39368453426250716,0.605105585148398,0.38634373396513244,0.30404471639010516,0.19349425042082816,0.5816244903101275,1.0,0.5960430319163449,0.45426040806511003,0.30330406229052004,-0.5817114249510236,-0.999999954065026,-0.5960425318303442,-0.45425956222418207,-0.30330539009853097,0.5817093755902437,0.9999999573420674,0.5960426103907936,0.4542602386252166,0.3033052697802228,-0.06261950407620807,-0.1702928167175512,-0.3607488025538726,-0.3976520943341252,-0.38271583052665287,0.11153649380173263,0.05476335911723481,-0.22591622316788904,-0.31634214297505203,-0.34815683028123573,0.06675781809038181,0.11255791914378006,0.05108442684043066,0.013991224201074529,-0.0013105962055026794,0.13012678262748542,0.40687662297584404,0.3433280448662138,0.3167467381469258,0.25634629814478604,-0.13012678262748542,-0.40687662297584404,-0.34332807278810573,-0.3167463359225422,-0.2563462829003035,0.13012678262748542,0.406876616816013,0.3433279991478828,0.31674616613408185,0.2563461065585204
SUMP20,0.14754366907081076,0.27778415666925005,0.140217192728281,0.15975771903087904,0.0506958575439079,0.10954588078862047,-0.038616205224453144,0.08905839666361981,0.07871435314962502,-0.14754848469815668,0.09330960310759774,-0.2297081753643399,-0.07399056908693592,-0.38272957286458414,-0.5821918543406639,-0.9301000379400259,-0.6578419452269016,-0.3613808029768248,-0.31151412032126286,-0.47917411724897857,-0.7502798823356315,-0.8411258282211376,-0.6723889532831673,0.16159047309267066,0.18656139081850173,0.18118487832285743,0.09501853941295006,-0.060525804413940204,0.3341074866397193,0.5170036699136141,0.8105371181565881,0.7186269781022546,0.1833660710545821,0.013198811196554359,0.09488602046639388,0.17072188575709452,0.1575468239830874,0.06894055417787964,0.00272323224583647,-0.001753751316603074,-0.039621516485250176,0.18513375133799873,0.6450527841350995,-0.07428323425278785,-0.21543439143078638,-0.48532350542961517,-0.5546189767248602,-0.5154329925778779,-0.36142874076177745,-0.47762304754007956,-0.6775985234162798,-0.6475234727653575,-0.4534484628995417,-0.24328102960914194,-0.3935974608974664,-0.6446250673711398,-0.759009481043121,-0.6817092489011972,-0.3216801227551338,-0.47610913147424494,-0.7088295654406624,-0.7627415507392556,-0.5847995836952751,0.24317639002641248,0.37996645402174306,0.6113810838970289,0.697196354797231,0.690733287996036,0.25670176361548785,0.408743015348037,0.7035390021130378,0.7384695235200321,0.6489206410063778,0.22400484335178084,0.3237467572133096,0.5016716953134422,0.40769426530379854,0.24583471321216424,-0.2115619709247806,-0.3037508429179565,-0.43872888781174124,-0.22894114571431312,0.024350746521469555,0.2656191106801688,0.3954031241779498,0.6099140352052941,0.4495110749403538,0.1624978251954451,0.10288197297868454,0.11730518264447905,0.026336674362184263,-0.00888511385472679,0.048580062452542296,0.1388261997290068,0.21851992417524513,0.3272836931607796,0.21009450813000483,0.0634310908249534,0.24911746306775387,0.3417535910352158,0.5012065348263306,0.36264827414432654,0.20527084881688154,-0.2343289606302523,-0.32417708686356295,-0.48583906801500415,-0.3459411989843525,-0.18210784612602476,0.25071638497011456,0.3520176298434376,0.5465333023877552,0.40290245705384176,0.240088719177437,0.36755172620013243,0.5960430319163449,1.0,0.726163242908538,0.45609917737960753,-0.3675195839810212,-0.5960434966325161,-0.9999999679845365,-0.7261626889127017,-0.45609923369289257,0.3675262796662623,0.5960432661239674,0.999999972636456,0.7261636472990407,0.456098889610924,-0.02519191552504713,-0.05071199217244928,-0.1524488006127378,-0.28251452570571006,-0.33236912939434066,0.07317817283070781,0.07894621989459455,-0.011225483967233949,-0.19614386123024727,-0.2911531150202336,0.039955963583126086,0.06059270939485772,0.0888167203608976,0.04095319035766436,0.01255097912752728,0.05414706855924521,0.11297216707398194,0.37680004834348074,0.33223097603303053,0.23388990560759093,-0.05414706855924521,-0.11297216707398194,-0.376799935179264,-0.3322306518275736,-0.2338900702471182,0.05414706855924521,0.11297212010228001,0.3768001262009361,0.3322305206339398,0.2338896747000027
SUMP30,0.105352534296403,0.26221435193774123,0.09992980864379096,0.14141936483409923,0.041961979181983994,0.11862580790914652,-0.025436096904182057,0.06057619330293937,0.05189829085451746,-0.10535390608903818,0.10322216593102751,-0.19937880119085563,-0.05615653616555915,-0.29662179259905436,-0.4513715196530558,-0.683219578966061,-0.9227352116748204,-0.4545622887546851,-0.23277733543644602,-0.3688864827506938,-0.5682054592968261,-0.7425003698022522,-0.7776005347930685,0.15919565875070193,0.1978968051764744,0.2099309879851903,0.16823268100997607,0.008358121721764639,0.2564311726332235,0.40644385118123794,0.6156435300972605,0.7964050601630515,0.4146421267596851,0.008509972715522163,0.07404865526639798,0.1630572638514551,0.17723040388726274,0.13701496862795082,-0.006022436025468788,-0.009563398009071297,-0.014057536487612623,-0.04503866856267016,0.4535092748032217,-0.025830459624731718,-0.13123642131416513,-0.3018715357923763,-0.4716151762083841,-0.5256438043541614,-0.30253591024881016,-0.39606336648119267,-0.5423812643893399,-0.6559316972155573,-0.5202235554462569,-0.1681469952175103,-0.2870477735185321,-0.4678721352413481,-0.6272803511871389,-0.7127785986348804,-0.25060721324432156,-0.3798855677414176,-0.5516632879810139,-0.6834389597251445,-0.6596674724372866,0.1802936114206091,0.287963628954584,0.44694682348919396,0.5709046335820139,0.6715493444701295,0.19075947958743586,0.3060919621047218,0.5053899235022721,0.6852183003866085,0.6803141614590561,0.16878928950162947,0.2407768514895197,0.3543060935690311,0.44716729197625826,0.28561169921433865,-0.16361648519723218,-0.23415252927624883,-0.31341498322212474,-0.38963413570933875,0.00011489854739189946,0.20279304268559467,0.30121601069003606,0.4316273710924439,0.5476259203179002,0.21182479720193625,0.07583026252014136,0.0706383623158861,0.035011989967279486,-0.034630991945082575,0.03882184176742691,0.11136112673383368,0.1590128998840484,0.24703560763544533,0.2846187806777355,0.08906439533945157,0.1891505194155868,0.26625945499258963,0.3611598035133403,0.45735768182247744,0.24071274158289474,-0.17932464339644263,-0.25183668369631623,-0.3378792797025645,-0.43464868791002054,-0.20499888370438896,0.19126424506512557,0.27370912659179547,0.38807789519204183,0.5089200899490693,0.27832672960220833,0.2789557947982154,0.45426040806511003,0.726163242908538,1.0,0.5651092709953713,-0.2789015951189608,-0.4542608012132373,-0.7261638325104381,-0.999999978836841,-0.5651094210081188,0.27890938357255407,0.454259320185961,0.7261632252603931,0.9999999765287456,0.5651088881335317,-0.011257311178507347,-0.027314603712107928,-0.0696134035659229,-0.14147295635246843,-0.270803482433522,0.05901709587767816,0.052454679259557026,0.017793491229495056,-0.0567324447722691,-0.23581239433798,0.04316528281136877,0.05361234932501459,0.049922923693088005,0.06012988929539169,0.014333357718569332,0.02664647624114597,0.05997606044399998,0.1443419544142737,0.3492530812129424,0.20840265404431005,-0.02664647624114597,-0.05997606044399998,-0.1443419469425099,-0.34925273634617054,-0.20840270753055773,0.02664647624114597,0.05997601847311392,0.14434193228496459,0.3492526960789233,0.2084027050883507
SUMP60,0.083401043979852,0.2569400991217295,0.07251764671008909,0.13090300838936433,0.030970825519835626,0.1310137524497227,-0.006934856312439595,0.04958910312393897,0.04309714337857635,-0.08340069518262215,0.11261536399498996,-0.19074476127393203,-0.05137957326576755,-0.22148339612377682,-0.33068418170700986,-0.47240456689405663,-0.5622516736187901,-0.9115090298559019,-0.17741799054552265,-0.2704044852933732,-0.4060375930093545,-0.5001691131177011,-0.7442888602167177,0.16722797419797383,0.19871413630489337,0.20957092814918107,0.20455023726080926,0.1754355682367245,0.1929887822048692,0.291014747009581,0.4264640137397461,0.5094557261570767,0.7360485394104865,0.009420587413506145,0.03424476219083968,0.082355367950174,0.11509216589374681,0.21517438603771963,0.0005448358093579175,0.005666759847916951,0.006162790350628877,0.019584263680556085,0.019481870060584015,0.018559881453988823,-0.053696730571386936,-0.15928060500136842,-0.22448399707736796,-0.43162190077417306,-0.27054900983677516,-0.33821574759528733,-0.444052187968437,-0.5085406271684788,-0.6609632604846327,-0.11448486636622476,-0.19221097580901084,-0.3130336220813515,-0.38989042349340597,-0.5813880414921607,-0.20157896522711988,-0.2916604043654335,-0.4127618072458312,-0.4918869671232244,-0.6903653065717171,0.12536768422162503,0.19792149835158976,0.304373581125262,0.366659051011159,0.5307348565562935,0.14168501953488735,0.21976919134869208,0.3532770723756537,0.4370168558996608,0.6709206671475902,0.12072910236336429,0.14735076024892332,0.1965534099594056,0.22127496428470128,0.32080371130271756,-0.10972015519741848,-0.16344085380904078,-0.22545712892884545,-0.2504084815246617,-0.19398954388598322,0.1440111450597234,0.19802151042898505,0.26338764147032295,0.29379313374822585,0.35028090350437324,0.024632187861205718,-0.001344847517259963,-0.07444989079399228,-0.10570484198589783,-0.03775122062346442,0.05750119961727904,0.07206369596183651,0.0978738645514674,0.11657337918190648,0.16902531043847527,0.1276403340239159,0.1698173290783781,0.2140238177077916,0.2491183812428628,0.3627530841960256,-0.12289692056965039,-0.16871551651954383,-0.21402818826368447,-0.2421687385048917,-0.3318786721127402,0.13003429820340195,0.17932763896680332,0.23890084949123525,0.282257563813264,0.4339576919801162,0.1898117484370331,0.30330406229052004,0.45609917737960753,0.5651092709953713,1.0,-0.18973957071482353,-0.30330374702616736,-0.4560993483930994,-0.565108698240313,-0.9999999854451219,0.1897469857019121,0.30330330138994394,0.45609945363564536,0.5651092643032362,0.9999999787697451,-0.009172403293252968,-0.020765007944942206,-0.04693549486743457,-0.07922238213297107,-0.1304435415953419,0.044609098504062514,0.04655686308511784,0.006437092836876994,-0.0395520518032912,-0.08932823508321147,0.030622530063212878,0.04078726413632047,0.04666117210451092,0.02247615779060865,0.003694440932312339,0.02042549971919122,0.03734177302362442,0.08818439134532055,0.11769259450182734,0.26248489727758073,-0.02042549971919122,-0.03734177302362442,-0.0881843878256023,-0.11769237411982365,-0.2624846938503833,0.02042549971919122,0.03734182886813022,0.08818423319322084,0.1176921931061576,0.26248485810418853
SUMN5,-0.2988761090205507,-0.26855648960017775,-0.29351328868310506,-0.16647849913048798,-0.051053228727460424,-0.09760272980590232,0.041473933982208666,-0.21373558434933781,-0.21415816764450804,0.2988775492962375,0.016067113021182553,0.31450412754258894,0.17026512441370106,0.886711583607384,0.5339089020648004,0.32558105743922877,0.23419501407753926,0.1444874179028949,0.6754727344730945,0.7842199317162726,0.5888391666388852,0.4709683743610567,0.30885488935901173,-0.13568270201296184,-0.061113496292124495,0.010463606591399856,0.04975002146131728,0.08089206765793032,-0.7385021032440309,-0.588221130408458,-0.21389101974762223,-0.07850661787040975,0.06400544465879283,-0.08576711071140677,-0.09260347264489538,-0.05769111814876951,-0.0316347708237889,0.028602677836265526,0.03815102165099942,-0.3546534561274186,-0.6362647656196938,-0.6277462132210587,-0.4912124353792523,0.4511137295868171,0.5616070481257786,0.4963386861520884,0.44305043070737815,0.3497732978778539,0.6269041600429373,0.5809784320682515,0.4496321272363514,0.3710846599110841,0.24590745395024782,0.6067061857954791,0.7466041346087229,0.6321894870108666,0.5362836562139338,0.3598760835173104,0.6545239677635561,0.7266874393663452,0.5607667600844143,0.46345792779520684,0.29561321286095954,-0.5964148842752232,-0.7385740610884494,-0.6654983968367965,-0.6077648258933573,-0.5057373509673402,-0.6746197560469367,-0.7080712684924875,-0.5852061364250665,-0.5153562556042083,-0.4122144433093448,-0.560582407972971,-0.4050803964088048,-0.26291512724954724,-0.1966984381797481,-0.09855431701233848,0.503079022212253,0.23527494194500032,0.07881655895703045,0.037067599215971615,-0.01614957364994607,-0.6565537163202364,-0.430261921494867,-0.22837994481491883,-0.1591850252968958,-0.05161995221050381,-0.19530105576115156,-0.11557077646633553,-0.07049949658316748,-0.05224900323648474,-0.029034386055865186,-0.32836392903467226,-0.15832789236046,-0.09356435488406312,-0.053641232104047185,-0.004576670622802118,-0.6485772990597796,-0.41326107200860357,-0.26416914172311123,-0.2073968018310888,-0.13527633874138695,0.6486933043875045,0.4159831541587859,0.2619981479074126,0.20599465007594378,0.13471387979648114,-0.6693762080268303,-0.43715493416900186,-0.29022630467573446,-0.235738494140835,-0.16412019699029226,-0.9999135833568181,-0.5817114249510236,-0.3675195839810212,-0.2789015951189608,-0.18973957071482353,1.0,0.5817135095372579,0.367520100739492,0.27890142216444636,0.18974032142875785,-0.9999994993574844,-0.5817131040548871,-0.3675196184230994,-0.27890168347946076,-0.18974007060068898,0.20058396461452316,0.38212546024124694,0.4176429344266712,0.4159444124559468,0.37829082557146404,-0.073080856605742,0.1740857039239337,0.31200788451834016,0.3553602353011224,0.35456267628587557,-0.08881889926529622,-0.04160635174062279,-0.009182186536679043,0.013870254940205301,0.01892823995663409,-0.42272879082063664,-0.3509320256890159,-0.312315484592596,-0.29143582066123913,-0.24166408527584113,0.42272879082063664,0.3509320256890159,0.3123155525583817,0.2914357134189721,0.24166426625097664,-0.42272879082063664,-0.350932145266138,-0.3123153905344407,-0.29143554953331235,-0.24166393447873627
SUMN10,-0.21897055152765552,-0.28572572270826097,-0.2107770684484657,-0.18462709692752152,-0.06635716491461295,-0.11792464464868209,0.03156765281044284,-0.1425161968090266,-0.13656687008175955,0.21897634443383324,-0.05588440338566732,0.2761221246886208,0.11548229498339269,0.5695270556463006,0.9213984914368515,0.5432962896102997,0.39281596624875403,0.23724380406422008,0.46062641825420275,0.7284459972835213,0.7991919512042408,0.6802792607929302,0.47336830395611496,-0.1480484584468248,-0.17796250989132695,-0.06329796864508094,0.01578693957812468,0.09779625217588164,-0.49665313602621125,-0.7963568803263348,-0.5574294208576619,-0.29167995438417244,0.005349790582154722,-0.0534646843985148,-0.12855454115074247,-0.12496360405519616,-0.07438827192747403,0.00901469653349166,0.005062904004047564,0.037170036566313944,-0.385990049958589,-0.6030056568893418,-0.640366208933545,0.21526127895849162,0.4671249764213828,0.5670427425348099,0.5262637696830883,0.4491400886447435,0.4785846613795134,0.6657801155376429,0.6057644848141527,0.505702119072482,0.34053043715429654,0.38821669583274426,0.6300324961102314,0.7512619952297888,0.6978217152365505,0.5475111004367614,0.45535700926211714,0.7020814268762228,0.7321042036426557,0.6348276179556881,0.4310733619154647,-0.3739119951740392,-0.6173839728389952,-0.7421349854505169,-0.7120901513879211,-0.6263513627040996,-0.419845845496871,-0.6925458385142961,-0.7200526861459786,-0.6449741110427407,-0.5419583226911657,-0.341911756119243,-0.5318319634652543,-0.40051859229309245,-0.29810959852403346,-0.1651796804629436,0.318882866755365,0.49333094228969243,0.19101021879459879,0.10629086011921757,-0.017817674843102187,-0.4021913880392368,-0.6539249431494611,-0.4033153254347655,-0.2820676738404244,-0.1041668589218603,-0.15312801148050803,-0.1445207026900811,-0.06024820292823097,-0.048475822490716795,-0.03897588349485001,-0.2223147143394591,-0.345685688589605,-0.176857682921075,-0.1192589636838182,-0.024796258142065764,-0.3870976951614373,-0.5740844251377061,-0.35166502750086037,-0.2695720657047719,-0.1603429548962303,0.37376231067407845,0.5679139332839401,0.3487589558828449,0.26545489218592994,0.15565646872847147,-0.39368423671129205,-0.6051046666352207,-0.38634222179188776,-0.30404442215646726,-0.19349486110592326,-0.581626574896339,-0.999999954065026,-0.5960434966325161,-0.4542608012132373,-0.30330374702616736,0.5817135095372579,1.0,0.5960429965465119,0.4542599553723546,0.3033050748341877,-0.5817114596338527,-0.9999999687226852,-0.5960430756854602,-0.4542606317734821,-0.30330495451588385,0.0626202989890283,0.17029416139957676,0.36074928836045483,0.397652344742026,0.38271535194584505,-0.11153861882957537,-0.054762916837982664,0.22591670828798188,0.3163425967724946,0.34815698747546076,-0.06675883817089051,-0.11255714997449635,-0.05108431316894177,-0.013990380660543577,0.0013111921193550286,-0.1301276379693979,-0.4068776861247533,-0.3433271008007788,-0.31674730165817605,-0.25634669940760796,0.1301276379693979,0.4068776861247533,0.3433271287227796,0.3167468994337752,0.2563466841631315,-0.1301276379693979,-0.40687767996492213,-0.34332705508244776,-0.3167467296453148,-0.25634650782135343
SUMN20,-0.1475457758090563,-0.2777841112758134,-0.14021953205459822,-0.15975754422104946,-0.0506957007458579,-0.10954570281007858,0.03861716138508182,-0.0890601680434961,-0.078715704538004,0.14755059143697546,-0.09330855811354295,0.22970941514436063,0.0739915098487642,0.38273032141857355,0.5821919599745567,0.9300998039729413,0.6578423236910848,0.3613808527542776,0.31151529131588346,0.47917502006244456,0.7502799696132116,0.8411259694788162,0.6723896510339187,-0.16159080300259832,-0.18656056757161246,-0.18118437050656314,-0.0950177794809537,0.06052700661536136,-0.33410802001241185,-0.5170034378068603,-0.8105367830573024,-0.7186273585811611,-0.18336697722894968,-0.01319891697578105,-0.09488554529879006,-0.17072216854268257,-0.1575463042954491,-0.0689408016689473,-0.0027246651713419188,0.0017522170731574423,0.039620594599766246,-0.18513400847140596,-0.6450522935732331,0.07428382477957148,0.21543472880279,0.4853237302687073,0.5546188642758844,0.5154336877821418,0.36142962036595383,0.47762333694968134,0.6775976452340855,0.6475230763340328,0.453447460032835,0.24328215851567056,0.393598593708897,0.6446254409905766,0.7590098907910042,0.6817102996892247,0.32168169576628397,0.47610993403273233,0.7088296689985591,0.7627415083397789,0.584799623531337,-0.24317738134135472,-0.37996694113623836,-0.6113811878185234,-0.6971967038046577,-0.6907341904697021,-0.2567030007513348,-0.4087434634983219,-0.7035387064433078,-0.7384693763571825,-0.6489205717094092,-0.22400513871869915,-0.32374678449238625,-0.5016713074574658,-0.4076947763354191,-0.24583587066400978,0.21156140683699448,0.30374907111707755,0.4387282625794026,0.2289409795903945,-0.024349962418341316,-0.26561885885373704,-0.3954021077708865,-0.609913097085432,-0.4495115270986224,-0.16249992675439698,-0.10288147010309077,-0.11730532538993732,-0.02633777164567127,0.00888466389257049,-0.04858050181226994,-0.1388255708438027,-0.21851860630371278,-0.3272823379118009,-0.21009352216002122,-0.06343041154199494,-0.2491183973529338,-0.34175507024653656,-0.5012078328084011,-0.3626498492649963,-0.20527188149509737,0.2343298942447579,0.3241788431555151,0.4858407962470812,0.3459428405825114,0.18210896488908357,-0.25071738437620084,-0.35201938987818016,-0.54653482828506,-0.4029042722605536,-0.2400901442311703,-0.3675522429585807,-0.5960425318303442,-0.9999999679845365,-0.7261638325104381,-0.4560993483930994,0.367520100739492,0.5960429965465119,1.0,0.72616327851464,0.4560994047304835,-0.36752679642476627,-0.5960427660380676,-0.999999974803046,-0.7261642369009281,-0.4560990600761663,0.025192306525084963,0.0507127695827824,0.15244937138462386,0.2825149547006078,0.33236865890090966,-0.07317774144320376,-0.07894577135192388,0.011224686380504664,0.19614373967243168,0.291152047568974,-0.03995642147722579,-0.06059121700144681,-0.08881653555519675,-0.040952958235748675,-0.012550785917963629,-0.0541470021271773,-0.1129725078021775,-0.3767996936526521,-0.3322311192207832,-0.23388943508864568,0.0541470021271773,0.1129725078021775,0.37679958048843537,0.3322307950153065,0.23388959972817294,-0.0541470021271773,-0.11297246083047557,-0.3767997715101075,-0.3322306638216727,-0.23388920418105746
SUMN30,-0.10535167207762668,-0.26221380090059687,-0.09992893487204069,-0.14141897037725404,-0.04196207990658518,-0.11862517055888872,0.02543631174824243,-0.06057503382631079,-0.05189718431740189,0.105353043870017,-0.10322238614153548,0.19937758145443787,0.056155548058475606,0.296621396625284,0.4513708704633955,0.6832197982103062,0.922735761092173,0.45456168528278085,0.23277672593465693,0.3688859787082756,0.5682055982282881,0.7425005210360592,0.7776002472244556,-0.15919569938021275,-0.19789781217607222,-0.20993181328013769,-0.16823311237817098,-0.008358056813977145,-0.25643092067210316,-0.4064436577689361,-0.6156441912838204,-0.7964054714618426,-0.4146415253267954,-0.008509666531462899,-0.0740496850934011,-0.16305705674308507,-0.17722957390755714,-0.1370151564455431,0.006023374948732526,0.009563886428193486,0.014058468610186323,0.04503920104161904,-0.4535101866430715,0.025830142768601988,0.13123535328460667,0.30187079435328695,0.47161414407260543,0.5256433424807754,0.3025356638492593,0.39606314631090506,0.5423814389315491,0.6559318066304066,0.5202227959921165,0.16814634310228443,0.2870467081066608,0.4678719801274175,0.627280191749292,0.7127785982358219,0.2506069422311793,0.3798854365577462,0.5516635920144901,0.6834391344208047,0.6596673724189086,-0.1802931261440148,-0.28796278691494204,-0.44694606948050797,-0.570903795883049,-0.6715488872854192,-0.1907590812680353,-0.3060911869422593,-0.5053891826261012,-0.6852173354126994,-0.6803132804292757,-0.1687891429263547,-0.24077551701996844,-0.35430584191674924,-0.44716653874369805,-0.28561276610138714,0.16361700610986632,0.23415347698253675,0.3134136680074288,0.38963370987383,-0.00011598008728905513,-0.20279325517666946,-0.3012157359077468,-0.4316265597858686,-0.5476246962493003,-0.21182461795220997,-0.07583057910954472,-0.07063883771946046,-0.0350126385990809,0.03463029121977062,-0.038823201874694714,-0.11136258760617533,-0.15901366397061872,-0.24703624691140857,-0.2846195851097373,-0.08906651301270999,-0.18914956956343684,-0.26625847344956627,-0.3611587928340676,-0.45735691009947016,-0.2407117130749105,0.17932342590808978,0.25183530352351247,0.3378779416233093,0.4346477349559474,0.20499798167282998,-0.1912631360941348,-0.2737079104937086,-0.3880767188691641,-0.5089191867774764,-0.2783254100176501,-0.27895562236918775,-0.45425956222418207,-0.7261626889127017,-0.999999978836841,-0.565108698240313,0.27890142216444636,0.4542599553723546,0.72616327851464,1.0,0.565108848252985,-0.27890921061819524,-0.4542584737787859,-0.7261626712646265,-0.9999999815860968,-0.5651083153784149,0.011256299317799777,0.027313522678863875,0.06961223202364838,0.1414719039478427,0.2708035881171735,-0.059017578401985245,-0.05245512442117319,-0.017794551565086518,0.05673142121982408,0.23581240552770202,-0.04316466977884691,-0.053612726414189626,-0.04992456058453335,-0.060130666791217306,-0.014333820938600063,-0.026646405510736437,-0.05997487193951349,-0.14434101549213968,-0.3492539563199193,-0.2084028260796776,0.026646405510736437,0.05997487193951349,0.14434100802038846,0.34925361091069007,0.2084028795659253,-0.026646405510736437,-0.05997482996862406,-0.14434099336283057,-0.34925357064340296,-0.20840287712371827
SUMN60,-0.08340051181045269,-0.25694019486320796,-0.07251719625560195,-0.1309031165409433,-0.03097070658840719,-0.1310138615136442,0.006935135580551657,-0.04958851751143357,-0.0430967433112892,0.08340016301329381,-0.11261598092813563,0.1907444602418596,0.051378920611229416,0.2214834136047994,0.3306850157912079,0.4724039961238426,0.5622513417725286,0.9115085501009761,0.17741756286260205,0.27040477221203074,0.4060377803014535,0.5001688735897409,0.7442885685456988,-0.1672282057515785,-0.1987140747407598,-0.20957092261031782,-0.20454983519092088,-0.1754355032191241,-0.19298856388522082,-0.2910155724400261,-0.4264643479316264,-0.509454931994231,-0.7360481297401689,-0.009421903821858032,-0.034244028535417886,-0.08235503564691397,-0.11509173405488338,-0.21517393174655028,-0.0005452266426620074,-0.005666021735153243,-0.006163052014908739,-0.01958498287296994,-0.01948219420501972,-0.018559799277617604,0.05369703456045748,0.15928104048368158,0.22448417068860327,0.43162190505268383,0.2705489308742621,0.3382159015889343,0.4440523127953288,0.5085402872817185,0.660963187653346,0.11448482714639562,0.19221123699570863,0.31303406075007917,0.38989045547423873,0.5813878420637619,0.20157859874561626,0.2916607092297138,0.4127621999296646,0.4918865691293874,0.6903651856286898,-0.12536790007414433,-0.19792222338342688,-0.30437438907150416,-0.3666595374906442,-0.5307351156182296,-0.14168533850799317,-0.21976979450414924,-0.35327770097465566,-0.43701701136169435,-0.6709206597833646,-0.12073016460971922,-0.14735047370845752,-0.1965533795431,-0.2212748873589814,-0.3208041163487618,0.10972010773146597,0.1634414727678706,0.2254560691412881,0.2504070768928687,0.19398908897604666,-0.14401194802999023,-0.19802147640993503,-0.2633870056909009,-0.2937925624757551,-0.3502811010074963,-0.02463237429211582,0.0013439350808493783,0.07445000465810431,0.10570462729148011,0.037751060189375955,-0.05750066176771742,-0.07206408074606144,-0.09787320547751055,-0.11657294147187663,-0.1690257265100365,-0.12764115550454228,-0.16981835760759284,-0.2140245040843431,-0.24911911735125677,-0.36275386197783516,0.12289783330289523,0.16871659226067506,0.21402853448842904,0.24216910593006166,0.33187905649032096,-0.13003517054162375,-0.1793286900307501,-0.23890154514323597,-0.2822582763596561,-0.43395857348195127,-0.18981249915097897,-0.30330539009853097,-0.45609923369289257,-0.5651094210081188,-0.9999999854451219,0.18974032142875785,0.3033050748341877,0.4560994047304835,0.565108848252985,1.0,-0.1897477369199322,-0.30330462919796225,-0.4560995099730198,-0.5651094132970801,-0.9999999856151482,0.009172697879659507,0.020765488833923453,0.04693609965557223,0.07922307342618873,0.13044428154323506,-0.04460902448265772,-0.04655680099673123,-0.006436135526315895,0.03955306213712897,0.08932937880268624,-0.030623419855260386,-0.040788075003137324,-0.04665994042460192,-0.022474768317283643,-0.0036931853197558367,-0.020426471190758223,-0.03734217506614623,-0.08818452614733771,-0.11769316958940051,-0.2624854373434706,0.020426471190758223,0.03734217506614623,0.08818452262763654,0.11769294920737483,0.26248523391627315,-0.020426471190758223,-0.037342230910652044,-0.088184367995238,-0.11769276819370876,-0.2624853981700784
SUMD5,0.29887298253334554,0.26855845029601005,0.293511733220202,0.1664753225221929,0.05104721551656958,0.09760462981591866,-0.04147207585336391,0.21373855158798505,0.21416164391274686,-0.2988744243884362,-0.016068710854453622,-0.31450656621267664,-0.17026629554312378,-0.8867154496429981,-0.5339105466746689,-0.3255889108495729,-0.2342049483619585,-0.14449432737487508,-0.6754748499774652,-0.7842230641963719,-0.5888425769735885,-0.4709762677608463,-0.30886467580227034,0.1356808407050257,0.06111736652994236,-0.010458496496346626,-0.04975419066068107,-0.08089548353447823,0.73850396397869,0.5882235476685495,0.21389753617961502,0.07851388283183966,-0.06399963487169932,0.08575517337418201,0.09260890034726738,0.05769921396144624,0.03163183310750824,-0.028610315405146566,-0.038150870706526833,0.35465574997627464,0.6362651027880353,0.6277449016948937,0.491212435874947,-0.4511118060980561,-0.561605715198733,-0.4963427477269689,-0.44305855527803195,-0.3497789443032993,-0.6269132579687224,-0.5809881398633576,-0.4496394057258407,-0.3710916460029835,-0.2459152354153384,-0.6067071142828632,-0.7466067813072803,-0.6321921980192934,-0.5362912513761992,-0.3598834350361022,-0.6545284465817617,-0.7266906734525758,-0.5607703190474989,-0.4634630786093792,-0.29562227031565147,0.5964133417236411,0.7385790791946579,0.6655014943458392,0.6077703414136038,0.505744172723225,0.674628028102212,0.7080800303151192,0.5852129460031985,0.5153638782588132,0.41222313760600077,0.560585172499839,0.4050813688201302,0.26291563350498187,0.19669468629318868,0.09854939943358401,-0.5030726167323237,-0.2352735971001128,-0.0788219941632067,-0.03707370658963447,0.016142341224709488,0.6565524574715955,0.4302623616999109,0.22838455831426213,0.1591871639440163,0.051617801803535174,0.195310741138186,0.1155791638071036,0.07050513863598876,0.05224867353397531,0.029032163188394956,0.3283633834711454,0.1583217744205075,0.09356170242693344,0.053639038720209024,0.004577532606994161,0.6485882829227132,0.4132687272637367,0.2641750128953548,0.2074030332661121,0.13528131997076145,-0.6486914004214023,-0.41598031543312286,-0.2619946702291141,-0.2059961578358912,-0.13471399316604823,0.6693780325781243,0.4371557097719808,0.2902302803688916,0.23574410090686634,0.1641249719592377,0.999925444061419,0.5817093755902437,0.3675262796662623,0.27890938357255407,0.1897469857019121,-0.9999994993574844,-0.5817114596338527,-0.36752679642476627,-0.27890921061819524,-0.1897477369199322,1.0,0.5817110551828925,0.3675263146685833,0.2789094719331259,0.1897474860918933,-0.20058250348514753,-0.3821256751412566,-0.4176436788898645,-0.4159461449650768,-0.3782938144279864,0.07307867826750435,-0.17408965881010688,-0.3120099873602444,-0.3553623844285705,-0.3545653611745616,0.08881876895488663,0.04159991083553448,0.009179751561774535,-0.013872954249278759,-0.018932833761601958,0.42273010332441513,0.35093399789205704,0.3123178197530835,0.2914415318968677,0.24167072902613798,-0.42273010332441513,-0.35093399789205704,-0.3123178877188676,-0.2914414246546007,-0.24167091000127341,0.42273010332441513,0.3509341174691791,0.31231772569491595,0.29144126076904464,0.2416705782290331
SUMD10,0.2189689704574706,0.28572460679184913,0.210775498126773,0.18462588655524279,0.06635636392801175,0.117924111728055,-0.0315675358856081,0.14251548464396685,0.13656648317508646,-0.2189747633630529,0.05588405314836255,-0.2761208790322423,-0.11548179036693307,-0.5695264036759472,-0.9213988583811868,-0.5432961967546627,-0.3928145384268331,-0.23724340221522353,-0.46062509986599165,-0.7284454221897642,-0.7991916153631349,-0.6802787697989003,-0.47336778907784116,0.14804742146655575,0.17796211842241233,0.06329618976139864,-0.015788060981788966,-0.09779658202677385,0.49665214351016884,0.7963573073155839,0.5574298052074734,0.291679277167742,-0.00534999555125248,0.05346472027815704,0.12855485990713136,0.12496324770110709,0.07438783355574279,-0.009014260529119075,-0.005063378678719809,-0.03717130692561153,0.38598956003064694,0.6030064880858239,0.6403664534490563,-0.2152613840778273,-0.4671253851678403,-0.5670433061992468,-0.5262641392468024,-0.44913955885327017,-0.4785829107988945,-0.665779142781185,-0.6057635957852647,-0.5057009629307497,-0.34052962893426114,-0.38821635455839565,-0.6300319755575235,-0.7512621674769009,-0.6978215387848075,-0.5475105042925704,-0.45535550596449065,-0.7020806398996668,-0.7321032168310168,-0.6348266435606129,-0.4310728752694461,0.3739116248276966,0.6173836243376002,0.7421346983783451,0.7120898155090916,0.6263506080140558,0.4198450941080539,0.6925454499753053,0.7200522692662384,0.6449734638412853,0.5419571117605847,0.34191255385225794,0.5318318616924018,0.4005190503687865,0.29810884373851393,0.16517999512384193,-0.3188829994471134,-0.4933313146626283,-0.19101146751061793,-0.10628998072612775,0.017818096688813356,0.40219178347006185,0.653925151225419,0.4033164302672897,0.2820663765299279,0.10416684820848231,0.15312804370533917,0.14452114783856057,0.06024859351805612,0.04847571796120344,0.03897570825116974,0.2223141863460056,0.3456856709376743,0.1768572602752522,0.11925754641293741,0.024795009407378013,0.3870972612322624,0.5740837604203217,0.35166442291733285,0.26957036405941875,0.16034271637749178,-0.37376283983861613,-0.5679144857233118,-0.34876002976750187,-0.2654544668215479,-0.15565634814085647,0.39368418235364944,0.6051045098145462,0.3863423770337649,0.30404336773391416,0.19349465370145247,0.5816261699028549,0.9999999573420674,0.5960432661239674,0.454259320185961,0.30330330138994394,-0.5817131040548871,-0.9999999687226852,-0.5960427660380676,-0.4542584737787859,-0.30330462919796225,0.5817110551828925,1.0,0.5960428451770426,0.45425915017996754,0.30330450887965843,-0.06262049271131803,-0.17029436495955547,-0.36075017123853814,-0.3976526387641252,-0.38271470585285855,0.11153860198349144,0.05476335522306177,-0.2259176697110395,-0.3163432990657952,-0.34815658996105137,0.06675888116620082,0.11255841599973739,0.05108465274875587,0.013991258624546398,-0.0013101944984998048,0.13012773061075394,0.40687807841029044,0.3433278847000177,0.3167464654563913,0.2563456485049761,-0.13012773061075394,-0.40687807841029044,-0.3433279126219614,-0.31674606323202564,-0.25634563326049353,0.13012773061075394,0.4068780722504593,0.3433278389816867,0.3167458934435653,0.2563454569187105
SUMD20,0.14754333129747357,0.27778320568484394,0.1402178894949852,0.15975616986827393,0.05069490076724525,0.10954509521308402,-0.03861703783100799,0.08905826449369986,0.07871465862901766,-0.14754814749693043,0.0933089742410879,-0.22970764849152792,-0.07399035161494537,-0.3827294580742807,-0.582191575996314,-0.93009966108656,-0.6578419025112747,-0.3613810587609021,-0.3115143783172714,-0.47917409834252284,-0.7502796259732973,-0.8411255387957199,-0.6723891592440857,0.16159013162455876,0.18656168672363665,0.1811849157176438,0.09501831788214102,-0.06052616301413507,0.33410726344606145,0.5170030073198139,0.8105373609724735,0.7186271226418794,0.18336655582947983,0.013199139152928464,0.09488578695723902,0.17072304290553356,0.15754691223287082,0.0689411061253661,0.002723540846834155,-0.0017528618428420783,-0.03962153875947602,0.18513336530800997,0.6450522869553064,-0.07428343658027052,-0.2154342147676157,-0.4853228072968757,-0.5546181509315184,-0.5154332759463622,-0.36142879440395453,-0.4776228039013537,-0.6775976819200045,-0.6475228240979831,-0.45344778520319534,-0.24328137298464594,-0.3935974091273065,-0.6446248549222309,-0.7590093237673157,-0.6817093442311833,-0.3216800133729766,-0.4761092941347622,-0.7088295125506968,-0.7627411039408833,-0.5847992403037546,0.2431763703661876,0.3799660869051854,0.6113806066867397,0.6971957915970453,0.690732962549723,0.256702449009281,0.40874312186007156,0.703538242229421,0.7384687524728216,0.6489206857870884,0.22400364447945584,0.32374595305325027,0.5016714899841328,0.4076940137966225,0.24583558285302967,-0.2115610586321807,-0.30374960077323,-0.43872824686571915,-0.2289411765161616,0.024351566048874732,0.26561792674475715,0.3954018508079994,0.6099136036226971,0.4495110030889796,0.16249834705561877,0.10288132800982244,0.1173049843670888,0.02633764720092351,-0.008884281890116166,0.04858042523927301,0.13882607292720928,0.2185192798848725,0.32728410918850265,0.21009485433590597,0.0634316369781585,0.249117070580874,0.34175329399778104,0.5012058148443348,0.3626478364702697,0.20527064571371761,-0.23432862750222702,-0.324176717817036,-0.4858387992865977,-0.3459415955097164,-0.18210862784881618,0.25071607519785816,0.35201740943470056,0.5465327409503693,0.4029024048166015,0.2400889346523863,0.3675517606422753,0.5960426103907936,0.999999972636456,0.7261632252603931,0.45609945363564536,-0.3675196184230994,-0.5960430756854602,-0.999999974803046,-0.7261626712646265,-0.4560995099730198,0.3675263146685833,0.5960428451770426,1.0,0.726163629650878,0.4560991653187355,-0.025190944952131075,-0.05071153565241918,-0.15244832677584394,-0.2825137782440671,-0.3323677907704685,0.0731787817549838,0.07894726651253618,-0.011223609139169801,-0.19614184138349208,-0.29115086211385344,0.03995757147658084,0.06059223255598699,0.08881759580030069,0.040954379190524734,0.012551886869613896,0.05414667714340767,0.11297138645474245,0.37679914004822396,0.3322309963670927,0.23388887803030906,-0.05414667714340767,-0.11297138645474245,-0.37679902688400724,-0.33223067216163576,-0.23388904266983637,0.05414667714340767,0.11297133948304051,0.37679921790567944,0.33223054096800203,0.23388864712272084
SUMD30,0.10535211415250567,0.26221439586001627,0.09992932115715411,0.1414181602057958,0.04196057119922865,0.11862585312382302,-0.025436216098630032,0.060575845554980204,0.051898508930616725,-0.10535348594490057,0.10322203155757571,-0.19937882776594312,-0.0561560924764175,-0.2966221351636731,-0.45137169711617636,-0.683220632438725,-0.9227357908312386,-0.4545622687455046,-0.23277736255640574,-0.36888659881669056,-0.5682063243669032,-0.7425011804189485,-0.7776008053718405,0.15919518760769383,0.19789641537053956,0.20993187607565233,0.16823347162812713,0.008357711990331022,0.2564311089548074,0.40644382537865176,0.6156448185802998,0.7964057577222377,0.41464169292829245,0.008510112126199685,0.07404872381511308,0.16305707118138474,0.17723054960934492,0.13701519326650932,-0.006022252066059246,-0.009563205605561828,-0.014058168464160685,-0.04503850966532002,0.4535107460919769,-0.02583114944383671,-0.13123683466724534,-0.3018717958076933,-0.4716147841664181,-0.5256445706099754,-0.30253572977698917,-0.39606316343082393,-0.542382532467876,-0.6559326147032788,-0.5202231340914455,-0.16814720269614625,-0.28704825655545235,-0.46787249992723573,-0.6272805344214832,-0.7127792561094634,-0.25060708192369546,-0.3798853418625195,-0.5516640933578837,-0.6834398641613316,-0.6596676049516091,0.18029344000560607,0.2879636575626469,0.4469466419596995,0.570904525013792,0.6715499111031128,0.19075985688774366,0.30609215519683164,0.5053906485513355,0.6852184021210254,0.6803141754308127,0.16878968382718262,0.24077649633948742,0.35430599580500916,0.4471673033568796,0.28561263751016336,-0.16361720066632593,-0.23415407335321473,-0.3134149705954798,-0.38963315297631196,0.00011584356784258833,0.20279384766969644,0.3012167729313534,0.43162754123347213,0.5476250036019794,0.21182446069844033,0.07583136215691241,0.07063986867662103,0.03501238343513853,-0.03463021815752772,0.038822499067916016,0.11136329604584011,0.15901502824550293,0.2470375286363698,0.28461983156965764,0.08906615840400035,0.1891499998147123,0.2662584919142054,0.3611589724601851,0.4573569670629569,0.24071143527317623,-0.17932333610029147,-0.2518349856093552,-0.33787761404259975,-0.4346475179522708,-0.20499769400334178,0.19126339856153363,0.2737078055315027,0.38807664908862854,0.5089190180026314,0.2783251511644742,0.278955883684117,0.4542602386252166,0.7261636472990407,0.9999999765287456,0.5651092643032362,-0.27890168347946076,-0.4542606317734821,-0.7261642369009281,-0.9999999815860968,-0.5651094132970801,0.2789094719331259,0.45425915017996754,0.726163629650878,1.0,0.565108879933663,-0.011257444143093374,-0.02731432614637007,-0.0696129283970827,-0.14147291919611588,-0.2708044666649707,0.0590172644370282,0.05245482724177251,0.017794201430131544,-0.05673222136107094,-0.23581346161402275,0.04316461859629352,0.05361241177602426,0.04992327793659611,0.06012977654623858,0.014332980211615354,0.02664695781784538,0.059975565997764727,0.14434236715285934,0.34925446596837517,0.20840279699792255,-0.02664695781784538,-0.059975565997764727,-0.14434235968110815,-0.34925412055917154,-0.20840285048417026,0.02664695781784538,0.05997552402687866,0.14434234502355026,0.3492540802918975,0.2084028480419632
SUMD60,0.08340088593697834,0.2569405698945035,0.07251748447885024,0.13090329836437337,0.030970728848570085,0.1310134318403514,-0.006935544391938316,0.04958872522016698,0.04309707488909549,-0.08340053711830436,0.11261585812406838,-0.19074478839500802,-0.05137863974190721,-0.22148387258763905,-0.3306852835017457,-0.47240408705239145,-0.5622509717026353,-0.9115087046720192,-0.17741810280555748,-0.2704051050339118,-0.4060379982314541,-0.5001690416997673,-0.7442882062566969,0.16722777616392073,0.19871314126947537,0.20957041214806912,0.20454952599195397,0.17543578162388296,0.19298920553695065,0.29101584170206596,0.4264643123608043,0.5094545714153258,0.7360477776580182,0.009420818123883276,0.03424394911857974,0.08235557249873535,0.11509171208097016,0.21517419719613348,0.0005452884100633238,0.005666334162465032,0.006163681540016287,0.01958592126053183,0.01948223265072669,0.01855940728076633,-0.05369747627980383,-0.15928084760912603,-0.22448391620551322,-0.4316214486744359,-0.2705489816400459,-0.3382157844126633,-0.4440522928232085,-0.5085398589591101,-0.6609632031629138,-0.11448543258421015,-0.19221188955421636,-0.3130344874764944,-0.38989052975339794,-0.5813875507949784,-0.2015789195780482,-0.2916605054845007,-0.41276223740315393,-0.49188662443099695,-0.6903648991927772,0.12536832944346574,0.19792215404764837,0.3043740299998778,0.3666591624699197,0.5307344827084666,0.1416854084836159,0.2197696522433345,0.3532773531185162,0.43701660348783017,0.6709203825506436,0.12072995727232226,0.14735087935198668,0.1965536641920795,0.2212746775329495,0.32080351857710077,-0.10971972979377201,-0.16344138830271773,-0.22545590167405186,-0.2504069106539656,-0.19398905056109517,0.1440116854614963,0.19802177683969147,0.26338707904248077,0.2937920923816536,0.35028044475348596,0.024631820571232563,-0.001343814383739893,-0.07444972202414081,-0.10570463280402038,-0.037751418675381766,0.05750029376694175,0.07206309112922211,0.09787294616305169,0.11657265764880392,0.16902627902197007,0.1276414213023661,0.1698189144901739,0.21402479013581702,0.24911913202347646,0.3627536179056067,-0.12289847231033352,-0.1687170056966484,-0.21402913864057796,-0.2421693057003185,-0.33187907269107786,0.1300355662646034,0.17932922593581252,0.23890203885772215,0.2822583648947587,0.4339584097325887,0.18981224832293642,0.3033052697802228,0.456098889610924,0.5651088881335317,0.9999999787697451,-0.18974007060068898,-0.30330495451588385,-0.4560990600761663,-0.5651083153784149,-0.9999999856151482,0.1897474860918933,0.30330450887965843,0.4560991653187355,0.565108879933663,1.0,-0.00917418041455601,-0.020766624720854436,-0.04693689514598628,-0.07922313593149038,-0.13044383058125128,0.044606881242923876,0.046555336309706284,0.006435374417383558,-0.03955297311571222,-0.0893289995599627,0.030621581313794513,0.04078721208627458,0.04666005438040992,0.022475235120886606,0.003693406134914664,0.020426731140045434,0.03734284281260987,0.08818510548933525,0.11769283484857151,0.262485271445803,-0.020426731140045434,-0.03734284281260987,-0.08818510196963407,-0.11769261446656781,-0.26248506801860555,0.020426731140045434,0.03734289865711568,0.08818494733723554,0.11769243345290173,0.26248523227241083
VMA5,-0.3081689057178805,-0.365524029027111,-0.2936692848240731,-0.11608835537552148,0.049514843173482766,-0.027676257110736856,0.15176211474977414,-0.2246156273580904,-0.22087668525893484,0.3081695027139136,-0.019814458137722077,0.35691132686046373,0.18183780727782847,0.19976405508521947,0.060057228280881815,0.014296122583745153,-0.00277677428218002,0.0017090394568699263,0.42062534090194686,0.2197724993741154,0.0963669162141739,0.06027407947657116,0.02591465129762779,-0.06416978317513591,0.06866834653945525,0.05298866280146631,0.03744470130032149,0.02747267922989357,-0.29918166107130983,0.04016821379820824,0.09175612217673741,0.08201670696498797,0.05333149437160579,-0.1127139843160797,0.034038453678071574,0.015765103685281164,0.012440781951208221,0.023397418514396858,-0.3063516486650043,-0.47199436437748854,-0.30431220286718075,-0.2074471958837631,-0.09601534211595139,0.35474528250733733,0.27347403461631614,0.17930531076086528,0.13912487757310002,0.09711028244706918,0.2659608850542826,0.13293367620479365,0.07235354240930734,0.05435804136137183,0.03052732343213198,0.45350500199270266,0.3195794148583829,0.1543169291962833,0.09095589302346554,0.04085036884992433,0.36414197015572775,0.16575618234145684,0.08489666200949585,0.056713521392777064,0.027792675412849528,-0.4216609730361915,-0.31397097023617476,-0.21501212747080004,-0.1785371182493882,-0.13386928064448755,-0.3702985615148196,-0.2506824905392293,-0.1578708597925328,-0.12870686431018158,-0.08852469157347898,-0.3039760345973937,-0.08904807415553714,-0.029363798214917736,-0.015360132094999323,0.003602835564547008,0.019651009095286272,-0.041028563902777655,-0.042096815275810544,-0.04528459120607876,-0.023820602947878255,-0.22957502203934935,-0.030443243646743355,0.013136283950215752,0.02015822127497543,0.023674860636432933,-0.09526050988433325,-0.03184388270416057,-0.0038206108976735634,-0.0018273389090596149,0.02480621674814984,-0.00025824248899517123,0.03229598693441672,0.03551448637647608,0.034662680550420794,0.034922849707588105,-0.12819807460253638,-0.035930725089124434,-0.012678428397268269,-0.007327656882131218,0.000435473330169933,0.18757837459186494,0.09259363861977611,0.05722452514690419,0.042813652242973746,0.03342087275341896,-0.15977785852453855,-0.063258606710135,-0.03438915207873702,-0.026355731766966674,-0.01788916153706685,-0.20049497201635164,-0.06261950407620807,-0.02519191552504713,-0.011257311178507347,-0.009172403293252968,0.20058396461452316,0.0626202989890283,0.025192306525084963,0.011256299317799777,0.009172697879659507,-0.20058250348514753,-0.06262049271131803,-0.025190944952131075,-0.011257444143093374,-0.00917418041455601,1.0,0.8187172053036903,0.6554123036913084,0.5846963897976313,0.505979325241674,0.42265235511139554,0.5417617253592466,0.5444908824240314,0.5194426976715406,0.47620308002747,0.012515157355984501,0.017118550128052714,0.02468100129288714,0.027085713252682483,0.022637534042205944,-0.5897240199847813,-0.44198540339398784,-0.36132906720356084,-0.3303478175821752,-0.3074948600373018,0.5897240199847813,0.44198540339398784,0.3613289658597923,0.33034756664499704,0.3074948140452507,-0.5897240199847813,-0.4419854462215976,-0.36132899528851403,-0.3303473091256773,-0.30749510799756574
VMA10,-0.2774664414794613,-0.4095847691626001,-0.264287921406104,-0.15005059435785642,0.03201869965067496,-0.0672174279062628,0.13183442753397098,-0.1940284568726916,-0.1954186659876909,0.277466754834875,-0.07199465058465243,0.36637524255185827,0.15926628298486312,0.39569861344234175,0.16749880004774492,0.03878951835248631,0.008253065910730668,0.004232660855215194,0.470560242391483,0.3875883013896222,0.1930431960987972,0.121769732512233,0.056418711538594034,-0.17610917782991792,0.005420236377906531,0.0674624008991579,0.05601349032830637,0.05143287649069104,-0.4101436715025089,-0.16241654157107624,0.08657567913232336,0.11353635105478278,0.08870799778355593,-0.12512359556119948,-0.046882690419369676,0.005882282839754579,0.010434415494078954,0.04086570684234792,-0.18682891106054508,-0.4106160994585057,-0.45853625694335115,-0.3529847089029003,-0.17736722427011217,0.3022961241909514,0.36124344552251747,0.2565183508436646,0.200308917681258,0.1452502044244638,0.3945458245269272,0.24745675506321177,0.12392678354499076,0.09412305009046143,0.04904532091559763,0.44613005939121997,0.4428373323007431,0.2774646134995548,0.18899535441108015,0.08937144229555499,0.44387728116780834,0.33228168424483273,0.16458468295931944,0.11350961254326432,0.0517852697820294,-0.4418413221799422,-0.4437352859218098,-0.3252456545371559,-0.275408746144253,-0.20903485908591662,-0.4212291733066698,-0.3733608001452759,-0.23749183027574966,-0.19372656078999576,-0.1375374651402467,-0.3718616155585434,-0.2094081258673475,-0.07665027995432169,-0.0472943919190936,-0.008487994477825379,0.14352385462656167,0.024665509787247835,-0.03839251057748459,-0.05124168445441529,-0.039187776833483935,-0.34126606327590664,-0.16038508690842324,-0.019663820953044562,0.0008457226989622201,0.023582720822897477,-0.14311133719831062,-0.08486378395711851,-0.03872477264547746,-0.024780265052660393,0.027989963496261074,-0.12146880345095365,-0.005715607370355666,0.02774528553998185,0.042791189026168186,0.05177041889814819,-0.2419937602942997,-0.08386463064630274,-0.011085140317720996,-0.0020812202160951977,0.011746392592311226,0.29572705060084986,0.18635314854302407,0.10312279335288735,0.08015292791732823,0.06019305286847278,-0.2740303054484494,-0.13256833471757404,-0.053486694039753174,-0.04115610604024377,-0.02314469473015062,-0.3820465554166496,-0.1702928167175512,-0.05071199217244928,-0.027314603712107928,-0.020765007944942206,0.38212546024124694,0.17029416139957676,0.0507127695827824,0.027313522678863875,0.020765488833923453,-0.3821256751412566,-0.17029436495955547,-0.05071153565241918,-0.02731432614637007,-0.020766624720854436,0.8187172053036903,1.0,0.8476721632329405,0.7520843648075586,0.6416595601757731,0.21809648526136574,0.5767818231411597,0.6454163813512641,0.6326196496945617,0.59292400399133,-0.03640631777608023,0.023332212537985564,0.03669593054933915,0.04213685412683577,0.03415396099249149,-0.7401679707074957,-0.6303456002729079,-0.4663052908546449,-0.41576609988453117,-0.3793930401593075,0.7401679707074957,0.6303456002729079,0.4663053324875418,0.4157658743715897,0.37939313670404606,-0.7401679707074957,-0.6303456117220135,-0.466305225050739,-0.4157657052042873,-0.37939324834106786
VMA20,-0.25809809788042665,-0.4490492161234757,-0.24343170400785735,-0.18475002776105254,0.014083063744125622,-0.0972923798846649,0.12117967894599904,-0.17016711448135788,-0.17291307439416864,0.2581009448132609,-0.11899458458559191,0.37593358678285005,0.14141834190957409,0.43661963544671534,0.3663867236575003,0.1456296943546003,0.04295556213315733,0.022013722638940803,0.455985728125581,0.4708376172869017,0.35949143809703,0.2422378118028868,0.11643186842401,-0.22828316227715997,-0.10770596500740921,0.01910990448893406,0.053335447810016694,0.07827797677486502,-0.42148939914215916,-0.31813926387711733,-0.08913151410722962,0.07494885859669154,0.12844869602646675,-0.1091799297188131,-0.07457127044863737,-0.05774825993330938,-0.02998781721836992,0.046267139425618324,-0.1371975338619678,-0.29209607305448554,-0.4408403425934739,-0.4832854552692205,-0.3124514562101902,0.22789927582951572,0.3326375447914636,0.3454866559850458,0.2757851696486274,0.2121156694453679,0.4428836985419902,0.3806756316270302,0.24024489226080836,0.1662701926606856,0.08298107402334959,0.40669221077490375,0.4675286356505237,0.4083187390714064,0.3138102454219482,0.18826835524657107,0.44788111235084554,0.4368020794647122,0.3246464144518805,0.22635345485265065,0.10202696136093686,-0.4152612566495896,-0.4872875941039068,-0.45679432946495857,-0.3991881536477414,-0.3137595780094055,-0.40655141272770623,-0.43916252753875357,-0.36129701917528606,-0.28493871473026616,-0.21207747628407084,-0.3676403686751925,-0.2915828166285515,-0.161184132334585,-0.09908425330160026,-0.04531320118745406,0.18092325525704844,0.15112025617015107,0.04376352976689546,-0.025013487316466146,-0.052832160862078675,-0.3579694166097813,-0.28899151671995255,-0.13402344081785797,-0.05745718255010027,-0.004441222897246432,-0.15760840579414237,-0.12768836566212638,-0.07789415125510245,-0.05333016734414014,0.01718658187190973,-0.15914498474605415,-0.11781061064422219,-0.019588601134394725,0.021833324146468307,0.06470823839410178,-0.2645008903535329,-0.185214830745048,-0.034502729135857,0.004307564141476682,0.02843244821344209,0.3021547939413786,0.28084371126600594,0.20426639903324045,0.1492757653955585,0.10633879349842464,-0.28982657771966613,-0.23583312651694446,-0.11098336168553023,-0.06442894271175739,-0.03192465336052912,-0.4175755324751588,-0.3607488025538726,-0.1524488006127378,-0.0696134035659229,-0.04693549486743457,0.4176429344266712,0.36074928836045483,0.15244937138462386,0.06961223202364838,0.04693609965557223,-0.4176436788898645,-0.36075017123853814,-0.15244832677584394,-0.0696129283970827,-0.04693689514598628,0.6554123036913084,0.8476721632329405,1.0,0.9305958052346494,0.7913007138739686,0.11658486785626342,0.37848375277498236,0.6727518112304112,0.7137507747309794,0.6978061703019794,-0.04077663076928213,-0.0193514140606465,0.04348224806281354,0.057182312751874395,0.04338395953099354,-0.6219911645223156,-0.7337597250444676,-0.6491071465330482,-0.523441250253003,-0.4656796963347749,0.6219911645223156,0.7337597250444676,0.6491073594994285,0.5234408827801472,0.4656798948522096,-0.6219911645223156,-0.7337596963336519,-0.649107105367783,-0.5234407514399279,-0.46567977937686306
VMA30,-0.24945515922468345,-0.47085866782204333,-0.23430016363499898,-0.19876659960730114,0.009998702799772064,-0.11157421327679778,0.11941551270842239,-0.1619875348511002,-0.163150237831979,0.24945858850528152,-0.14104418079295422,0.38356005359978906,0.13625563459763582,0.43690463072021946,0.409245645563388,0.2839618806026806,0.12354308064926839,0.04588879711241379,0.44090311900985885,0.4808004281331068,0.42890307500227576,0.3436183399330943,0.17857274372778703,-0.25434192582383036,-0.15331000520731589,-0.05044389507427619,0.01464144026628046,0.08179637252358715,-0.4137835970819376,-0.35176988059208636,-0.20250110951625808,-0.04854530935518885,0.13430997272108258,-0.09549234893920852,-0.0756599261929604,-0.08225527734888456,-0.06911237427377205,0.029753182618132593,-0.12307517109766444,-0.25597309309145594,-0.37481789251687037,-0.4479304054624155,-0.40015602552613094,0.184647260224529,0.2957928455036223,0.34896916541189205,0.3234726051522819,0.2522768810986244,0.4543229206279404,0.41673910938573566,0.33077962890676127,0.2444517654391096,0.11777618841409211,0.38067669133431603,0.45725271068054185,0.4440405552542141,0.3860831793717168,0.2534753533354001,0.4441433822888565,0.45772172545732576,0.40459167544872643,0.3316845919748406,0.1602081032852408,-0.3956648778681739,-0.48088615340730473,-0.49652394136278555,-0.47001088089541343,-0.3854288647692751,-0.3885872376938926,-0.4388938226411993,-0.4174286631124298,-0.35803745639960693,-0.2648316214161066,-0.35611857222568943,-0.3046308600062032,-0.21579511200099033,-0.13871783506357063,-0.07818238618105273,0.1835040074806765,0.1763057783605145,0.1328961491838122,0.04239142625366342,-0.05368117908328728,-0.3516627577147367,-0.31223889954238054,-0.2235216990767875,-0.13245334480707702,-0.038503566001008765,-0.15801394432206217,-0.13090190880904937,-0.07934013505424768,-0.05472450935309127,0.006111433092302255,-0.16539025794888626,-0.14237111513389902,-0.0823552602603966,-0.007603762642172373,0.0693012686428363,-0.26665664952154583,-0.20659566788912054,-0.09498662766788454,-0.006617846132136814,0.03936919963552217,0.29616906318530895,0.28756838269830387,0.2634726771819796,0.21348763639282997,0.1431314681009825,-0.2884950342492464,-0.2518777706739156,-0.17446807200871814,-0.09639405348008413,-0.04012365319601545,-0.4158918519109092,-0.3976520943341252,-0.28251452570571006,-0.14147295635246843,-0.07922238213297107,0.4159444124559468,0.397652344742026,0.2825149547006078,0.1414719039478427,0.07922307342618873,-0.4159461449650768,-0.3976526387641252,-0.2825137782440671,-0.14147291919611588,-0.07922313593149038,0.5846963897976313,0.7520843648075586,0.9305958052346494,1.0,0.8829374654407416,0.09420774377268176,0.3144383106232636,0.5729256414214552,0.7216848738918925,0.7473689625891945,-0.03354827128347916,-0.016798978216218213,0.02685122560271271,0.06477806994747838,0.052058186420680705,-0.5595116511140448,-0.6732674583946453,-0.7520397894580755,-0.6503304362706237,-0.5232878265548992,0.5595116511140448,0.6732674583946453,0.7520400169789533,0.6503302295082023,0.5232881498381035,-0.5595116511140448,-0.673267402325388,-0.7520397556495664,-0.6503301439316,-0.5232878968099166
VMA60,-0.2274744777023293,-0.5162328205095005,-0.21195947481849783,-0.22120367812610417,0.00429917087036742,-0.14096883334206992,0.1142780532102471,-0.14269622726106873,-0.14160918339101802,0.22747649474795534,-0.1869102599957293,0.3976406457045715,0.12185281514219488,0.39616096080504787,0.3955842253186718,0.3429961288391239,0.266033995429985,0.08705861458588968,0.3912735875217955,0.4412354825126283,0.43076140122012446,0.3936602328321222,0.27854978234207656,-0.3093414992801443,-0.23021458065960523,-0.15617378515624902,-0.10863444566275161,0.012247630715062888,-0.3693400337625783,-0.3378005354857709,-0.2530066434644304,-0.1676429831017725,0.03464804999422874,-0.08325246928254625,-0.06599106941323082,-0.10702201312858697,-0.10861500497653441,-0.02056103790001319,-0.11111806873899284,-0.2156851486900095,-0.30615186508661674,-0.34906006152735286,-0.3991556133490308,0.10155876627767067,0.2063430835252771,0.2669763114588282,0.273378402854155,0.2730586633699268,0.4624346251448274,0.4359640729806488,0.38616696991599897,0.3417867599577267,0.1944762480412923,0.3156012217552897,0.39536273170425795,0.40744257558331,0.3843182669020319,0.31761776575299294,0.4162272993393824,0.44065540271871884,0.43183020288943763,0.40579069145050806,0.27085559701419,-0.3470199935721467,-0.4323678772928049,-0.4701599384867256,-0.4757048124960447,-0.4602390238478171,-0.3425109802469252,-0.3957513983036554,-0.4017483414501635,-0.38388896158510966,-0.3212240464275341,-0.3310187292204249,-0.30455812037148844,-0.251125736885895,-0.19776682968238246,-0.1001464932418407,0.15355726680934542,0.1549246729015838,0.1550406214101143,0.12966413843014643,0.010707980962677617,-0.3182216378852487,-0.3016659210753956,-0.26598140978975265,-0.22984514533933917,-0.11920351610252215,-0.14826063726908018,-0.11911172480338099,-0.07493086934326576,-0.05071760745057456,-0.02048214295276764,-0.15470446231146953,-0.14203350587569855,-0.11634829359097155,-0.07128038065062074,0.060706376975841185,-0.2442721724840498,-0.20462954840863495,-0.1355572304173594,-0.07552143748004514,0.05649450519052306,0.2556379490988789,0.2549674400283536,0.25623046041927033,0.2512470067668302,0.21982289559911003,-0.256849359798785,-0.2357514922576226,-0.19521289301790148,-0.155418218054205,-0.05590248300046984,-0.37826505064343025,-0.38271583052665287,-0.33236912939434066,-0.270803482433522,-0.1304435415953419,0.37829082557146404,0.38271535194584505,0.33236865890090966,0.2708035881171735,0.13044428154323506,-0.3782938144279864,-0.38271470585285855,-0.3323677907704685,-0.2708044666649707,-0.13044383058125128,0.505979325241674,0.6416595601757731,0.7913007138739686,0.8829374654407416,1.0,0.0864986262002161,0.27949058957259176,0.4950136815742158,0.6176275159696398,0.7899276836036547,-0.021813939403251537,0.0033262630080677638,0.051873437601753135,0.07296234176878001,0.08360259890858182,-0.4768737962234265,-0.5724948301785674,-0.6698737378658455,-0.7116482860279985,-0.6746649272508879,0.4768737962234265,0.5724948301785674,0.6698738535120397,0.7116480608528922,0.6746651726672056,-0.4768737962234265,-0.5724947565469657,-0.6698737770248591,-0.7116479512562046,-0.6746650681300442
VSTD5,-0.0928755032591,-0.11095429986060115,-0.08709625370872692,-0.01830964256664854,0.03836152465072356,-0.0038225496905429004,0.051557764694165675,-0.07802335606927617,-0.07358476739003857,0.09287725974735851,-0.006875433270420661,0.11534575833982559,0.06184045607703366,-0.09813739223785999,-0.12336918326399843,-0.0789610535243993,-0.06256446966093852,-0.056382687822476595,0.06583855250339525,-0.085615708665244,-0.11039026512787306,-0.09552243630489267,-0.08895494797759865,0.11502845197013334,0.06434922656179179,-0.03349256906945072,-0.05993743762722988,-0.06581673951039749,0.008102968521184414,0.18245099715906976,0.09071857887504252,0.04384140440967484,0.023418723328103342,0.030461133278372413,0.025641813465855458,-0.019718057147686555,-0.027451768875837286,-0.017110792093310106,-0.1259841319979219,-0.15037607453212112,0.01998523558190798,0.0784874564982087,0.07511536172203312,0.19306145877469635,0.028952779827001365,-0.04069201745207881,-0.05383379459493138,-0.07929881237827621,-0.008529875934129759,-0.056677935825798303,-0.04733266576725133,-0.035294608718087706,-0.02328209302912168,0.12711505521526942,-0.033329734982607884,-0.11947976134158202,-0.12987526681976697,-0.11567424351694217,0.03120927048902847,-0.08853965669515002,-0.07344256824075883,-0.0539128515581407,-0.041748932600790385,-0.09744861741532171,0.022690223308070114,0.0669956687818589,0.0713862576333574,0.07362618249603643,-0.11663267956499482,0.0059706591440814956,0.04719514120184703,0.04896232245722358,0.06870936967980683,-0.093947140514858,0.09540267233135777,0.08371444091659568,0.06071399413835228,0.04219858694943577,-0.12201370641492587,-0.10119174815287789,-0.04009271965706549,-0.025301970407553876,0.009380342765523547,-0.015351481867770488,0.11898849379776998,0.08315005421587468,0.05752740887937415,0.012070186976034881,0.20133467515819395,0.1283744126163821,0.08020471351474452,0.04693907541308374,0.04408243728574417,0.21136403688448774,0.18247659583820416,0.13480887127705365,0.10958397023418315,0.08624915030332468,-0.028120902523540072,-0.02457057923009885,-0.04094605090078614,-0.03982970092774866,-0.027414444180633574,-0.03740898393139025,-0.06751431192761455,-0.0411009109080224,-0.027804870045237247,-0.011929643920085246,-0.0006590615229002479,0.013848650675185249,-0.009571987612645773,-0.01413947496102808,-0.01156121963579203,0.0730490986083075,0.11153649380173263,0.07317817283070781,0.05901709587767816,0.044609098504062514,-0.073080856605742,-0.11153861882957537,-0.07317774144320376,-0.059017578401985245,-0.04460902448265772,0.07307867826750435,0.11153860198349144,0.0731787817549838,0.0590172644370282,0.044606881242923876,0.42265235511139554,0.21809648526136574,0.11658486785626342,0.09420774377268176,0.0864986262002161,1.0,0.5316854010816117,0.2769263114892215,0.19901806510148595,0.13690363288031862,0.2838539870155334,0.2129032905423282,0.15916768363928255,0.13265439466166273,0.1162335859387107,-0.06693144070981571,-0.004315669169801896,-0.0009826171041988495,-0.020298498239889304,-0.028658798483540752,0.06693144070981571,0.004315669169801896,0.0009826065737664092,0.02029863588057102,0.028658748472045987,-0.06693144070981571,-0.004315796317447299,-0.000982641907272916,-0.020298467232251944,-0.02865898589140464
VSTD10,-0.17801743973424206,-0.22971576660160217,-0.1757400439062694,-0.06036834411336729,0.04783917431339485,-0.020842569309515658,0.08955352428884904,-0.13729269394210225,-0.14418015577184218,0.17801675717496557,-0.017965850221241555,0.22678582130119437,0.11198106980556648,0.15250095410842568,-0.06644462023109615,-0.09361552689772332,-0.06920871318105133,-0.06834507971475946,0.24482766240396292,0.1332339960148611,-0.030868630592877144,-0.05866944421476744,-0.07475913259617359,-0.041095880746203156,0.1112348174983947,0.03173686234175463,-0.028594687091001002,-0.055480488383373106,-0.18234853609507026,0.03449436656686163,0.17865035532934087,0.12182373229553997,0.06349330163278231,-0.02363734416221938,0.0651782092239701,-0.009293969067665072,-0.029202835198009546,-0.00421316150679973,-0.1556468409284201,-0.27836770068341066,-0.22418145795350097,-0.09358853471746588,0.009851486825997655,0.24191376531721984,0.2575280490483969,0.0787237526212288,0.030026148635260434,-0.021392612415895452,0.18060543759591136,0.06592296310621536,0.002480646184594294,0.009514798693524064,-0.0009428766302219685,0.2659173461912114,0.20649938400403364,0.01551924791752313,-0.04874900908656749,-0.09871508201327803,0.22311628878126022,0.09450166751991473,-0.016732678954435615,-0.01516746378086835,-0.024298537315967837,-0.2478365658277973,-0.1989746791324711,-0.07167240156120186,-0.043047957410200156,-0.010737276007114733,-0.2668383874100786,-0.2069060425292974,-0.05979195655860679,-0.03982400360925593,0.006371385845616129,-0.26509279963225163,-0.1279975461469054,0.046701583740452295,0.039786821598061795,0.04823949235961703,-0.0032565900040871063,-0.1298672917802717,-0.08351055936561746,-0.05131252176716088,-0.001011524573306329,-0.1928315349224883,-0.02641419560164724,0.08680183586317644,0.06547417971319161,0.03149790480579838,0.0021930838600670924,0.17815326560436293,0.10393375940161272,0.06439176312742201,0.06241013408677403,0.020511593357366263,0.19121396023002585,0.1713947013230631,0.1449034172101231,0.1258286995217335,-0.1630256240045519,-0.08643529908611364,-0.08181673619861542,-0.08257387916234614,-0.05687053767631869,0.11542061860578745,-0.014086137445616528,-0.04208498495218601,-0.024639609703811013,-0.007651534573425775,-0.14757129330915608,-0.046635165691122124,-0.03505381605818583,-0.0448883933458921,-0.035187804489723806,-0.17411910814873272,0.05476335911723481,0.07894621989459455,0.052454679259557026,0.04655686308511784,0.1740857039239337,-0.054762916837982664,-0.07894577135192388,-0.05245512442117319,-0.04655680099673123,-0.17408965881010688,0.05476335522306177,0.07894726651253618,0.05245482724177251,0.046555336309706284,0.5417617253592466,0.5767818231411597,0.37848375277498236,0.3144383106232636,0.27949058957259176,0.5316854010816117,1.0,0.6253728832690488,0.48020573758586216,0.3630363405940306,0.10190338656746799,0.3024650720264092,0.23924285913402024,0.19873472896877048,0.17052429090852847,-0.42871804765646987,-0.20493009741813903,-0.1281318066974108,-0.13924385942199335,-0.14872664504845648,0.42871804765646987,0.20493009741813903,0.1281319351428927,0.13924378600507073,0.14872687428709894,-0.42871804765646987,-0.204930185184676,-0.12813173000555195,-0.13924356087004705,-0.14872697973499102
VSTD20,-0.22021706728093837,-0.3368838797494424,-0.21197627595396235,-0.1204964081508684,0.033180132845588864,-0.0624859851257319,0.10113223213621364,-0.15922567526871184,-0.16096718618565362,0.22021806908118507,-0.0617772821586231,0.30236846310168436,0.13248049127708225,0.3076808472025693,0.21022826402070677,-0.008626135746739618,-0.058337083507795824,-0.04001238502134798,0.35419732583966945,0.32742784436483785,0.20280136286785788,0.08910696166581536,-0.001100698720593472,-0.1527032569191449,-0.015496989709609044,0.08553758194591808,0.033639234719603395,-0.018809324777046398,-0.312236629526884,-0.18886156279021266,0.025734196279042547,0.15687248863670034,0.11907220689090312,-0.06523596297302657,0.01367312636683898,0.00520609403880963,-0.04389362426018575,-0.005105236897757618,-0.13845453841473698,-0.25775452800033066,-0.3481826489635076,-0.3539531761446165,-0.16402542721446406,0.2271477848240505,0.3084869898009429,0.29853349794237294,0.18424407983098814,0.09370239624164428,0.3291816464518511,0.26142565376267546,0.1514715011548586,0.10831495421255312,0.06546531694483813,0.3326322029583264,0.358235860395195,0.2664186995774063,0.14577887819210464,0.019593098335453293,0.34412497919958035,0.29244812773148804,0.17646115690288178,0.10483802786098727,0.04576311121080346,-0.3261405678031903,-0.3569490827136746,-0.3095089256057856,-0.24647836205698395,-0.17435086043135303,-0.34090596077829527,-0.35166309915606464,-0.280857389906609,-0.19769248038880732,-0.1254398603315481,-0.329375483439515,-0.29584379771829505,-0.17655808699719913,-0.052546769311028384,0.002741735080491256,0.09261408739885955,0.017414271810527026,-0.07682786303535061,-0.07382980322565783,-0.012262591682469855,-0.28644214236706067,-0.2256872265804373,-0.08115885718911957,0.011938455001081033,0.01304227678967625,-0.09317226166770226,-0.012394048858444428,0.12419652020188843,0.07306762450121952,0.06247712924651168,-0.07616115831546723,-0.009024688502995478,0.12679955227161868,0.1307553586885074,0.12834364445056481,-0.2348366539534797,-0.20833352751977902,-0.1561140851227584,-0.14023645970835438,-0.10602560051457081,0.2075092918525986,0.14707116043657373,0.012081153978845901,-0.01872494319732853,0.0009536304267857294,-0.23074770370845393,-0.19116630083550235,-0.10417024050703547,-0.08573533194702997,-0.07326152057232507,-0.3119885668188881,-0.22591622316788904,-0.011225483967233949,0.017793491229495056,0.006437092836876994,0.31200788451834016,0.22591670828798188,0.011224686380504664,-0.017794551565086518,-0.006436135526315895,-0.3120099873602444,-0.2259176697110395,-0.011223609139169801,0.017794201430131544,0.006435374417383558,0.5444908824240314,0.6454163813512641,0.6727518112304112,0.5729256414214552,0.4950136815742158,0.2769263114892215,0.6253728832690488,1.0,0.8240270291780243,0.6257678838471292,0.029171059519787546,0.13369695560902742,0.31702596513974646,0.2812896425822992,0.21582277477696707,-0.48537757226152717,-0.5020080628937326,-0.32701351876563484,-0.26972817844618413,-0.3019942923984453,0.48537757226152717,0.5020080628937326,0.32701377393043335,0.26972791800140733,0.30199439992772836,-0.48537757226152717,-0.5020080889845099,-0.32701330114603655,-0.2697277911099927,-0.3019944194528022
VSTD30,-0.22310932100056374,-0.39167210150851006,-0.21431194813529572,-0.1503037494976121,0.027986574061758314,-0.08294120674566328,0.10850778712578782,-0.15517918427066418,-0.1570788181385663,0.22311078583585722,-0.09880617410597622,0.3299793796239553,0.1303786529668043,0.3583043629768699,0.3100341101290193,0.1775314980997305,0.02442948268349737,-0.008638144408904418,0.38061510707519464,0.39430079831951215,0.3288188971087754,0.24238948690712853,0.08634642042553811,-0.20465377131556764,-0.08653297890457222,0.021030342235121006,0.05232957747911006,0.016835139753155672,-0.3497619525970167,-0.27529195775311527,-0.12807821434555522,0.01429746807807725,0.14414847226640046,-0.07557749360772388,-0.02707543743419127,-0.015145245425787959,-0.03724718353720365,-0.014863835907632359,-0.12176330888606539,-0.23597036712440544,-0.31630560878359115,-0.36869789968692784,-0.3016717272420265,0.19589485823174302,0.2947681836620788,0.3458700088072919,0.3067179641059029,0.1770519730856447,0.38157594164406183,0.33850151565872383,0.2656845205034712,0.20458980666800713,0.1151369971941532,0.339218803594547,0.39660136309617156,0.36648918870723163,0.2956528528573344,0.12793910310443873,0.3806619844736868,0.3674216120272025,0.30343836835216925,0.2405655513990429,0.11803103498771193,-0.3431269080649627,-0.4025505511618721,-0.4084864616911888,-0.3797621552414034,-0.2906595851955419,-0.3549160286101582,-0.3911187651785926,-0.377533349086204,-0.3254023863176163,-0.21957200680753122,-0.33870935205310176,-0.3202512471495865,-0.281200401882748,-0.2031129778987252,-0.06637748011109816,0.13089454551608407,0.08789245027675875,0.018511894208814307,-0.05826033809509631,-0.025858225241756003,-0.3136708834506216,-0.28118439098495507,-0.2084109010353881,-0.11096692303564697,-0.029073663284707937,-0.11064873273330816,-0.06132496870159963,0.04289868497089405,0.09888042780872647,0.056613942273136215,-0.10099412147367327,-0.06150948091669406,0.013560110731365942,0.08949906454105266,0.11809154691002272,-0.2536488350534605,-0.23530988477117165,-0.2114418269512133,-0.17807978815110032,-0.1328463802519459,0.2368685358524119,0.20047050530662125,0.11418007476992824,0.02447661912969317,0.004673694562979311,-0.25451980862804097,-0.23083911579053856,-0.18352073782968537,-0.12654770147171293,-0.09500093945891586,-0.3553407686321628,-0.31634214297505203,-0.19614386123024727,-0.0567324447722691,-0.0395520518032912,0.3553602353011224,0.3163425967724946,0.19614373967243168,0.05673142121982408,0.03955306213712897,-0.3553623844285705,-0.3163432990657952,-0.19614184138349208,-0.05673222136107094,-0.03955297311571222,0.5194426976715406,0.6326196496945617,0.7137507747309794,0.7216848738918925,0.6176275159696398,0.19901806510148595,0.48020573758586216,0.8240270291780243,1.0,0.7797067389924017,0.009015777627457798,0.08025030045690389,0.21681864293574674,0.3188214783883843,0.23878185358285706,-0.47804517135944014,-0.5261290460479255,-0.519814403726025,-0.38908106167828316,-0.3850366580274941,0.47804517135944014,0.5261290460479255,0.5198147461516294,0.38908069170842313,0.3850369279358633,-0.47804517135944014,-0.5261290017528742,-0.5198142526783326,-0.3890807367713313,-0.3850367530514319
VSTD60,-0.21528493204407523,-0.4729824177551238,-0.20372179944542051,-0.19428468009032984,0.01416926281239072,-0.1232116766893085,0.11027087505993961,-0.14158836067955421,-0.1397315844392819,0.21528658143793508,-0.15926887105839357,0.3677094825564621,0.11925708152375893,0.3647119406145416,0.35194597636605923,0.2845621979484381,0.21031611780867995,0.018262296040969205,0.36861819900565473,0.4077412836725774,0.3864920166155814,0.3465716936080793,0.2281761782803419,-0.28002145872032214,-0.1908503941586527,-0.11437688406730669,-0.06797956231882482,0.01818201477950467,-0.3452968196129257,-0.30629095523429,-0.21633849633534355,-0.13536015256679873,0.06489057039042,-0.06855130195986409,-0.045740667495585176,-0.08486773373000077,-0.08125753585272136,-0.014883969732066014,-0.10881717271709306,-0.20883323069823626,-0.28503790508123367,-0.31249405360652427,-0.3663835149755409,0.1175891034815337,0.2183198180398192,0.28082064799467277,0.28990336258970206,0.27453443484609835,0.4275279708145234,0.39815308495488083,0.3470937149847753,0.3070538775790116,0.19272795868913853,0.3017211213315977,0.37417219904497667,0.3789141422147354,0.356823872790588,0.2700889177866694,0.3907159707791038,0.40354412224307046,0.38372947967847665,0.35672067063903623,0.236667116484661,-0.3280090330950152,-0.4021792502737658,-0.4318888910693306,-0.4372436233529028,-0.42305298745150194,-0.33329464547214027,-0.3802942864818978,-0.3857535885317612,-0.3745210851463122,-0.32668186074509065,-0.3295713861154799,-0.31826908255157604,-0.29839969650878617,-0.2790352322710631,-0.20387541993098376,0.13297685622253025,0.11132119060133444,0.08360576921075195,0.0345886593424269,-0.07088453004166169,-0.3080924231719099,-0.29139209625318563,-0.26357023192195733,-0.2288083352128022,-0.12102408996730915,-0.10993068921971517,-0.07141667962157643,-0.019418827087077567,0.014412929003899528,0.0747839924309594,-0.11162273087270215,-0.08667287604130561,-0.052359862282539686,-0.01374703000185729,0.09729819673891298,-0.24053219338286908,-0.22346505231431862,-0.19696355267151802,-0.18085840450489019,-0.14151110689733204,0.2289992037167374,0.21424278746102912,0.17591308759225696,0.13532717358975338,0.016894487572437326,-0.24301102400745714,-0.22915747962233032,-0.20003183684996964,-0.1760883490580812,-0.1078063250884149,-0.35453995509233044,-0.34815683028123573,-0.2911531150202336,-0.23581239433798,-0.08932823508321147,0.35456267628587557,0.34815698747546076,0.291152047568974,0.23581240552770202,0.08932937880268624,-0.3545653611745616,-0.34815658996105137,-0.29115086211385344,-0.23581346161402275,-0.0893289995599627,0.47620308002747,0.59292400399133,0.6978061703019794,0.7473689625891945,0.7899276836036547,0.13690363288031862,0.3630363405940306,0.6257678838471292,0.7797067389924017,1.0,-0.002021719751459919,0.04948394315851992,0.14724057265617213,0.20836513780775215,0.31496077195729016,-0.4421804197750275,-0.5059326172102686,-0.5520032335296134,-0.5588532516196281,-0.49339604264976317,0.4421804197750275,0.5059326172102686,0.5520034310387592,0.5588527859831572,0.49339630619116215,-0.4421804197750275,-0.5059325914926845,-0.5520032480715433,-0.5588527345311565,-0.493396170680709
WVMA5,0.021824963045087464,-0.014963864014544918,0.022177737641883907,0.028058192073993963,0.049607675919843955,0.047765501188562494,0.07203642394477562,0.022647072842412127,0.03643508983762187,-0.02182733654172832,-0.032194196921535995,-0.025125695288038905,-0.02251047305342573,-0.1260758629550624,-0.08401590098957892,-0.04684858313266003,-0.048748429996307574,-0.03162082321937254,-0.09028012750134684,-0.11341229281039462,-0.08995890720976325,-0.07587217250472598,-0.06272630235340061,0.04721203461648197,0.018172519437261746,-0.06353811508667573,-0.07839972378401082,-0.07668372251152748,0.09831689567323505,0.08440969229046001,0.016544499886674068,0.010521970386767953,-0.00038319187783115413,0.03896547083504727,0.008184157043867376,-0.02936117947564108,-0.03239570177748704,0.0007511415502247579,-0.004583074113587985,0.049723519159383375,0.09925280828652673,0.09525938439946562,0.07006557617522217,-0.04372260990652195,-0.08457636306659293,-0.09226996550555511,-0.08961200860416833,-0.09413538410391949,-0.09180596180143638,-0.06451539635391584,-0.027811120456673673,-0.021977695499144276,0.0033269401024256452,-0.06458031636928738,-0.09318633832305451,-0.10746408692070572,-0.10244081565202955,-0.08478888878219114,-0.08313699648100457,-0.10235875640964086,-0.06039449703348048,-0.04616832843508844,-0.023320796797997968,0.0523590440552973,0.07367698676111072,0.07176963045798802,0.06742251397354428,0.05619848448623115,0.0729375911544003,0.08073846979469769,0.07123351337230213,0.06826708431114996,0.058777327435103874,0.04469675825679275,0.06666515141447539,0.029806737167917197,0.021820973791532784,0.010772392342095531,-0.08144178156368143,-0.009497041508199697,-0.010610610947131338,-0.021357000293601453,-0.008916359662587737,0.06332191424721889,0.05832231926554545,0.020053192722900057,0.021567110757390737,-0.0011557997910634009,0.024375033604122513,0.027564376041738024,0.016983486192904355,0.0013850623080290192,0.02158567686354457,0.0830651948256876,0.060452112271220965,0.04133139899155863,0.03550847021180954,0.030296293674115807,0.007476499159228156,-0.01166288101949026,-0.024090609822108852,-0.018778076669990675,-0.018042115627985047,-0.05720556948661468,-0.028662440749043765,-0.0016548867863661677,0.0074874961696076965,0.02142504048616612,0.031102287914914484,0.007419143879317041,-0.013538803647297985,-0.014937503884577144,-0.01915326956701171,0.08881622295980585,0.06675781809038181,0.039955963583126086,0.04316528281136877,0.030622530063212878,-0.08881889926529622,-0.06675883817089051,-0.03995642147722579,-0.04316466977884691,-0.030623419855260386,0.08881876895488663,0.06675888116620082,0.03995757147658084,0.04316461859629352,0.030621581313794513,0.012515157355984501,-0.03640631777608023,-0.04077663076928213,-0.03354827128347916,-0.021813939403251537,0.2838539870155334,0.10190338656746799,0.029171059519787546,0.009015777627457798,-0.002021719751459919,1.0,0.5241251971083568,0.30459115025020317,0.23607083972766038,0.1530817291563993,0.07684946984986112,0.06318682560826988,0.04084270507445579,0.036683722961969416,0.011133872741297896,-0.07684946984986112,-0.06318682560826988,-0.040842464038108234,-0.03668373665274962,-0.011133837327402845,0.07684946984986112,0.0631866886766566,0.040842733926798845,0.036683799982397645,0.011133850651774017
WVMA10,0.009557034867149294,-0.055163747158657,0.0035580507712783876,0.0072859038142079014,0.04596245235818835,0.016926924565352934,0.057250836305638694,0.00696603259153465,0.010328033371153372,-0.009563462497570525,-0.044741163099355094,0.013530664554695452,-0.008601041997816698,-0.08317911172679664,-0.13785162356752526,-0.06768901073735155,-0.05887692207816464,-0.0423511657101857,-0.06297998995343933,-0.10081032690154382,-0.11441973806269527,-0.09721513767338653,-0.08374312851649322,-0.05814121960785322,0.01029398971009069,-0.07128514906031283,-0.12479870858715016,-0.13721895108335788,0.06992085772264704,0.10856443534675289,0.0626379114922877,0.017935462616050866,0.0027323384591921513,0.031169350257948213,0.009521701339988389,-0.015400791475645218,-0.05819476178271481,0.006678964375566026,-0.0009751437445274684,0.006933216057545297,0.07796454790876493,0.10876489729731317,0.08202224113299414,-0.059216835534062005,-0.055085150828337315,-0.11094925085937282,-0.12019642444087796,-0.13466500417501953,-0.025663801492544394,-0.0626282100049939,-0.021753991271621437,0.008854165615880875,0.04314466427411056,-0.0571120833908708,-0.08511957216231139,-0.12642806180779234,-0.13315249772786197,-0.12887852626819124,-0.03115624951860545,-0.08391430715822411,-0.06609151342811169,-0.03410929884901417,-0.013509714583031745,0.010092025297629113,0.03999129503014826,0.06771632818480358,0.059862551942706274,0.0498422532378416,0.03500347569755866,0.06281476245254293,0.07763088555893988,0.06316555869382663,0.060765275491333696,0.01372005482025808,0.026896438686914267,0.04919274144391226,0.028443477308956126,0.0153366347450025,-0.05263855162367985,-0.06846484038611783,-0.01461800513205135,-0.017305506224246515,-0.015110445889240797,0.02879259905577411,0.05036159363565386,0.028801829984221067,0.018803292825442713,0.005884035823982539,0.01751929283783533,0.041512740138448176,0.059672392729337685,0.03602886407308038,0.049526826433837094,0.03666718395288434,0.1179295805632645,0.08728694756780588,0.07592720021993793,0.061693594630023,-0.002395698682042369,-0.013557350012445993,-0.041570366968817926,-0.04519268567604586,-0.04101564349784524,-0.02173885909691496,-0.018157306308692344,0.027669690937932562,0.0437388151707961,0.055297731840693594,0.008631423936227997,0.002330307188998304,-0.037535116441041134,-0.04932424674228682,-0.05057074522672737,0.04151886304500653,0.11255791914378006,0.06059270939485772,0.05361234932501459,0.04078726413632047,-0.04160635174062279,-0.11255714997449635,-0.06059121700144681,-0.053612726414189626,-0.040788075003137324,0.04159991083553448,0.11255841599973739,0.06059223255598699,0.05361241177602426,0.04078721208627458,0.017118550128052714,0.023332212537985564,-0.0193514140606465,-0.016798978216218213,0.0033262630080677638,0.2129032905423282,0.3024650720264092,0.13369695560902742,0.08025030045690389,0.04948394315851992,0.5241251971083568,1.0,0.5722455545838105,0.4411852356153588,0.2976951408287928,0.0024765372165574057,0.07774884675374531,0.04954140419857309,0.021566214080641483,3.1237163408406673e-06,-0.0024765372165574057,-0.07774884675374531,-0.04954130956478295,-0.021566234933459827,-2.7575447485217113e-06,0.0024765372165574057,0.07774869223556737,0.04954129287836835,0.021566281441086417,2.85861659063419e-06
WVMA20,-0.007552573144044722,-0.12311842152663327,-0.014159614079560262,-0.0341859208425803,0.03263753977660996,-0.023244279753822036,0.04547430644972638,-0.0020591261694768003,-0.004457038923992485,0.007547789175608371,-0.07697956962947408,0.06259170929450099,0.0030604844249427277,-0.0493547252233839,-0.08045961234474487,-0.10677554641360536,-0.06257893988307121,-0.05075200485232581,-0.03200133613069795,-0.06107753745496935,-0.08978538305262537,-0.09536153481962842,-0.08313190555863335,-0.1264292803450534,-0.09192403536860597,-0.08074866803927998,-0.13873858867568017,-0.21605009030490502,0.03830542547394654,0.06688041916451178,0.07814206655453824,0.052403309389787524,-0.0026125261958444275,0.008153336949761525,0.02761259620865681,0.006487769350118549,-0.037302182474753684,-0.010635662102366241,-0.004321511214603495,-0.0017318598570991773,0.029622260349481996,0.07223316509027666,0.07901272226434147,-0.08389965122138868,-0.08421021878417771,-0.0809439250285118,-0.11818204239930102,-0.16887863614707976,0.04712328090468404,0.01992044469022066,0.015272036219506499,0.04778584656203086,0.10088608636668502,-0.045667773571389514,-0.06550359595804277,-0.10238769383993508,-0.12778231509453902,-0.1547630764710524,0.009775347045005179,-0.026568223410398537,-0.034912254344625526,-0.011446852450748059,0.031972204280549206,-0.008319187547948763,0.001815981452219262,0.014996948243575952,0.015820734313135628,0.013844052815593115,0.008102356574808353,0.029691934011331456,0.03805243458282821,0.03851537471435095,0.045046935537140384,-0.010347441616199542,-0.008846272197739563,-0.004926241912264138,0.009435821898882008,0.024376304671377098,-0.04395448238995575,-0.0571119386787118,-0.03220460028572405,-0.009805392396640349,-0.007252582843593245,0.00589523118891201,0.013507746785548636,-0.006899539923448816,-0.009642040062363981,0.006915379234571337,0.023838120270861875,0.046506654979499885,0.1035790893260599,0.09326879450043755,0.0936653590588576,0.03673150909370552,0.08042594018549958,0.13779144094350063,0.11250044035937518,0.10117620307372804,-0.017092526714379042,-0.030031408258954815,-0.06309561986488972,-0.08675179928897006,-0.0794706588185436,0.002292631256258241,0.01292856447428418,0.04956184442949626,0.08445324293604752,0.10105850856167993,-0.011554257524269966,-0.02315909153112389,-0.05832686490429155,-0.09404360328650885,-0.10079563435196698,0.009125148464902297,0.05108442684043066,0.0888167203608976,0.049922923693088005,0.04666117210451092,-0.009182186536679043,-0.05108431316894177,-0.08881653555519675,-0.04992456058453335,-0.04665994042460192,0.009179751561774535,0.05108465274875587,0.08881759580030069,0.04992327793659611,0.04666005438040992,0.02468100129288714,0.03669593054933915,0.04348224806281354,0.02685122560271271,0.051873437601753135,0.15916768363928255,0.23924285913402024,0.31702596513974646,0.21681864293574674,0.14724057265617213,0.30459115025020317,0.5722455545838105,1.0,0.752051739460551,0.5122112977347124,-0.006463784525949781,0.012724106069401948,0.05621738844300282,0.02122053716793532,-0.02783857512110048,0.006463784525949781,-0.012724106069401948,-0.056217248468378056,-0.021220543780337053,0.02783875015921597,-0.006463784525949781,0.012724045467048466,0.05621746816387033,0.021220597367727793,-0.027838901280403536
WVMA30,-0.016212528372768417,-0.15824043691630738,-0.022031707789270154,-0.05346289784342562,0.029308839209874045,-0.04333679970343798,0.0433379908335584,-0.007141759781039541,-0.011354761017515782,0.016210997225687706,-0.0941178894906065,0.0850859668819674,0.007351472296352366,-0.020600226481050306,-0.03594540541336329,-0.05643050261682895,-0.07241582344545873,-0.024811766283617205,-0.00898119244702074,-0.022767436569619413,-0.04453451912245837,-0.055670235863904766,-0.05306454734784952,-0.15915676480223348,-0.14377983693321642,-0.1342483658400474,-0.14080984470482366,-0.24020685322454727,0.013993080676907455,0.025598579454899326,0.037795175257789596,0.0420173549954656,-0.009741388528601944,-0.008715788937082632,0.0016491719327483513,0.0033706856640662555,-0.02493021624916223,-0.0233844739851866,-0.005914564945121476,-0.003732053373971135,0.013871106250612962,0.03304373612855783,0.05882207685505815,-0.09347981458294513,-0.08821612352719774,-0.07926495964730508,-0.08659786585686936,-0.15954811164039684,0.08357611263472944,0.06646619819385433,0.062075259288349616,0.0808402075740057,0.14668215425046127,-0.032196350339836706,-0.04499799100839887,-0.06889510678290266,-0.08721594248168447,-0.1387396936159416,0.03751742830664961,0.018808553719193134,0.017569945196642067,0.03182955993781334,0.08908779354646255,-0.02562291688870169,-0.024820807611600233,-0.02523880244436398,-0.03138745441819642,-0.030684576984758134,-0.01032864861037368,0.003369725876126135,0.008493302398875253,0.0017330202846202506,0.00931437367828544,-0.020838862356818564,-0.017224044062400502,-0.032532919859438084,-0.025920594657052674,0.00952146213655854,-0.02293087639988379,-0.03270882342405699,-0.020578407675140385,-0.014602218688964606,-0.005212089348941468,-0.01042896430710395,-0.0063901207083130115,-0.03280749052328874,-0.03379463643553547,-0.012336830792482462,0.021790581645873292,0.03312343541026182,0.08342194017941275,0.1224319830158531,0.1124196130761442,0.028275181463811378,0.060977701723693364,0.10355843303410267,0.13648904292903694,0.11668893620909443,-0.01908358892189913,-0.0266197300921201,-0.06288786915153795,-0.0843316124359123,-0.09687236811680103,0.013173166570777533,0.025455454989217415,0.06628117349536111,0.09104032656336955,0.12297624516601793,-0.01726619867185589,-0.027402067307038844,-0.06664946992207207,-0.09458672897131684,-0.12660534991783612,-0.013925524145385353,0.013991224201074529,0.04095319035766436,0.06012988929539169,0.02247615779060865,0.013870254940205301,-0.013990380660543577,-0.040952958235748675,-0.060130666791217306,-0.022474768317283643,-0.013872954249278759,0.013991258624546398,0.040954379190524734,0.06012977654623858,0.022475235120886606,0.027085713252682483,0.04213685412683577,0.057182312751874395,0.06477806994747838,0.07296234176878001,0.13265439466166273,0.19873472896877048,0.2812896425822992,0.3188214783883843,0.20836513780775215,0.23607083972766038,0.4411852356153588,0.752051739460551,1.0,0.6607710102158573,-0.010348435256063495,-0.0012638589400644337,0.005836832295679076,0.02954343890973277,-0.04145607243924839,0.010348435256063495,0.0012638589400644337,-0.005836564915396642,-0.029543889217111454,0.04145624481236538,-0.010348435256063495,-0.001263872678525025,0.005836892049728675,0.029543882684789798,-0.04145620936881631
WVMA60,-0.022917700373508387,-0.20512419021598086,-0.022662257432440387,-0.0792361052764224,0.020107293382023238,-0.07131640144581018,0.04086138075023206,-0.015799580555358225,-0.01100169595300293,0.02291604419508298,-0.11857395161114732,0.11923898548564472,0.01333942020937156,-0.002002308432686221,-0.004492516893218378,-0.007510808692059655,-0.015772137522897127,-0.004642087897468494,0.004407973650617718,0.0010256616370662747,-0.004086458082115948,-0.008215265485951079,-0.009647741256582774,-0.19025136139291332,-0.19266333187213042,-0.19382108055151212,-0.1939606875586397,-0.23002793160686688,-0.0013590581328210747,-0.0002539475057568099,-0.0021124081312639408,-0.0026375746733807008,-0.015806804077193235,0.0019194074067628443,-0.00033307514958016185,-0.01602817135834245,-0.014557865010353341,0.01179715112300644,-0.007204776652125512,-0.008077207830025614,0.007638772449634728,0.027602908093124687,0.024292524960923427,-0.11169397238938523,-0.10979037108680442,-0.10484286465602367,-0.10787488674837672,-0.11655637995468696,0.12568621628149398,0.11507586642031628,0.11106970824817336,0.12336834643792725,0.19503975519591596,-0.03383231889164138,-0.04369689334828289,-0.055891345661727904,-0.0588113142463812,-0.09262671738814479,0.05540752297289365,0.04945578161892266,0.06292862091213247,0.076401414401256,0.12438058262679821,-0.024299975803988454,-0.0223569336498197,-0.021191548314666575,-0.03185325088076808,-0.0691447106010637,-0.020103575439596344,-0.008483175587747607,0.003997694175334238,-0.002000587522178344,-0.03921935520234989,-0.030385056692710296,-0.024717495711953936,-0.02304446631948034,-0.028312521450305373,-0.009410309140058993,-0.019466007858628474,-0.039581141207384,-0.03079069593114017,-0.030337535095657026,-0.002676295251538709,-0.01768078370861297,-0.006955470022121666,-0.01917409938497694,-0.027087091921889666,-0.0423563944801243,0.028675980322974887,0.040888381075187226,0.0651002620368302,0.08850197490464191,0.19269464253672516,0.030905490676529764,0.05891872766898526,0.0860891116426298,0.10356554236494961,0.1400273820684637,-0.013263151080467694,-0.01872903988822833,-0.03666436501837895,-0.04989619691786372,-0.07008680879130093,0.008185172217247086,0.01419181162115037,0.042693664892875995,0.0664202731402834,0.11532457425302738,-0.012157500733538957,-0.019078492566518463,-0.044074803172837095,-0.0661515849103751,-0.10924531327481891,-0.01899421311770298,-0.0013105962055026794,0.01255097912752728,0.014333357718569332,0.003694440932312339,0.01892823995663409,0.0013111921193550286,-0.012550785917963629,-0.014333820938600063,-0.0036931853197558367,-0.018932833761601958,-0.0013101944984998048,0.012551886869613896,0.014332980211615354,0.003693406134914664,0.022637534042205944,0.03415396099249149,0.04338395953099354,0.052058186420680705,0.08360259890858182,0.1162335859387107,0.17052429090852847,0.21582277477696707,0.23878185358285706,0.31496077195729016,0.1530817291563993,0.2976951408287928,0.5122112977347124,0.6607710102158573,1.0,0.0002289499880770989,0.010078449376985902,0.014013415153915562,0.0031980947085268703,-0.010317679961258748,-0.0002289499880770989,-0.010078449376985902,-0.014013199421039685,-0.0031984059229748694,0.010317886745800338,0.0002289499880770989,0.010078377971643494,0.014013342107838467,0.0031984020567073957,-0.010317538798455636
VSUMP5,0.20606001836495763,0.3035964614093137,0.19529036424976146,0.11159817140273809,-0.022422905818334355,0.036804050093951095,-0.11012453333948703,0.14037026979151987,0.1380156120667213,-0.20605947229033236,0.053667661585214244,-0.2626856262530479,-0.11103328709724189,-0.4420387604948738,-0.1300773701927188,-0.04537027869164187,-0.012516054516911455,-0.008053443227669639,-0.40421679317574544,-0.33164804875153164,-0.17137554157690962,-0.11464258372213244,-0.055936439419340095,0.17831912804101596,-0.04036548945461415,-0.07635857610099828,-0.0666736933179935,-0.06288477582773272,0.3945572267328712,0.11037639186938483,-0.06784937883004015,-0.0850870682604457,-0.07294727938025478,0.11620343292947115,0.02563079974028469,-0.02312643349616921,-0.01742334273747919,-0.036254883151727764,0.0886824082980641,0.39329204500197945,0.3851188429659994,0.29689378134950556,0.1555049924165371,-0.2540045579016662,-0.31281834266158426,-0.22465419586109076,-0.18237905416139338,-0.13642946018783333,-0.35186767646140127,-0.19422813265594843,-0.1109373984383354,-0.08319697372322482,-0.03735096446315251,-0.3718050774070784,-0.39466024612644196,-0.2524281974819821,-0.17264078499161764,-0.08407863806832135,-0.38373312454404107,-0.2673744846361861,-0.14152438585897753,-0.09842677231828091,-0.04479464338666843,0.368550629346363,0.3738063109497569,0.2770966145587417,0.2364828030436348,0.17781379500086672,0.36614893724755876,0.3111928225971078,0.20774562807967853,0.17203882216748986,0.12195920274765842,0.3696695489114474,0.1863524662170042,0.07713403101383924,0.04512207298321041,0.00963761866659505,-0.18872380533993968,-0.0018631627724441133,0.03172813160588426,0.03993402927349015,0.036248697115753126,0.3615930934363793,0.1253704829999645,0.025897327106060616,0.002913350309094859,-0.024661055701791813,0.17169835069715186,0.07867631172913127,0.0325927882799568,0.020658708581881617,-0.007000444866201037,0.16761671374401946,0.022362964315822364,-0.00403943144648507,-0.018762166237011844,-0.018846920067307982,0.27160708052234894,0.07228800143058153,0.02808969485138031,0.014358122861962365,0.0007427077694081403,-0.32499045906051083,-0.14003553849631484,-0.07723992547168404,-0.05446714418218522,-0.03438201123075744,0.30312366220727344,0.10452450929983927,0.05216943839779389,0.03628158735425866,0.0190855585512827,0.422670734399672,0.13012678262748542,0.05414706855924521,0.02664647624114597,0.02042549971919122,-0.42272879082063664,-0.1301276379693979,-0.0541470021271773,-0.026646405510736437,-0.020426471190758223,0.42273010332441513,0.13012773061075394,0.05414667714340767,0.02664695781784538,0.020426731140045434,-0.5897240199847813,-0.7401679707074957,-0.6219911645223156,-0.5595116511140448,-0.4768737962234265,-0.06693144070981571,-0.42871804765646987,-0.48537757226152717,-0.47804517135944014,-0.4421804197750275,0.07684946984986112,0.0024765372165574057,-0.006463784525949781,-0.010348435256063495,0.0002289499880770989,1.0,0.4831901040935435,0.3789203868204756,0.328277637750414,0.2904467571637903,-1.0,-0.4831901040935435,-0.3789203163734307,-0.32827786116019203,-0.29044673501338253,1.0,0.48319015659685255,0.3789204371803163,0.328277853748384,0.29044697840230577
VSUMP10,0.1998232946862181,0.32401364565136326,0.1849146957715936,0.13759395377702716,-0.005498368113129601,0.07318433871593454,-0.08645189742797994,0.1300536582551208,0.1312307229650729,-0.19982770342395148,0.07870202165833354,-0.27810016152768474,-0.10657147418314321,-0.3669973583305227,-0.41915483687970057,-0.10242348425111462,-0.042814127372536065,-0.017375111251596305,-0.361389418239365,-0.4222931975091729,-0.2992054616310745,-0.202365059305563,-0.10143889866968472,0.17783292698411485,0.1013221598392497,-0.0694651587972465,-0.0872365058828696,-0.09697118132980437,0.344312811411722,0.33904961238095194,0.033672638496987484,-0.0772683581586109,-0.10859739437033623,0.10753386599943347,0.06849576896899486,0.016498268451110576,-0.010255676349014186,-0.045797039898051985,0.10438794574401836,0.17393395037814902,0.4228621309479454,0.418139071139944,0.2605451839478514,-0.18011490203249259,-0.30271834828774163,-0.2981924140802226,-0.24433939822897002,-0.19095490350417374,-0.34879087745358184,-0.3435324841640785,-0.18361507391548487,-0.1336239793126079,-0.05908640540616003,-0.32340601004545944,-0.40959185501886713,-0.3582594386422659,-0.2794825188169954,-0.1656737557135265,-0.35387196749762145,-0.39396660426521074,-0.25006418787683726,-0.17773825200160528,-0.07553019796894092,0.31915686583402986,0.42009065847499005,0.37962745060313946,0.33261277208044293,0.2541903704932268,0.3158509090489245,0.3967734371415197,0.29815684298244244,0.2411358170528668,0.17610438739077125,0.3017029773176906,0.2983253293241422,0.1517565297295064,0.08671407566269794,0.030655401098131967,-0.16435362599517375,-0.19561720017827272,-0.003382338528656165,0.026920432303149243,0.05354024778391416,0.300144195460942,0.3204882052564473,0.1001383668419858,0.044063885136525975,-0.014105785298186927,0.1604508369782662,0.14761081859409103,0.08699118568130933,0.05674719678099608,0.004796303006259055,0.1455644391537226,0.16254337961358065,0.03791072428476134,0.004275558639781585,-0.017666587735840705,0.22167570878841747,0.21708747787931038,0.037273595326501194,0.012178585824648924,-0.009054456857549053,-0.2513261474913427,-0.3041083097802572,-0.1350744246525962,-0.09476975175077437,-0.06083205914355967,0.24234533140695327,0.2645957716459496,0.08278117005628804,0.05231317135693323,0.02287391673849459,0.35088117965736243,0.40687662297584404,0.11297216707398194,0.05997606044399998,0.03734177302362442,-0.3509320256890159,-0.4068776861247533,-0.1129725078021775,-0.05997487193951349,-0.03734217506614623,0.35093399789205704,0.40687807841029044,0.11297138645474245,0.059975565997764727,0.03734284281260987,-0.44198540339398784,-0.6303456002729079,-0.7337597250444676,-0.6732674583946453,-0.5724948301785674,-0.004315669169801896,-0.20493009741813903,-0.5020080628937326,-0.5261290460479255,-0.5059326172102686,0.06318682560826988,0.07774884675374531,0.012724106069401948,-0.0012638589400644337,0.010078449376985902,0.4831901040935435,1.0,0.4782958945027992,0.40869409801348777,0.3470033819745344,-0.4831901040935435,-1.0,-0.4782959103653804,-0.40869380906662395,-0.3470033295160399,0.4831901040935435,0.9999999995111972,0.47829570142954636,0.4086936834441983,0.3470035183276557
VSUMP20,0.186730419617224,0.3432819797976922,0.1764292946394181,0.1505714304930958,0.0002647710681318447,0.08128291942510055,-0.0871665768418947,0.11773003389144047,0.12106614067200151,-0.18673180100585077,0.10154518688264902,-0.28283083266065084,-0.09912235141365429,-0.3321681753738033,-0.3472383167413089,-0.3885565127048757,-0.12738771124653298,-0.061814119006305804,-0.32139464098946746,-0.3707125642262029,-0.40244148874274766,-0.33596976366718834,-0.18292737958613875,0.19831638018129788,0.1414367389741413,0.0709530072060651,-0.0295826876310953,-0.10065114788600565,0.30624858970208885,0.2940473077900681,0.2801414709440164,0.09154400679765545,-0.10705429032204102,0.07264493257482624,0.07833535762598899,0.07670504147087519,0.06867304325288301,-0.020303774150054212,0.09396920111050602,0.1730750438005476,0.20446887196201388,0.36050667265053227,0.37296465611783225,-0.11778701958042469,-0.20911077365139444,-0.3073741433652102,-0.2949016109722943,-0.24055313694145508,-0.3361690206180073,-0.3305149961060292,-0.32920811679659007,-0.22346767987330635,-0.10465378161870528,-0.2769033740470551,-0.34775065183129167,-0.39516165503516965,-0.35981700350749135,-0.2542370248483936,-0.32348075916022667,-0.3533560326356002,-0.37996391173463356,-0.30904393286790893,-0.15147071375303825,0.28153900704800044,0.35946676465161703,0.42999542084591974,0.4155577833227341,0.3402936774703245,0.2728345711262627,0.32864115196622407,0.38975216954796177,0.32788878584618497,0.2451363328987725,0.26951394779272847,0.2553251259584549,0.2438357908815848,0.1580394729409273,0.08696642290609292,-0.14813427430979317,-0.16270432867857137,-0.21846543939455365,-0.04742544283971708,0.04801389862407171,0.2682435093101959,0.26791436234059346,0.29379454159190177,0.14982515515184316,0.03991535359840922,0.1501251237647338,0.15205956952483227,0.09279908140097085,0.07325914493043346,0.029636650122208986,0.13580571263449281,0.15214086816743103,0.15032458074829794,0.05345764797694119,-0.023219619921327674,0.19940458670689964,0.17656900871443737,0.15634443782089322,0.0257677363194368,-0.01693272670036874,-0.21716039339283705,-0.22640578007082127,-0.29408973159139046,-0.18038124652608978,-0.11034950475053536,0.21428188275129945,0.20689615657870047,0.22659156619974674,0.09202740200104925,0.038409523077853586,0.3122638305465082,0.3433280448662138,0.37680004834348074,0.1443419544142737,0.08818439134532055,-0.312315484592596,-0.3433271008007788,-0.3767996936526521,-0.14434101549213968,-0.08818452614733771,0.3123178197530835,0.3433278847000177,0.37679914004822396,0.14434236715285934,0.08818510548933525,-0.36132906720356084,-0.4663052908546449,-0.6491071465330482,-0.7520397894580755,-0.6698737378658455,-0.0009826171041988495,-0.1281318066974108,-0.32701351876563484,-0.519814403726025,-0.5520032335296134,0.04084270507445579,0.04954140419857309,0.05621738844300282,0.005836832295679076,0.014013415153915562,0.3789203868204756,0.4782958945027992,1.0,0.5367398522184798,0.42619358583586947,-0.3789203868204756,-0.4782958945027992,-0.9999999988481587,-0.5367400066143295,-0.4261937928518693,0.3789203868204756,0.47829571629956225,0.9999999993822262,0.5367399601463789,0.42619337377035155
VSUMP30,0.17874203001913413,0.3537769694174592,0.1655704820699721,0.14987576272908923,-0.0023277919740524603,0.09016938698653543,-0.08458456963146356,0.11347005504327025,0.10957678966796909,-0.17874115722666245,0.11137756014015004,-0.2805506686532629,-0.09566287787179906,-0.30977802544395877,-0.32785402785944134,-0.3385587970365725,-0.3619029250926052,-0.07597374109795266,-0.29984211335253314,-0.3491529446893073,-0.3721928063779485,-0.3850175888383772,-0.24464531508842607,0.2233672278809919,0.16548062301665067,0.10580845181342749,0.0541600783078706,-0.07564575795079491,0.28867242912744523,0.28202628652833084,0.2541939789465242,0.2418270682545992,-0.07012638792909541,0.07747162349024561,0.058386674579574326,0.08127986956293752,0.0649340678496963,0.009312010797221394,0.08619258469942324,0.15548514900278979,0.2102122294227683,0.2175025429831824,0.39868901820813213,-0.08886672717347882,-0.1742374830508205,-0.24519884956999957,-0.29584357842943904,-0.2521976606650976,-0.3347143718687791,-0.3227989534032363,-0.3182173788770993,-0.31505540648735814,-0.1419117232880229,-0.24564380183966766,-0.32001164292242457,-0.35630112316446805,-0.3742550270687938,-0.28798618583303626,-0.3106469298956832,-0.33969718138782284,-0.35742154450310365,-0.36817802672447564,-0.21155619303684978,0.2552680550382039,0.32787791785086184,0.38453226126479206,0.4207564134901825,0.37978518907231107,0.2542281362033102,0.3030245486557751,0.3469205257151281,0.3804298343520784,0.2770948253229631,0.24413100058354034,0.24448258384471186,0.23138242278328275,0.20260898915172224,0.10499118639406742,-0.1310932314000629,-0.14070611187120877,-0.17851118785622616,-0.2182685637948687,0.03424897976798405,0.2441654086152265,0.24899338504998572,0.2618536044447009,0.28358560467819705,0.07180930495898964,0.14423768482866334,0.1400806079910205,0.10298271169722167,0.05505118667024236,0.04645451617244103,0.12815336220450332,0.13688063572918013,0.14563174620667954,0.12058955155117039,-0.017580526900484398,0.1846754303059651,0.16513219767311413,0.13544935975516806,0.11336488141465358,-0.026646330533239167,-0.1975987005805762,-0.20582260508211236,-0.2294264415696928,-0.28195429705361985,-0.14412145710690974,0.1967505156823014,0.19028583865290494,0.18378897199689168,0.19390726985442702,0.04390399947339708,0.2914550010473498,0.3167467381469258,0.33223097603303053,0.3492530812129424,0.11769259450182734,-0.29143582066123913,-0.31674730165817605,-0.3322311192207832,-0.3492539563199193,-0.11769316958940051,0.2914415318968677,0.3167464654563913,0.3322309963670927,0.34925446596837517,0.11769283484857151,-0.3303478175821752,-0.41576609988453117,-0.523441250253003,-0.6503304362706237,-0.7116482860279985,-0.020298498239889304,-0.13924385942199335,-0.26972817844618413,-0.38908106167828316,-0.5588532516196281,0.036683722961969416,0.021566214080641483,0.02122053716793532,0.02954343890973277,0.0031980947085268703,0.328277637750414,0.40869409801348777,0.5367398522184798,1.0,0.4576181028958046,-0.328277637750414,-0.40869409801348777,-0.5367397201215139,-0.9999999977531462,-0.4576182981010711,0.328277637750414,0.40869404993782066,0.5367400607753205,0.999999996651313,0.4576183547856168
VSUMP60,0.15554960217644415,0.37640207294674743,0.14224480395274644,0.1615196293296775,0.0013713196553054108,0.11120738381267634,-0.07597422035288785,0.0981555264988575,0.09332254927072284,-0.15554796925397912,0.14209370590628573,-0.28558742581595914,-0.08462057872024958,-0.2577027248294372,-0.26609561078337085,-0.24661659806109631,-0.2124719236542532,-0.2556225353220846,-0.25342999755532325,-0.28649369953861287,-0.2916273400603186,-0.2750722636244969,-0.2657140207875474,0.2535907553987527,0.21407190020168726,0.16281223241007303,0.14122272079893416,0.06246501584933501,0.2386073598999969,0.22388613481485356,0.18104270819933277,0.13655841680312078,0.11172839962704098,0.07356224236735272,0.05565575048175589,0.07633773437359259,0.08810068553623644,0.04565479345066063,0.08348093233834675,0.14686695054515575,0.1976412473826348,0.22410837845201745,0.1895876294265598,-0.03046009214352329,-0.09363897457617641,-0.13834349427767365,-0.13673988272751636,-0.2054288313495499,-0.3333619042226536,-0.3201530130345947,-0.294743883493131,-0.27379950147022963,-0.22875074933127218,-0.19517440518572965,-0.24420668686474933,-0.26074609699309026,-0.2483692159019044,-0.25513178260356,-0.2799800279038483,-0.29852105263520823,-0.30460953269413593,-0.29964004599421434,-0.26769299609771247,0.22220109356283885,0.27662938387854874,0.3072253315793906,0.31670564396336687,0.35570228506186696,0.2174832922887041,0.25127715118490773,0.26583112905284006,0.2554460186195682,0.28472183542710044,0.2157186735934514,0.20978635135611592,0.19057464507668753,0.16280181250202289,0.11156518004308125,-0.09020193945050949,-0.09076056871375499,-0.09437033911689555,-0.09846244865643242,-0.17148100247699202,0.20137017947822342,0.1999597934047747,0.18804213240554885,0.18000667634568882,0.21482718644981763,0.12188043158603763,0.11305761540949533,0.05947031978635236,0.04219502954338829,0.055053583485448164,0.10775260683887027,0.10858872766490184,0.09020745085590379,0.07854168908948866,0.021744884902854266,0.1585234992808611,0.13626776457251283,0.10423582829952954,0.08276687671376308,0.03029706161829889,-0.16209520780686235,-0.1587256027496916,-0.15347537887739288,-0.15427856809373905,-0.2444278642802767,0.16489012565235356,0.151685545790957,0.13036117133970088,0.11586864175313585,0.12250830331591082,0.24170641405463458,0.25634629814478604,0.23388990560759093,0.20840265404431005,0.26248489727758073,-0.24166408527584113,-0.25634669940760796,-0.23388943508864568,-0.2084028260796776,-0.2624854373434706,0.24167072902613798,0.2563456485049761,0.23388887803030906,0.20840279699792255,0.262485271445803,-0.3074948600373018,-0.3793930401593075,-0.4656796963347749,-0.5232878265548992,-0.6746649272508879,-0.028658798483540752,-0.14872664504845648,-0.3019942923984453,-0.3850366580274941,-0.49339604264976317,0.011133872741297896,3.1237163408406673e-06,-0.02783857512110048,-0.04145607243924839,-0.010317679961258748,0.2904467571637903,0.3470033819745344,0.42619358583586947,0.4576181028958046,1.0,-0.2904467571637903,-0.3470033819745344,-0.4261936173501533,-0.45761792140282426,-0.9999999983809943,0.2904467571637903,0.3470033680932677,0.4261935868346299,0.45761795141106615,0.9999999989321063
VSUMN5,-0.20606001836495763,-0.3035964614093137,-0.19529036424976146,-0.11159817140273809,0.022422905818334355,-0.036804050093951095,0.11012453333948703,-0.14037026979151987,-0.1380156120667213,0.20605947229033236,-0.053667661585214244,0.2626856262530479,0.11103328709724189,0.4420387604948738,0.1300773701927188,0.04537027869164187,0.012516054516911455,0.008053443227669639,0.40421679317574544,0.33164804875153164,0.17137554157690962,0.11464258372213244,0.055936439419340095,-0.17831912804101596,0.04036548945461415,0.07635857610099828,0.0666736933179935,0.06288477582773272,-0.3945572267328712,-0.11037639186938483,0.06784937883004015,0.0850870682604457,0.07294727938025478,-0.11620343292947115,-0.02563079974028469,0.02312643349616921,0.01742334273747919,0.036254883151727764,-0.0886824082980641,-0.39329204500197945,-0.3851188429659994,-0.29689378134950556,-0.1555049924165371,0.2540045579016662,0.31281834266158426,0.22465419586109076,0.18237905416139338,0.13642946018783333,0.35186767646140127,0.19422813265594843,0.1109373984383354,0.08319697372322482,0.03735096446315251,0.3718050774070784,0.39466024612644196,0.2524281974819821,0.17264078499161764,0.08407863806832135,0.38373312454404107,0.2673744846361861,0.14152438585897753,0.09842677231828091,0.04479464338666843,-0.368550629346363,-0.3738063109497569,-0.2770966145587417,-0.2364828030436348,-0.17781379500086672,-0.36614893724755876,-0.3111928225971078,-0.20774562807967853,-0.17203882216748986,-0.12195920274765842,-0.3696695489114474,-0.1863524662170042,-0.07713403101383924,-0.04512207298321041,-0.00963761866659505,0.18872380533993968,0.0018631627724441133,-0.03172813160588426,-0.03993402927349015,-0.036248697115753126,-0.3615930934363793,-0.1253704829999645,-0.025897327106060616,-0.002913350309094859,0.024661055701791813,-0.17169835069715186,-0.07867631172913127,-0.0325927882799568,-0.020658708581881617,0.007000444866201037,-0.16761671374401946,-0.022362964315822364,0.00403943144648507,0.018762166237011844,0.018846920067307982,-0.27160708052234894,-0.07228800143058153,-0.02808969485138031,-0.014358122861962365,-0.0007427077694081403,0.32499045906051083,0.14003553849631484,0.07723992547168404,0.05446714418218522,0.03438201123075744,-0.30312366220727344,-0.10452450929983927,-0.05216943839779389,-0.03628158735425866,-0.0190855585512827,-0.422670734399672,-0.13012678262748542,-0.05414706855924521,-0.02664647624114597,-0.02042549971919122,0.42272879082063664,0.1301276379693979,0.0541470021271773,0.026646405510736437,0.020426471190758223,-0.42273010332441513,-0.13012773061075394,-0.05414667714340767,-0.02664695781784538,-0.020426731140045434,0.5897240199847813,0.7401679707074957,0.6219911645223156,0.5595116511140448,0.4768737962234265,0.06693144070981571,0.42871804765646987,0.48537757226152717,0.47804517135944014,0.4421804197750275,-0.07684946984986112,-0.0024765372165574057,0.006463784525949781,0.010348435256063495,-0.0002289499880770989,-1.0,-0.4831901040935435,-0.3789203868204756,-0.328277637750414,-0.2904467571637903,1.0,0.4831901040935435,0.3789203163734307,0.32827786116019203,0.29044673501338253,-1.0,-0.48319015659685255,-0.3789204371803163,-0.328277853748384,-0.29044697840230577
VSUMN10,-0.1998232946862181,-0.32401364565136326,-0.1849146957715936,-0.13759395377702716,0.005498368113129601,-0.07318433871593454,0.08645189742797994,-0.1300536582551208,-0.1312307229650729,0.19982770342395148,-0.07870202165833354,0.27810016152768474,0.10657147418314321,0.3669973583305227,0.41915483687970057,0.10242348425111462,0.042814127372536065,0.017375111251596305,0.361389418239365,0.4222931975091729,0.2992054616310745,0.202365059305563,0.10143889866968472,-0.17783292698411485,-0.1013221598392497,0.0694651587972465,0.0872365058828696,0.09697118132980437,-0.344312811411722,-0.33904961238095194,-0.033672638496987484,0.0772683581586109,0.10859739437033623,-0.10753386599943347,-0.06849576896899486,-0.016498268451110576,0.010255676349014186,0.045797039898051985,-0.10438794574401836,-0.17393395037814902,-0.4228621309479454,-0.418139071139944,-0.2605451839478514,0.18011490203249259,0.30271834828774163,0.2981924140802226,0.24433939822897002,0.19095490350417374,0.34879087745358184,0.3435324841640785,0.18361507391548487,0.1336239793126079,0.05908640540616003,0.32340601004545944,0.40959185501886713,0.3582594386422659,0.2794825188169954,0.1656737557135265,0.35387196749762145,0.39396660426521074,0.25006418787683726,0.17773825200160528,0.07553019796894092,-0.31915686583402986,-0.42009065847499005,-0.37962745060313946,-0.33261277208044293,-0.2541903704932268,-0.3158509090489245,-0.3967734371415197,-0.29815684298244244,-0.2411358170528668,-0.17610438739077125,-0.3017029773176906,-0.2983253293241422,-0.1517565297295064,-0.08671407566269794,-0.030655401098131967,0.16435362599517375,0.19561720017827272,0.003382338528656165,-0.026920432303149243,-0.05354024778391416,-0.300144195460942,-0.3204882052564473,-0.1001383668419858,-0.044063885136525975,0.014105785298186927,-0.1604508369782662,-0.14761081859409103,-0.08699118568130933,-0.05674719678099608,-0.004796303006259055,-0.1455644391537226,-0.16254337961358065,-0.03791072428476134,-0.004275558639781585,0.017666587735840705,-0.22167570878841747,-0.21708747787931038,-0.037273595326501194,-0.012178585824648924,0.009054456857549053,0.2513261474913427,0.3041083097802572,0.1350744246525962,0.09476975175077437,0.06083205914355967,-0.24234533140695327,-0.2645957716459496,-0.08278117005628804,-0.05231317135693323,-0.02287391673849459,-0.35088117965736243,-0.40687662297584404,-0.11297216707398194,-0.05997606044399998,-0.03734177302362442,0.3509320256890159,0.4068776861247533,0.1129725078021775,0.05997487193951349,0.03734217506614623,-0.35093399789205704,-0.40687807841029044,-0.11297138645474245,-0.059975565997764727,-0.03734284281260987,0.44198540339398784,0.6303456002729079,0.7337597250444676,0.6732674583946453,0.5724948301785674,0.004315669169801896,0.20493009741813903,0.5020080628937326,0.5261290460479255,0.5059326172102686,-0.06318682560826988,-0.07774884675374531,-0.012724106069401948,0.0012638589400644337,-0.010078449376985902,-0.4831901040935435,-1.0,-0.4782958945027992,-0.40869409801348777,-0.3470033819745344,0.4831901040935435,1.0,0.4782959103653804,0.40869380906662395,0.3470033295160399,-0.4831901040935435,-0.9999999995111972,-0.47829570142954636,-0.4086936834441983,-0.3470035183276557
VSUMN20,-0.18673017750255072,-0.3432820598880183,-0.17642904893557323,-0.15057122994520108,-0.00026446471618368783,-0.08128298617816027,0.0871665150539357,-0.11772996210853223,-0.1210661343082973,0.18673155889104306,-0.10154523532034809,0.2828308009226712,0.09912234328327302,0.33216824728979855,0.347238394118262,0.3885564559947319,0.12738769842276554,0.06181407903334674,0.3213946297120469,0.37071273935636384,0.4024416740468549,0.33596988982048537,0.18292723560316032,-0.1983162550962959,-0.14143682485301454,-0.07095290495514629,0.02958300109397444,0.10065137017090293,-0.30624886203244883,-0.2940475085945167,-0.2801416492233139,-0.09154400034664073,0.10705455751030883,-0.07264467312624638,-0.0783357164838383,-0.07670499154124114,-0.06867271455193853,0.02030406548891834,-0.0939688266164183,-0.1730750233247246,-0.20446888532430976,-0.360506714592057,-0.37296491640242535,0.11778713923865732,0.20911089741813543,0.3073742576879564,0.29490185680448994,0.240553176764435,0.3361688610804274,0.3305149842979753,0.3292080516708092,0.22346766039857233,0.10465370846522287,0.27690346193431126,0.3477507254999387,0.3951618352925925,0.35981719802418777,0.2542370455586199,0.32348063344941264,0.3533561910026296,0.3799640586692556,0.3090439342682023,0.15147061789165597,-0.2815390073957233,-0.35946691225764277,-0.4299955404883506,-0.41555777409073863,-0.34029359618059285,-0.27283456818540147,-0.3286412268219882,-0.38975212287712835,-0.3278888188220988,-0.24513627321657452,-0.26951413211969066,-0.2553251260902848,-0.2438358985370319,-0.15803938735032314,-0.08696628158664224,0.1481343886023763,0.16270432881662067,0.21846524976447695,0.04742544318550426,-0.048014071507733666,-0.268243709773101,-0.26791436249953776,-0.29379442899797,-0.14982506600423603,-0.03991519661912448,-0.15012522312672436,-0.15205959997927493,-0.09279887539427933,-0.07325880158770226,-0.029636540886435855,-0.13580578640636112,-0.15214082725157096,-0.15032440776033051,-0.05345736385153994,0.023220057008679514,-0.19940488284389027,-0.17656915186937566,-0.15634430074918979,-0.02576764651116325,0.01693276388898303,0.21716069646759095,0.22640602471827664,0.29408971881077434,0.18038120232843377,0.11034937204802621,-0.21428219070628665,-0.20689635312980015,-0.2265914801786082,-0.09202732940318241,-0.03840939526819136,-0.3122638985122902,-0.34332807278810573,-0.376799935179264,-0.1443419469425099,-0.0881843878256023,0.3123155525583817,0.3433271287227796,0.37679958048843537,0.14434100802038846,0.08818452262763654,-0.3123178877188676,-0.3433279126219614,-0.37679902688400724,-0.14434235968110815,-0.08818510196963407,0.3613289658597923,0.4663053324875418,0.6491073594994285,0.7520400169789533,0.6698738535120397,0.0009826065737664092,0.1281319351428927,0.32701377393043335,0.5198147461516294,0.5520034310387592,-0.040842464038108234,-0.04954130956478295,-0.056217248468378056,-0.005836564915396642,-0.014013199421039685,-0.3789203163734307,-0.4782959103653804,-0.9999999988481587,-0.5367397201215139,-0.4261936173501533,0.3789203163734307,0.4782959103653804,1.0,0.5367398745173637,0.42619382436615316,-0.3789203163734307,-0.47829573216214344,-0.9999999982303849,-0.536739828049413,-0.4261934052846355
VSUMN30,-0.1787418482729671,-0.3537767274927735,-0.16557032523699156,-0.1498756541716074,0.0023279440620354017,-0.09016913583794804,0.08458447379615781,-0.11347006220668567,-0.10957676301804188,0.17874097548043497,-0.11137760088493834,0.2805503765020165,0.0956627421981485,0.30977780916631,0.32785367336709115,0.3385585679843271,0.3619026535694512,0.07597380376058567,0.29984176371682014,0.3491525625957029,0.3721923293794268,0.3850173288144153,0.24464504873050544,-0.22336708200653682,-0.16548052769515934,-0.10580821510007649,-0.0541599822313641,0.07564582679352486,-0.2886722115169955,-0.2820258352185749,-0.25419380903449046,-0.24182695306294544,0.07012644822649543,-0.07747142957993823,-0.05838679935434869,-0.08127952457700136,-0.06493377056595998,-0.009311923667702796,-0.08619234201511596,-0.15548497069263326,-0.2102120596943641,-0.2175023782421015,-0.39868855495129096,0.08886665006565796,0.17423730420781341,0.24519857001064055,0.29584327687735795,0.2521974716628507,0.33471396088256733,0.3227983631325276,0.31821702647861677,0.3150550303748655,0.141911345413839,0.24564360917276382,0.3200113907611107,0.35630081626042226,0.374254719585118,0.2879857565103451,0.3106464553428659,0.33969647077001724,0.3574212160762259,0.36817774207057596,0.21155586807498553,-0.25526788647355864,-0.32787728079150075,-0.3845318360287431,-0.4207560397667408,-0.3797846350683845,-0.2542279737264939,-0.303024067593297,-0.3469201271677705,-0.3804293267564433,-0.2770943364565002,-0.2441308595960703,-0.24448213718947964,-0.23138198499480622,-0.20260878844427124,-0.1049910714630411,0.1310933674105662,0.1407058906398668,0.1785110070347568,0.21826848412114908,-0.034248954672658,-0.2441654634395737,-0.2489929200419586,-0.26185314681145394,-0.2835852018028977,-0.0718092824087255,-0.1442379608439457,-0.1400808733763118,-0.10298300047899382,-0.05505167010343556,-0.04645508206644815,-0.1281535577744501,-0.13688078071311213,-0.14563183374176863,-0.12058984875994254,0.017580036434934408,-0.18467508635948268,-0.16513163422397642,-0.13544867554968146,-0.1133643820886182,0.026646536283831835,0.19759834752856947,0.20582203353550801,0.22942588088689442,0.2819538328780763,0.14412148113975343,-0.19675015667000031,-0.19028526577306518,-0.18378831847999977,-0.19390674942487557,-0.04390383229114098,-0.29145489380508277,-0.3167463359225422,-0.3322306518275736,-0.34925273634617054,-0.11769237411982365,0.2914357134189721,0.3167468994337752,0.3322307950153065,0.34925361091069007,0.11769294920737483,-0.2914414246546007,-0.31674606323202564,-0.33223067216163576,-0.34925412055917154,-0.11769261446656781,0.33034756664499704,0.4157658743715897,0.5234408827801472,0.6503302295082023,0.7116480608528922,0.02029863588057102,0.13924378600507073,0.26972791800140733,0.38908069170842313,0.5588527859831572,-0.03668373665274962,-0.021566234933459827,-0.021220543780337053,-0.029543889217111454,-0.0031984059229748694,-0.32827786116019203,-0.40869380906662395,-0.5367400066143295,-0.9999999977531462,-0.45761792140282426,0.32827786116019203,0.40869380906662395,0.5367398745173637,1.0,0.45761811660809076,-0.32827786116019203,-0.40869376099095683,-0.5367402151711704,-0.9999999988981667,-0.45761817329263643
VSUMN60,-0.15554956786014226,-0.3764016263175102,-0.14224489610717891,-0.16151925808653358,-0.0013710874094921067,-0.11120723714830684,0.07597417942245249,-0.09815565415122682,-0.09332278456096492,0.1555479349376616,-0.1420933196336151,0.2855872655564624,0.08462069428479493,0.25770297158981387,0.26609556357354164,0.2466165745291512,0.2124720620742683,0.255622191890255,0.25343010761695334,0.2864938758287528,0.2916274027824978,0.2750723512491066,0.26571388164298754,-0.25359048491510006,-0.21407165927231162,-0.1628120957544627,-0.14122261780999723,-0.062464621288085456,-0.2386075217404558,-0.22388631425459746,-0.1810427313936839,-0.13655855220302307,-0.11172800509154102,-0.07356218552033615,-0.05565580772269241,-0.0763379066191989,-0.08810043287731399,-0.04565433831302713,-0.08348088739027901,-0.1468670085539542,-0.19764139470887374,-0.22410838699299296,-0.18958779596957903,0.030460353145946188,0.09363913684113473,0.1383436197085876,0.13674001864830665,0.20542889689301277,0.3333617839158806,0.3201529076922589,0.2947439055153977,0.27379957703521907,0.22875041391570555,0.19517458553798114,0.24420690108531828,0.2607461682130087,0.24836927665229075,0.25513180957198384,0.27998010457373185,0.2985211912226611,0.3046096073025268,0.2996402104898877,0.2676926343641831,-0.2222013164804558,-0.2766296262235245,-0.3072253974518592,-0.3167057832736907,-0.35570228384198327,-0.21748344495671573,-0.25127729043875235,-0.2658312595467424,-0.25544618640553757,-0.28472168991608693,-0.21571867179909102,-0.20978662349706534,-0.19057473194562322,-0.1628018399600733,-0.1115651993617375,0.09020207607175637,0.09076087335075936,0.09437053602779183,0.09846273311664232,0.1714808416915297,-0.2013702935709854,-0.19996010563497096,-0.18804226569342192,-0.1800068594904982,-0.21482711430460907,-0.12188059071622524,-0.11305738339476411,-0.0594702653069823,-0.04219475867858484,-0.05505366859021392,-0.10775254932115992,-0.10858856318203898,-0.09020707489780405,-0.07854112363555721,-0.02174444362546658,-0.15852360080259778,-0.13626780653003806,-0.10423591631302447,-0.08276681273934051,-0.030296938265481008,0.16209530753151832,0.15872566119121542,0.153475498835868,0.15427869280378784,0.2444278966083218,-0.1648902273934305,-0.15168558825065204,-0.1303612756329157,-0.11586873054898465,-0.12250829592613338,-0.24170659502977007,-0.2563462829003035,-0.2338900702471182,-0.20840270753055773,-0.2624846938503833,0.24166426625097664,0.2563466841631315,0.23388959972817294,0.2084028795659253,0.26248523391627315,-0.24167091000127341,-0.25634563326049353,-0.23388904266983637,-0.20840285048417026,-0.26248506801860555,0.3074948140452507,0.37939313670404606,0.4656798948522096,0.5232881498381035,0.6746651726672056,0.028658748472045987,0.14872687428709894,0.30199439992772836,0.3850369279358633,0.49339630619116215,-0.011133837327402845,-2.7575447485217113e-06,0.02783875015921597,0.04145624481236538,0.010317886745800338,-0.29044673501338253,-0.3470033295160399,-0.4261937928518693,-0.4576182981010711,-0.9999999983809943,0.29044673501338253,0.3470033295160399,0.42619382436615316,0.45761811660809076,1.0,-0.29044673501338253,-0.34700331563477327,-0.4261937938506297,-0.4576181466163326,-0.9999999983753639
VSUMD5,0.20606001836495763,0.3035964614093137,0.19529036424976146,0.11159817140273809,-0.022422905818334355,0.036804050093951095,-0.11012453333948703,0.14037026979151987,0.1380156120667213,-0.20605947229033236,0.053667661585214244,-0.2626856262530479,-0.11103328709724189,-0.4420387604948738,-0.1300773701927188,-0.04537027869164187,-0.012516054516911455,-0.008053443227669639,-0.40421679317574544,-0.33164804875153164,-0.17137554157690962,-0.11464258372213244,-0.055936439419340095,0.17831912804101596,-0.04036548945461415,-0.07635857610099828,-0.0666736933179935,-0.06288477582773272,0.3945572267328712,0.11037639186938483,-0.06784937883004015,-0.0850870682604457,-0.07294727938025478,0.11620343292947115,0.02563079974028469,-0.02312643349616921,-0.01742334273747919,-0.036254883151727764,0.0886824082980641,0.39329204500197945,0.3851188429659994,0.29689378134950556,0.1555049924165371,-0.2540045579016662,-0.31281834266158426,-0.22465419586109076,-0.18237905416139338,-0.13642946018783333,-0.35186767646140127,-0.19422813265594843,-0.1109373984383354,-0.08319697372322482,-0.03735096446315251,-0.3718050774070784,-0.39466024612644196,-0.2524281974819821,-0.17264078499161764,-0.08407863806832135,-0.38373312454404107,-0.2673744846361861,-0.14152438585897753,-0.09842677231828091,-0.04479464338666843,0.368550629346363,0.3738063109497569,0.2770966145587417,0.2364828030436348,0.17781379500086672,0.36614893724755876,0.3111928225971078,0.20774562807967853,0.17203882216748986,0.12195920274765842,0.3696695489114474,0.1863524662170042,0.07713403101383924,0.04512207298321041,0.00963761866659505,-0.18872380533993968,-0.0018631627724441133,0.03172813160588426,0.03993402927349015,0.036248697115753126,0.3615930934363793,0.1253704829999645,0.025897327106060616,0.002913350309094859,-0.024661055701791813,0.17169835069715186,0.07867631172913127,0.0325927882799568,0.020658708581881617,-0.007000444866201037,0.16761671374401946,0.022362964315822364,-0.00403943144648507,-0.018762166237011844,-0.018846920067307982,0.27160708052234894,0.07228800143058153,0.02808969485138031,0.014358122861962365,0.0007427077694081403,-0.32499045906051083,-0.14003553849631484,-0.07723992547168404,-0.05446714418218522,-0.03438201123075744,0.30312366220727344,0.10452450929983927,0.05216943839779389,0.03628158735425866,0.0190855585512827,0.422670734399672,0.13012678262748542,0.05414706855924521,0.02664647624114597,0.02042549971919122,-0.42272879082063664,-0.1301276379693979,-0.0541470021271773,-0.026646405510736437,-0.020426471190758223,0.42273010332441513,0.13012773061075394,0.05414667714340767,0.02664695781784538,0.020426731140045434,-0.5897240199847813,-0.7401679707074957,-0.6219911645223156,-0.5595116511140448,-0.4768737962234265,-0.06693144070981571,-0.42871804765646987,-0.48537757226152717,-0.47804517135944014,-0.4421804197750275,0.07684946984986112,0.0024765372165574057,-0.006463784525949781,-0.010348435256063495,0.0002289499880770989,1.0,0.4831901040935435,0.3789203868204756,0.328277637750414,0.2904467571637903,-1.0,-0.4831901040935435,-0.3789203163734307,-0.32827786116019203,-0.29044673501338253,1.0,0.48319015659685255,0.3789204371803163,0.328277853748384,0.29044697840230577
VSUMD10,0.19982343619225912,0.32401369335265573,0.18491483729612618,0.13759403487373015,-0.005498319159264291,0.07318417942342142,-0.08645207714222491,0.13005365903184524,0.131230703239647,-0.1998278449299925,0.07870207058313068,-0.2781001740095467,-0.10657150233601038,-0.36699745491042757,-0.4191548123652662,-0.10242343428899058,-0.04281408334903467,-0.017375171714330766,-0.3613896077659261,-0.4222932461385534,-0.2992054428403995,-0.20236501717394834,-0.10143892123715982,0.17783305395999108,0.10132211587987408,-0.06946533864047226,-0.08723659376108893,-0.09697119775148356,0.3443129902715622,0.33904960823005004,0.033672514261530735,-0.07726843039560959,-0.10859734039695307,0.10753412314230516,0.0684958169139204,0.01649804451025484,-0.01025566655803044,-0.045797048541311954,0.1043880305895089,0.1739340178878403,0.422862278340527,0.41813910409999144,0.2605451240614859,-0.18011508872183254,-0.302718439951586,-0.2981924774201998,-0.2443394029473333,-0.1909549385370878,-0.3487910727927048,-0.3435324702375878,-0.18361503666347373,-0.13362393146267995,-0.05908641336978068,-0.32340619953001054,-0.40959192710173625,-0.35825948043201566,-0.2794825078991466,-0.16567379178476463,-0.3538721736728658,-0.3939666470813612,-0.25006414858440495,-0.177738199162225,-0.07553021080536963,0.3191570698015585,0.4200907622120997,0.3796275307268312,0.33261277191747635,0.254190446712612,0.3158511367189491,0.39677349553531793,0.29815689656283406,0.24113580915034358,0.17610444014373802,0.30170308336119006,0.2983253633470406,0.15175655081159223,0.08671382614962773,0.030655439828086356,-0.16435362595015365,-0.1956172000043059,-0.0033821999452113578,0.02692047652985484,0.053540111028940796,0.30014428879835553,0.3204882334672733,0.10013833206024841,0.044063724737763245,-0.014105686150413606,0.16045068044272906,0.14761078841695863,0.08699109963165053,0.056747178083056724,0.004796363614644327,0.14556451144278207,0.1625434068548699,0.037910678395864365,0.004275472643010467,-0.017666584748882164,0.22167595091165196,0.21708747768101525,0.0372736681320686,0.012178627519562134,-0.00905443808920796,-0.2513262885504395,-0.30410828789810657,-0.13507442458517693,-0.09476975178985456,-0.06083206456351611,0.24234553161794495,0.264595757987413,0.08278120704596087,0.05231319355859135,0.022873928082467666,0.3508812992344845,0.406876616816013,0.11297212010228001,0.05997601847311392,0.03734182886813022,-0.350932145266138,-0.40687767996492213,-0.11297246083047557,-0.05997482996862406,-0.037342230910652044,0.3509341174691791,0.4068780722504593,0.11297133948304051,0.05997552402687866,0.03734289865711568,-0.4419854462215976,-0.6303456117220135,-0.7337596963336519,-0.673267402325388,-0.5724947565469657,-0.004315796317447299,-0.204930185184676,-0.5020080889845099,-0.5261290017528742,-0.5059325914926845,0.0631866886766566,0.07774869223556737,0.012724045467048466,-0.001263872678525025,0.010078377971643494,0.48319015659685255,0.9999999995111972,0.47829571629956225,0.40869404993782066,0.3470033680932677,-0.48319015659685255,-0.9999999995111972,-0.47829573216214344,-0.40869376099095683,-0.34700331563477327,0.48319015659685255,1.0,0.4782955232263094,0.4086936353685312,0.347003504446389
VSUMD20,0.1867306148119732,0.3432818634060117,0.17642948105523423,0.1505713697684385,0.0002649471714020078,0.08128291922471426,-0.08716657704061052,0.11773015261090986,0.12106614046374292,-0.18673199620059996,0.10154505449200998,-0.28283083243276014,-0.09912244298355717,-0.33216818708170204,-0.3472382473264272,-0.3885565657071317,-0.12738762654848146,-0.06181405435944585,-0.32139465812561735,-0.3707125603031142,-0.40244155403209475,-0.33596977586245885,-0.1829274374959351,0.19831634943342089,0.14143675151871077,0.07095301601074815,-0.029582639315668516,-0.10065115263394714,0.30624862539318565,0.2940472866195298,0.2801415734770532,0.09154397101813187,-0.10705426945202222,0.07264485975787142,0.07833541450895844,0.07670492032910768,0.06867308764228108,-0.02030381619219579,0.09396916148036645,0.17307509436108395,0.2044688260459255,0.36050675149269434,0.37296468701382346,-0.11778698112212435,-0.2091107771509944,-0.3073741085595472,-0.2949015799083417,-0.24055313548747018,-0.3361690203840321,-0.3305149958720541,-0.32920811658236776,-0.22346767971199322,-0.10465378155024267,-0.27690337760782346,-0.3477506454452791,-0.39516166225006233,-0.35981698853450284,-0.2542370407414824,-0.3234806941036497,-0.3533559669339236,-0.37996398693787126,-0.309043954969254,-0.1514707742022997,0.28153900698517104,0.3594667645512509,0.42999542068022245,0.415557783238761,0.3402937881934737,0.27283457089315843,0.32864115173330294,0.3897521693338976,0.3278887856833554,0.24513633281012456,0.2695142119417395,0.2553249873460993,0.24383579096566996,0.1580392812660565,0.08696654377479249,-0.14813427426546938,-0.16270432859020273,-0.21846543925021586,-0.04742544279929939,0.048013711854376355,0.26824376612146233,0.2679142275193654,0.29379454154342693,0.14982498970224614,0.039915552179087765,0.15012513138644723,0.15205961178135835,0.09279917307649928,0.07325930579423277,0.029636530226056376,0.13580591229287564,0.1521409232087128,0.1503247770077961,0.05345766062662229,-0.023219822432844126,0.1994045866475548,0.17656878958577227,0.1563442985839565,0.025767483976567977,-0.01693289274667599,-0.21716039333220713,-0.2264055651670031,-0.2940895864523639,-0.18038098260189392,-0.11034942531418154,0.21428188269346443,0.20689593467453754,0.22659141599392166,0.09202712157793645,0.03840938005946316,0.3122637364883529,0.3433279991478828,0.3768001262009361,0.14434193228496459,0.08818423319322084,-0.3123153905344407,-0.34332705508244776,-0.3767997715101075,-0.14434099336283057,-0.088184367995238,0.31231772569491595,0.3433278389816867,0.37679921790567944,0.14434234502355026,0.08818494733723554,-0.36132899528851403,-0.466305225050739,-0.649107105367783,-0.7520397556495664,-0.6698737770248591,-0.000982641907272916,-0.12813173000555195,-0.32701330114603655,-0.5198142526783326,-0.5520032480715433,0.040842733926798845,0.04954129287836835,0.05621746816387033,0.005836892049728675,0.014013342107838467,0.3789204371803163,0.47829570142954636,0.9999999993822262,0.5367400607753205,0.4261935868346299,-0.3789204371803163,-0.47829570142954636,-0.9999999982303849,-0.5367402151711704,-0.4261937938506297,0.3789204371803163,0.4782955232263094,1.0,0.5367401687032196,0.42619337476911207
VSUMD30,0.178741765962697,0.3537765993675499,0.16557016089400037,0.14987564948895443,-0.0023279258343923493,0.09016892468960659,-0.08458463491995309,0.1134699672024437,0.10957655750924622,-0.17874089317015474,0.11137766805662734,-0.28055013880696833,-0.09566250604151186,-0.30977761822290445,-0.327853562199326,-0.3385583998405243,-0.361902585569766,-0.07597358661558146,-0.2998416346248266,-0.3491523941345113,-0.37219217145136463,-0.3850171940821881,-0.24464473202775558,0.2233669339558871,0.16548052987661646,0.10580818905172928,0.05415998941051216,-0.07564567717918089,0.2886721610195124,0.2820257812894552,0.2541937079016891,0.2418269103578043,-0.07012663936943439,0.0774711984516823,0.05838660495393824,0.08127939510006331,0.06493399564431873,0.009311921421592284,0.08619206957063849,0.15548484628658016,0.2102119520903846,0.2175022958521754,0.3986885185589624,-0.0888664837409261,-0.17423709995657025,-0.2451983392892434,-0.29584309783720397,-0.25219727231238703,-0.33471387481226145,-0.32279835989060673,-0.31821697332437404,-0.31505499647075047,-0.1419112110458953,-0.24564342910370698,-0.32001119437015485,-0.35630061811536046,-0.37425454778861916,-0.28798556766915806,-0.31064638980123943,-0.33969640787951905,-0.35742107923300953,-0.3681776228928743,-0.21155563154408188,0.2552678113966154,0.32787721458558416,0.38453168458522397,0.420755929177177,0.37978442021047926,0.254227796222297,0.3030238980452726,0.34691988848963806,0.38042912908029713,0.2770941266908678,0.24413069995636508,0.24448211701812347,0.23138176644452238,0.20260862043396985,0.10499096271114765,-0.13109353329909634,-0.1407062466541507,-0.1785108312107604,-0.21826852403686686,0.034248926058207875,0.24416550066230225,0.24899309630390998,0.26185292105350955,0.28358507430037033,0.07180923479668813,0.14423808188301818,0.1400808617275381,0.1029828351704734,0.055051546068644125,0.046455118358582445,0.12815356499518768,0.13688082313614186,0.1456318093989697,0.12058980069458015,-0.017579902742557836,0.18467483951476435,0.165131429653375,0.13544860144532675,0.11336438182495633,-0.026646464505466087,-0.19759810214802634,-0.2058218249293894,-0.229425809038363,-0.28195383246991057,-0.14412151299403148,0.19674990740056456,0.19028505603527185,0.18378823952399242,0.19390674910839256,0.04390389029718453,0.29145472991933913,0.31674616613408185,0.3322305206339398,0.3492526960789233,0.1176921931061576,-0.29143554953331235,-0.3167467296453148,-0.3322306638216727,-0.34925357064340296,-0.11769276819370876,0.29144126076904464,0.3167458934435653,0.33223054096800203,0.3492540802918975,0.11769243345290173,-0.3303473091256773,-0.4157657052042873,-0.5234407514399279,-0.6503301439316,-0.7116479512562046,-0.020298467232251944,-0.13924356087004705,-0.2697277911099927,-0.3890807367713313,-0.5588527345311565,0.036683799982397645,0.021566281441086417,0.021220597367727793,0.029543882684789798,0.0031984020567073957,0.328277853748384,0.4086936834441983,0.5367399601463789,0.999999996651313,0.45761795141106615,-0.328277853748384,-0.4086936834441983,-0.536739828049413,-0.9999999988981667,-0.4576181466163326,0.328277853748384,0.4086936353685312,0.5367401687032196,1.0,0.4576182033008783
VSUMD60,0.15554978011142143,0.3764018925921961,0.14224493143538236,0.16151967780294982,0.0013714759777385226,0.11120723737408401,-0.07597430283744609,0.09815567143703068,0.09332264536217143,-0.15554814718896448,0.14209353198340519,-0.2855874414333084,-0.0846207386096851,-0.2577025313065711,-0.26609539561857337,-0.24661633216882603,-0.21247189203780442,-0.25562234174521986,-0.2534299981684601,-0.28649358447086576,-0.2916270803958814,-0.27507205397795087,-0.2657138207052194,0.25359066376330286,0.2140718451396041,0.1628121066858807,0.14122270390979394,0.06246491875803743,0.23860717938940457,0.2238860203551466,0.18104242095314593,0.1365583448487839,0.11172831902529247,0.07356247518865684,0.05565565133624457,0.07633782604407435,0.08810066596672601,0.04565462358148359,0.08348118609171967,0.14686703563159154,0.197641272027942,0.22410818178535552,0.18958747027624875,-0.030460181742703884,-0.09363893818181186,-0.1383433896022923,-0.1367397834332622,-0.2054287309810463,-0.3333617840986652,-0.3201529477042859,-0.2947436295501291,-0.27379941414836545,-0.22875052437127935,-0.19517444464887274,-0.24420659589274152,-0.2607458943962624,-0.24836900155723587,-0.25513155309386837,-0.27998004097279233,-0.2985209542863845,-0.30460929732924397,-0.2996399095059866,-0.2676928236778487,0.22220122112023544,0.27662945754215285,0.3072252055518482,0.31670557914728137,0.3557022219152902,0.21748326129903225,0.2512771132125371,0.2658309163082928,0.25544591696986507,0.28472158292902455,0.21571847019532783,0.20978633883091963,0.19057452208411244,0.16280170995198937,0.11156508194449878,-0.09020181286676414,-0.09076075081764157,-0.09437023899281576,-0.0984625076294463,-0.1714808273994899,0.20136998975298911,0.1999598310666831,0.18804196920035737,0.18000658714707135,0.21482708072196702,0.12188046672575441,0.11305719666196092,0.059469999739490874,0.04219475129611552,0.05505355894553061,0.10775239583416556,0.10858839684699458,0.09020709015781503,0.07854135475608955,0.021744621662355443,0.15852338451202766,0.13626750762419237,0.10423564788193121,0.0827667682039324,0.030297076057909402,-0.16209509231873703,-0.15872534282897857,-0.15347517654364518,-0.15427839385593686,-0.24442785183306326,0.1648900015744125,0.1516852811145903,0.13036096962529894,0.11586849013660551,0.12250829849231164,0.24170626325751515,0.2563461065585204,0.2338896747000027,0.2084027050883507,0.26248485810418853,-0.24166393447873627,-0.25634650782135343,-0.23388920418105746,-0.20840287712371827,-0.2624853981700784,0.2416705782290331,0.2563454569187105,0.23388864712272084,0.2084028480419632,0.26248523227241083,-0.30749510799756574,-0.37939324834106786,-0.46567977937686306,-0.5232878968099166,-0.6746650681300442,-0.02865898589140464,-0.14872697973499102,-0.3019944194528022,-0.3850367530514319,-0.493396170680709,0.011133850651774017,2.85861659063419e-06,-0.027838901280403536,-0.04145620936881631,-0.010317538798455636,0.29044697840230577,0.3470035183276557,0.42619337377035155,0.4576183547856168,0.9999999989321063,-0.29044697840230577,-0.3470035183276557,-0.4261934052846355,-0.45761817329263643,-0.9999999983753639,0.29044697840230577,0.347003504446389,0.42619337476911207,0.4576182033008783,1.0
